Code,Name,Path,Level
09800,اداره كل تصفيه و امور ورشكستگي قوه قضاييه,اداره كل تصفيه و امور ورشكستگي قوه قضاييه,1
09810,اداره تصفيه امور ورشكستگي استان تهران,اداره كل تصفيه و امور ورشكستگي قوه قضاييه > اداره تصفيه امور ورشكستگي استان تهران,2
00198,دادگستري كل استان آذربايجان شرقي,دادگستري كل استان آذربايجان شرقي,1
00705,حوزه قضايي  بخش صوفيان,دادگستري كل استان آذربايجان شرقي > حوزه قضايي  بخش صوفيان,2
43750,دادگاه عمومي و انقلاب بخش صوفيان,دادگستري كل استان آذربايجان شرقي > حوزه قضايي  بخش صوفيان > دادگاه عمومي و انقلاب بخش صوفيان,3
65290,شوراي حل اختلاف بخش صوفيان,دادگستري كل استان آذربايجان شرقي > حوزه قضايي  بخش صوفيان > شوراي حل اختلاف بخش صوفيان,3
65370,حوزه قضايي بخش آبش احمد,دادگستري كل استان آذربايجان شرقي > حوزه قضايي بخش آبش احمد,2
65371,دادگاه عمومي و انقلاب  بخش آبش احمد,دادگستري كل استان آذربايجان شرقي > حوزه قضايي بخش آبش احمد > دادگاه عمومي و انقلاب  بخش آبش احمد,3
65440,شوراي حل اختلاف آبش احمد,دادگستري كل استان آذربايجان شرقي > حوزه قضايي بخش آبش احمد > شوراي حل اختلاف آبش احمد,3
00709,حوزه قضايي بخش ايلخچي,دادگستري كل استان آذربايجان شرقي > حوزه قضايي بخش ايلخچي,2
43950,دادگاه عمومي و انقلاب بخش ايلخچي,دادگستري كل استان آذربايجان شرقي > حوزه قضايي بخش ايلخچي > دادگاه عمومي و انقلاب بخش ايلخچي,3
65460,شوراي حل اختلاف بخش ايلخچي,دادگستري كل استان آذربايجان شرقي > حوزه قضايي بخش ايلخچي > شوراي حل اختلاف بخش ايلخچي,3
00701,حوزه قضايي بخش تسوج,دادگستري كل استان آذربايجان شرقي > حوزه قضايي بخش تسوج,2
43550,دادگاه عمومي و انقلاب بخش تسوج,دادگستري كل استان آذربايجان شرقي > حوزه قضايي بخش تسوج > دادگاه عمومي و انقلاب بخش تسوج,3
65470,شوراي حل اختلاف بخش تسوج,دادگستري كل استان آذربايجان شرقي > حوزه قضايي بخش تسوج > شوراي حل اختلاف بخش تسوج,3
00710,حوزه قضايي بخش خاروانا,دادگستري كل استان آذربايجان شرقي > حوزه قضايي بخش خاروانا,2
44000,دادگاه عمومي و انقلاب بخش خاروانا,دادگستري كل استان آذربايجان شرقي > حوزه قضايي بخش خاروانا > دادگاه عمومي و انقلاب بخش خاروانا,3
65320,شوراي حل اختلاف بخش خاروانا,دادگستري كل استان آذربايجان شرقي > حوزه قضايي بخش خاروانا > شوراي حل اختلاف بخش خاروانا,3
00703,حوزه قضايي بخش خسروشاه,دادگستري كل استان آذربايجان شرقي > حوزه قضايي بخش خسروشاه,2
43650,دادگاه عمومي و انقلاب بخش خسروشاه,دادگستري كل استان آذربايجان شرقي > حوزه قضايي بخش خسروشاه > دادگاه عمومي و انقلاب بخش خسروشاه,3
65280,شوراي حل اختلاف بخش خسروشاه,دادگستري كل استان آذربايجان شرقي > حوزه قضايي بخش خسروشاه > شوراي حل اختلاف بخش خسروشاه,3
00704,حوزه قضايي بخش خواجه,دادگستري كل استان آذربايجان شرقي > حوزه قضايي بخش خواجه,2
43700,دادگاه عمومي و انقلاب بخش خواجه,دادگستري كل استان آذربايجان شرقي > حوزه قضايي بخش خواجه > دادگاه عمومي و انقلاب بخش خواجه,3
65450,شوراي حل اختلاف خواجه,دادگستري كل استان آذربايجان شرقي > حوزه قضايي بخش خواجه > شوراي حل اختلاف خواجه,3
65380,حوزه قضايي بخش سراجو,دادگستري كل استان آذربايجان شرقي > حوزه قضايي بخش سراجو,2
65381,دادگاه عمومي و انقلاب  بخش سراجو,دادگستري كل استان آذربايجان شرقي > حوزه قضايي بخش سراجو > دادگاه عمومي و انقلاب  بخش سراجو,3
65387,شوراي حل اختلاف بخش سراجو,دادگستري كل استان آذربايجان شرقي > حوزه قضايي بخش سراجو > شوراي حل اختلاف بخش سراجو,3
00706,حوزه قضايي بخش گوگان,دادگستري كل استان آذربايجان شرقي > حوزه قضايي بخش گوگان,2
43800,دادگاه عمومي و انقلاب بخش گوگان,دادگستري كل استان آذربايجان شرقي > حوزه قضايي بخش گوگان > دادگاه عمومي و انقلاب بخش گوگان,3
65560,شوراي حل اختلاف گوگان,دادگستري كل استان آذربايجان شرقي > حوزه قضايي بخش گوگان > شوراي حل اختلاف گوگان,3
44090,حوزه قضايي بخش ممقان,دادگستري كل استان آذربايجان شرقي > حوزه قضايي بخش ممقان,2
44091,دادگاه عمومي و انقلاب بخش ممقان,دادگستري كل استان آذربايجان شرقي > حوزه قضايي بخش ممقان > دادگاه عمومي و انقلاب بخش ممقان,3
65300,شوراي حل اختلاف بخش ممقان,دادگستري كل استان آذربايجان شرقي > حوزه قضايي بخش ممقان > شوراي حل اختلاف بخش ممقان,3
00707,حوزه قضايي بخش مهربان,دادگستري كل استان آذربايجان شرقي > حوزه قضايي بخش مهربان,2
43850,دادگاه عمومي و انقلاب بخش مهربان,دادگستري كل استان آذربايجان شرقي > حوزه قضايي بخش مهربان > دادگاه عمومي و انقلاب بخش مهربان,3
65330,شوراي حل اختلاف بخش مهربان,دادگستري كل استان آذربايجان شرقي > حوزه قضايي بخش مهربان > شوراي حل اختلاف بخش مهربان,3
64085,حوزه قضايي بخش يامچي,دادگستري كل استان آذربايجان شرقي > حوزه قضايي بخش يامچي,2
64086,دادگاه عمومي و انقلاب بخش يامچي,دادگستري كل استان آذربايجان شرقي > حوزه قضايي بخش يامچي > دادگاه عمومي و انقلاب بخش يامچي,3
65400,شوراي حل اختلاف يامچي,دادگستري كل استان آذربايجان شرقي > حوزه قضايي بخش يامچي > شوراي حل اختلاف يامچي,3
00078,حوزه قضايي شهرستان آذرشهر,دادگستري كل استان آذربايجان شرقي > حوزه قضايي شهرستان آذرشهر,2
42750,دادسراي عمومي و انقلاب شهرستان آذرشهر,دادگستري كل استان آذربايجان شرقي > حوزه قضايي شهرستان آذرشهر > دادسراي عمومي و انقلاب شهرستان آذرشهر,3
00350,دادگاه عمومي و انقلاب شهرستان آذرشهر,دادگستري كل استان آذربايجان شرقي > حوزه قضايي شهرستان آذرشهر > دادگاه عمومي و انقلاب شهرستان آذرشهر,3
42770,شوراي حل اختلاف شهرستان آذرشهر,دادگستري كل استان آذربايجان شرقي > حوزه قضايي شهرستان آذرشهر > شوراي حل اختلاف شهرستان آذرشهر,3
00100,حوزه قضايي شهرستان اسكو,دادگستري كل استان آذربايجان شرقي > حوزه قضايي شهرستان اسكو,2
42800,دادسراي عمومي و انقلاب شهرستان اسكو,دادگستري كل استان آذربايجان شرقي > حوزه قضايي شهرستان اسكو > دادسراي عمومي و انقلاب شهرستان اسكو,3
00367,دادگاه عمومي و انقلاب شهرستان اسكو,دادگستري كل استان آذربايجان شرقي > حوزه قضايي شهرستان اسكو > دادگاه عمومي و انقلاب شهرستان اسكو,3
65060,شوراي حل اختلاف شهرستان اسكو,دادگستري كل استان آذربايجان شرقي > حوزه قضايي شهرستان اسكو > شوراي حل اختلاف شهرستان اسكو,3
00090,حوزه قضايي شهرستان اهر,دادگستري كل استان آذربايجان شرقي > حوزه قضايي شهرستان اهر,2
42700,دادسراي عمومي و انقلاب شهرستان اهر,دادگستري كل استان آذربايجان شرقي > حوزه قضايي شهرستان اهر > دادسراي عمومي و انقلاب شهرستان اهر,3
00352,دادگاه عمومي و انقلاب شهرستان اهر,دادگستري كل استان آذربايجان شرقي > حوزه قضايي شهرستان اهر > دادگاه عمومي و انقلاب شهرستان اهر,3
45980,شوراي حل اختلاف شهرستان اهر,دادگستري كل استان آذربايجان شرقي > حوزه قضايي شهرستان اهر > شوراي حل اختلاف شهرستان اهر,3
00098,حوزه قضايي شهرستان بستان آباد,دادگستري كل استان آذربايجان شرقي > حوزه قضايي شهرستان بستان آباد,2
42850,دادسراي عمومي و انقلاب شهرستان بستان آباد,دادگستري كل استان آذربايجان شرقي > حوزه قضايي شهرستان بستان آباد > دادسراي عمومي و انقلاب شهرستان بستان آباد,3
00365,دادگاه عمومي و انقلاب شهرستان بستان آباد,دادگستري كل استان آذربايجان شرقي > حوزه قضايي شهرستان بستان آباد > دادگاه عمومي و انقلاب شهرستان بستان آباد,3
65430,شوراي حل اختلاف شهرستان بستان آباد,دادگستري كل استان آذربايجان شرقي > حوزه قضايي شهرستان بستان آباد > شوراي حل اختلاف شهرستان بستان آباد,3
00097,حوزه قضايي شهرستان بناب,دادگستري كل استان آذربايجان شرقي > حوزه قضايي شهرستان بناب,2
42900,دادسراي عمومي و انقلاب شهرستان بناب,دادگستري كل استان آذربايجان شرقي > حوزه قضايي شهرستان بناب > دادسراي عمومي و انقلاب شهرستان بناب,3
00363,دادگاه عمومي و انقلاب شهرستان بناب,دادگستري كل استان آذربايجان شرقي > حوزه قضايي شهرستان بناب > دادگاه عمومي و انقلاب شهرستان بناب,3
65130,شوراي حل اختلاف شهرستان بناب,دادگستري كل استان آذربايجان شرقي > حوزه قضايي شهرستان بناب > شوراي حل اختلاف شهرستان بناب,3
00085,حوزه قضايي شهرستان تبريز,دادگستري كل استان آذربايجان شرقي > حوزه قضايي شهرستان تبريز,2
41155,دادسراي عمومي و انقلاب شهرستان تبريز,دادگستري كل استان آذربايجان شرقي > حوزه قضايي شهرستان تبريز > دادسراي عمومي و انقلاب شهرستان تبريز,3
41174,مجتمع قضايي شهيد بهشتي تبريز (شعب دادسرا),دادگستري كل استان آذربايجان شرقي > حوزه قضايي شهرستان تبريز > دادسراي عمومي و انقلاب شهرستان تبريز > مجتمع قضايي شهيد بهشتي تبريز (شعب دادسرا),4
41156,مجتمع قضايي شهيد قاضي طباطبايي تبريز(شعب دادسرا),دادگستري كل استان آذربايجان شرقي > حوزه قضايي شهرستان تبريز > دادسراي عمومي و انقلاب شهرستان تبريز > مجتمع قضايي شهيد قاضي طباطبايي تبريز(شعب دادسرا),4
65020,مجتمع قضايي شهيد مدني شهرستان تبريز (شعب دادسرا),دادگستري كل استان آذربايجان شرقي > حوزه قضايي شهرستان تبريز > دادسراي عمومي و انقلاب شهرستان تبريز > مجتمع قضايي شهيد مدني شهرستان تبريز (شعب دادسرا),4
00193,دادگاه عمومي و انقلاب شهرستان تبريز,دادگستري كل استان آذربايجان شرقي > حوزه قضايي شهرستان تبريز > دادگاه عمومي و انقلاب شهرستان تبريز,3
41240,مجتمع دادگاههاي انقلاب اسلامي تبريز,دادگستري كل استان آذربايجان شرقي > حوزه قضايي شهرستان تبريز > دادگاه عمومي و انقلاب شهرستان تبريز > مجتمع دادگاههاي انقلاب اسلامي تبريز,4
41710,مجتمع قضايي امام خميني(ره) شهرستان تبريز (شعب دادگاههاي صلح),دادگستري كل استان آذربايجان شرقي > حوزه قضايي شهرستان تبريز > دادگاه عمومي و انقلاب شهرستان تبريز > مجتمع قضايي امام خميني(ره) شهرستان تبريز (شعب دادگاههاي صلح),4
64129,مجتمع قضايي حضرت وليعصر(عج) شهرستان تبريز (شعب دادگاههاي صلح),دادگستري كل استان آذربايجان شرقي > حوزه قضايي شهرستان تبريز > دادگاه عمومي و انقلاب شهرستان تبريز > مجتمع قضايي حضرت وليعصر(عج) شهرستان تبريز (شعب دادگاههاي صلح),4
41122,مجتمع قضايي خانواده شهرستان تبريز,دادگستري كل استان آذربايجان شرقي > حوزه قضايي شهرستان تبريز > دادگاه عمومي و انقلاب شهرستان تبريز > مجتمع قضايي خانواده شهرستان تبريز,4
41800,مجتمع قضايي شهيد بهشتي تبريز (شعب دادگاههاي حقوقي),دادگستري كل استان آذربايجان شرقي > حوزه قضايي شهرستان تبريز > دادگاه عمومي و انقلاب شهرستان تبريز > مجتمع قضايي شهيد بهشتي تبريز (شعب دادگاههاي حقوقي),4
41173,مجتمع قضايي شهيد قاضي طباطبايي تبريز(شعب دادگاههاي كيفري 2),دادگستري كل استان آذربايجان شرقي > حوزه قضايي شهرستان تبريز > دادگاه عمومي و انقلاب شهرستان تبريز > مجتمع قضايي شهيد قاضي طباطبايي تبريز(شعب دادگاههاي كيفري 2),4
64062,مجتمع قضايي شهيد قدوسي تبريز (شعب دادگاههاي صلح),دادگستري كل استان آذربايجان شرقي > حوزه قضايي شهرستان تبريز > دادگاه عمومي و انقلاب شهرستان تبريز > مجتمع قضايي شهيد قدوسي تبريز (شعب دادگاههاي صلح),4
65010,مجتمع قضايي شهيد مدني شهرستان تبريز (شعب دادگاههاي كيفري 2),دادگستري كل استان آذربايجان شرقي > حوزه قضايي شهرستان تبريز > دادگاه عمومي و انقلاب شهرستان تبريز > مجتمع قضايي شهيد مدني شهرستان تبريز (شعب دادگاههاي كيفري 2),4
41100,مجتمع مركزي دادگستري كل استان آذربايجان شرقي(شعب دادگاه),دادگستري كل استان آذربايجان شرقي > حوزه قضايي شهرستان تبريز > دادگاه عمومي و انقلاب شهرستان تبريز > مجتمع مركزي دادگستري كل استان آذربايجان شرقي(شعب دادگاه),4
45600,شوراي حل اختلاف شهرستان تبريز,دادگستري كل استان آذربايجان شرقي > حوزه قضايي شهرستان تبريز > شوراي حل اختلاف شهرستان تبريز,3
65354,مجتمع توسعه حل اختلاف علامه اميني تبريز,دادگستري كل استان آذربايجان شرقي > حوزه قضايي شهرستان تبريز > شوراي حل اختلاف شهرستان تبريز > مجتمع توسعه حل اختلاف علامه اميني تبريز,4
45612,مجتمع زندان مركزي شهرستان تبريز(شعب شوراي حل اختلاف),دادگستري كل استان آذربايجان شرقي > حوزه قضايي شهرستان تبريز > شوراي حل اختلاف شهرستان تبريز > مجتمع زندان مركزي شهرستان تبريز(شعب شوراي حل اختلاف),4
45602,مجتمع شوراهاي حل اختلاف امام خميني (ره) شهرستان تبريز,دادگستري كل استان آذربايجان شرقي > حوزه قضايي شهرستان تبريز > شوراي حل اختلاف شهرستان تبريز > مجتمع شوراهاي حل اختلاف امام خميني (ره) شهرستان تبريز,4
45618,مجتمع شوراهاي حل اختلاف خانواده شهرستان تبريز,دادگستري كل استان آذربايجان شرقي > حوزه قضايي شهرستان تبريز > شوراي حل اختلاف شهرستان تبريز > مجتمع شوراهاي حل اختلاف خانواده شهرستان تبريز,4
45610,مجتمع شوراي حل اختلاف ايثارگران شهرستان تبريز,دادگستري كل استان آذربايجان شرقي > حوزه قضايي شهرستان تبريز > شوراي حل اختلاف شهرستان تبريز > مجتمع شوراي حل اختلاف ايثارگران شهرستان تبريز,4
45922,مجتمع شوراي حل اختلاف حضرت وليعصر(عج) شهرستان تبريز,دادگستري كل استان آذربايجان شرقي > حوزه قضايي شهرستان تبريز > شوراي حل اختلاف شهرستان تبريز > مجتمع شوراي حل اختلاف حضرت وليعصر(عج) شهرستان تبريز,4
45601,مجتمع شوراي حل اختلاف شهيد بهشتي شهرستان تبريز,دادگستري كل استان آذربايجان شرقي > حوزه قضايي شهرستان تبريز > شوراي حل اختلاف شهرستان تبريز > مجتمع شوراي حل اختلاف شهيد بهشتي شهرستان تبريز,4
64063,مجتمع شوراي حل اختلاف شهيد قدوسي شهرستان تبريز,دادگستري كل استان آذربايجان شرقي > حوزه قضايي شهرستان تبريز > شوراي حل اختلاف شهرستان تبريز > مجتمع شوراي حل اختلاف شهيد قدوسي شهرستان تبريز,4
45619,مجتمع شوراي حل اختلاف شهيد مدني شهرستان تبريز,دادگستري كل استان آذربايجان شرقي > حوزه قضايي شهرستان تبريز > شوراي حل اختلاف شهرستان تبريز > مجتمع شوراي حل اختلاف شهيد مدني شهرستان تبريز,4
45606,مجتمع قضايي شهيد قاضي طباطبائي شهرستان تبريز(شعب شوراي حل اختلاف),دادگستري كل استان آذربايجان شرقي > حوزه قضايي شهرستان تبريز > شوراي حل اختلاف شهرستان تبريز > مجتمع قضايي شهيد قاضي طباطبائي شهرستان تبريز(شعب شوراي حل اختلاف),4
41585,حوزه قضايي شهرستان تركمنچاي,دادگستري كل استان آذربايجان شرقي > حوزه قضايي شهرستان تركمنچاي,2
41586,دادگاه عمومي و انقلاب شهرستان تركمنچاي,دادگستري كل استان آذربايجان شرقي > حوزه قضايي شهرستان تركمنچاي > دادگاه عمومي و انقلاب شهرستان تركمنچاي,3
65390,شوراي حل اختلاف تركمنچاي,دادگستري كل استان آذربايجان شرقي > حوزه قضايي شهرستان تركمنچاي > شوراي حل اختلاف تركمنچاي,3
00094,حوزه قضايي شهرستان جلفا,دادگستري كل استان آذربايجان شرقي > حوزه قضايي شهرستان جلفا,2
42950,دادسراي عمومي و انقلاب شهرستان جلفا,دادگستري كل استان آذربايجان شرقي > حوزه قضايي شهرستان جلفا > دادسراي عمومي و انقلاب شهرستان جلفا,3
00358,دادگاه عمومي و انقلاب شهرستان جلفا,دادگستري كل استان آذربايجان شرقي > حوزه قضايي شهرستان جلفا > دادگاه عمومي و انقلاب شهرستان جلفا,3
42970,شوراي حل اختلاف شهرستان جلفا,دادگستري كل استان آذربايجان شرقي > حوزه قضايي شهرستان جلفا > شوراي حل اختلاف شهرستان جلفا,3
00092,حوزه قضايي شهرستان چاراويماق,دادگستري كل استان آذربايجان شرقي > حوزه قضايي شهرستان چاراويماق,2
43000,دادسراي عمومي و انقلاب شهرستان چاراويماق,دادگستري كل استان آذربايجان شرقي > حوزه قضايي شهرستان چاراويماق > دادسراي عمومي و انقلاب شهرستان چاراويماق,3
00355,دادگاه عمومي و انقلاب شهرستان چاراويماق,دادگستري كل استان آذربايجان شرقي > حوزه قضايي شهرستان چاراويماق > دادگاه عمومي و انقلاب شهرستان چاراويماق,3
65520,شوراي حل اختلاف شهرستان چاراويماق,دادگستري كل استان آذربايجان شرقي > حوزه قضايي شهرستان چاراويماق > شوراي حل اختلاف شهرستان چاراويماق,3
00702,حوزه قضايي شهرستان خداآفرين,دادگستري كل استان آذربايجان شرقي > حوزه قضايي شهرستان خداآفرين,2
43601,دادسراي عمومي و انقلاب شهرستان خداآفرين,دادگستري كل استان آذربايجان شرقي > حوزه قضايي شهرستان خداآفرين > دادسراي عمومي و انقلاب شهرستان خداآفرين,3
43600,دادگاه عمومي و انقلاب شهرستان خداآفرين,دادگستري كل استان آذربايجان شرقي > حوزه قضايي شهرستان خداآفرين > دادگاه عمومي و انقلاب شهرستان خداآفرين,3
43630,شوراي حل اختلاف خداآفرين,دادگستري كل استان آذربايجان شرقي > حوزه قضايي شهرستان خداآفرين > شوراي حل اختلاف خداآفرين,3
00088,حوزه قضايي شهرستان سراب,دادگستري كل استان آذربايجان شرقي > حوزه قضايي شهرستان سراب,2
43050,دادسراي عمومي و انقلاب شهرستان سراب,دادگستري كل استان آذربايجان شرقي > حوزه قضايي شهرستان سراب > دادسراي عمومي و انقلاب شهرستان سراب,3
00359,دادگاه عمومي و انقلاب شهرستان سراب,دادگستري كل استان آذربايجان شرقي > حوزه قضايي شهرستان سراب > دادگاه عمومي و انقلاب شهرستان سراب,3
65100,شوراي حل اختلاف شهرستان سراب (مجتمع شهيد بهشتي),دادگستري كل استان آذربايجان شرقي > حوزه قضايي شهرستان سراب > شوراي حل اختلاف شهرستان سراب (مجتمع شهيد بهشتي),3
00086,حوزه قضايي شهرستان شبستر,دادگستري كل استان آذربايجان شرقي > حوزه قضايي شهرستان شبستر,2
43100,دادسراي عمومي و انقلاب شهرستان شبستر,دادگستري كل استان آذربايجان شرقي > حوزه قضايي شهرستان شبستر > دادسراي عمومي و انقلاب شهرستان شبستر,3
00353,دادگاه عمومي و انقلاب شهرستان شبستر,دادگستري كل استان آذربايجان شرقي > حوزه قضايي شهرستان شبستر > دادگاه عمومي و انقلاب شهرستان شبستر,3
43110,شوراي حل اختلاف شهرستان شبستر,دادگستري كل استان آذربايجان شرقي > حوزه قضايي شهرستان شبستر > شوراي حل اختلاف شهرستان شبستر,3
00087,حوزه قضايي شهرستان عجب شير,دادگستري كل استان آذربايجان شرقي > حوزه قضايي شهرستان عجب شير,2
43150,دادسراي عمومي و انقلاب شهرستان عجب شير,دادگستري كل استان آذربايجان شرقي > حوزه قضايي شهرستان عجب شير > دادسراي عمومي و انقلاب شهرستان عجب شير,3
00356,دادگاه عمومي و انقلاب شهرستان عجب شير,دادگستري كل استان آذربايجان شرقي > حوزه قضايي شهرستان عجب شير > دادگاه عمومي و انقلاب شهرستان عجب شير,3
65000,شوراي حل اختلاف شهرستان عجب شير (مجتمع شهيد بهشتي),دادگستري كل استان آذربايجان شرقي > حوزه قضايي شهرستان عجب شير > شوراي حل اختلاف شهرستان عجب شير (مجتمع شهيد بهشتي),3
00091,حوزه قضايي شهرستان كليبر,دادگستري كل استان آذربايجان شرقي > حوزه قضايي شهرستان كليبر,2
43200,دادسراي عمومي و انقلاب شهرستان كليبر,دادگستري كل استان آذربايجان شرقي > حوزه قضايي شهرستان كليبر > دادسراي عمومي و انقلاب شهرستان كليبر,3
00354,دادگاه عمومي و انقلاب شهرستان كليبر,دادگستري كل استان آذربايجان شرقي > حوزه قضايي شهرستان كليبر > دادگاه عمومي و انقلاب شهرستان كليبر,3
65480,شوراي حل اختلاف شهرستان كليبر,دادگستري كل استان آذربايجان شرقي > حوزه قضايي شهرستان كليبر > شوراي حل اختلاف شهرستان كليبر,3
41420,حوزه قضايي شهرستان ليلان,دادگستري كل استان آذربايجان شرقي > حوزه قضايي شهرستان ليلان,2
41421,دادگاه عمومي و انقلاب شهرستان ليلان,دادگستري كل استان آذربايجان شرقي > حوزه قضايي شهرستان ليلان > دادگاه عمومي و انقلاب شهرستان ليلان,3
65310,شوراي حل اختلاف شهرستان ليلان,دادگستري كل استان آذربايجان شرقي > حوزه قضايي شهرستان ليلان > شوراي حل اختلاف شهرستان ليلان,3
00095,حوزه قضايي شهرستان مراغه,دادگستري كل استان آذربايجان شرقي > حوزه قضايي شهرستان مراغه,2
43250,دادسراي عمومي و انقلاب شهرستان مراغه,دادگستري كل استان آذربايجان شرقي > حوزه قضايي شهرستان مراغه > دادسراي عمومي و انقلاب شهرستان مراغه,3
00360,دادگاه عمومي و انقلاب شهرستان مراغه,دادگستري كل استان آذربايجان شرقي > حوزه قضايي شهرستان مراغه > دادگاه عمومي و انقلاب شهرستان مراغه,3
65200,شوراي حل اختلاف شهرستان مراغه,دادگستري كل استان آذربايجان شرقي > حوزه قضايي شهرستان مراغه > شوراي حل اختلاف شهرستان مراغه,3
00096,حوزه قضايي شهرستان مرند,دادگستري كل استان آذربايجان شرقي > حوزه قضايي شهرستان مرند,2
43300,دادسراي عمومي و انقلاب شهرستان مرند,دادگستري كل استان آذربايجان شرقي > حوزه قضايي شهرستان مرند > دادسراي عمومي و انقلاب شهرستان مرند,3
00362,دادگاه عمومي و انقلاب شهرستان مرند,دادگستري كل استان آذربايجان شرقي > حوزه قضايي شهرستان مرند > دادگاه عمومي و انقلاب شهرستان مرند,3
65250,شوراي حل اختلاف شهرستان مرند,دادگستري كل استان آذربايجان شرقي > حوزه قضايي شهرستان مرند > شوراي حل اختلاف شهرستان مرند,3
00089,حوزه قضايي شهرستان ملكان,دادگستري كل استان آذربايجان شرقي > حوزه قضايي شهرستان ملكان,2
43350,دادسراي عمومي و انقلاب شهرستان ملكان,دادگستري كل استان آذربايجان شرقي > حوزه قضايي شهرستان ملكان > دادسراي عمومي و انقلاب شهرستان ملكان,3
00361,دادگاه عمومي و انقلاب شهرستان ملكان,دادگستري كل استان آذربايجان شرقي > حوزه قضايي شهرستان ملكان > دادگاه عمومي و انقلاب شهرستان ملكان,3
65410,شوراي حل اختلاف شهرستان ملكان,دادگستري كل استان آذربايجان شرقي > حوزه قضايي شهرستان ملكان > شوراي حل اختلاف شهرستان ملكان,3
00077,حوزه قضايي شهرستان ميانه,دادگستري كل استان آذربايجان شرقي > حوزه قضايي شهرستان ميانه,2
43400,دادسراي عمومي و انقلاب شهرستان ميانه,دادگستري كل استان آذربايجان شرقي > حوزه قضايي شهرستان ميانه > دادسراي عمومي و انقلاب شهرستان ميانه,3
65030,مجتمع قضايي آيت الله احمدي ميانجي شهرستان ميانه - (شعب دادسرا),دادگستري كل استان آذربايجان شرقي > حوزه قضايي شهرستان ميانه > دادسراي عمومي و انقلاب شهرستان ميانه > مجتمع قضايي آيت الله احمدي ميانجي شهرستان ميانه - (شعب دادسرا),4
00151,دادگاه عمومي و انقلاب شهرستان ميانه,دادگستري كل استان آذربايجان شرقي > حوزه قضايي شهرستان ميانه > دادگاه عمومي و انقلاب شهرستان ميانه,3
65031,مجتمع قضايي آيت الله احمدي ميانجي شهرستان ميانه - (شعب دادگاه),دادگستري كل استان آذربايجان شرقي > حوزه قضايي شهرستان ميانه > دادگاه عمومي و انقلاب شهرستان ميانه > مجتمع قضايي آيت الله احمدي ميانجي شهرستان ميانه - (شعب دادگاه),4
65080,شوراي حل اختلاف شهرستان ميانه,دادگستري كل استان آذربايجان شرقي > حوزه قضايي شهرستان ميانه > شوراي حل اختلاف شهرستان ميانه,3
00093,حوزه قضايي شهرستان هريس,دادگستري كل استان آذربايجان شرقي > حوزه قضايي شهرستان هريس,2
43500,دادسراي عمومي و انقلاب شهرستان هريس,دادگستري كل استان آذربايجان شرقي > حوزه قضايي شهرستان هريس > دادسراي عمومي و انقلاب شهرستان هريس,3
00357,دادگاه عمومي و انقلاب شهرستان هريس,دادگستري كل استان آذربايجان شرقي > حوزه قضايي شهرستان هريس > دادگاه عمومي و انقلاب شهرستان هريس,3
65500,شوراي حل اختلاف شهرستان هريس,دادگستري كل استان آذربايجان شرقي > حوزه قضايي شهرستان هريس > شوراي حل اختلاف شهرستان هريس,3
00079,حوزه قضايي شهرستان هشترود,دادگستري كل استان آذربايجان شرقي > حوزه قضايي شهرستان هشترود,2
41600,دادسراي عمومي و انقلاب شهرستان هشترود,دادگستري كل استان آذربايجان شرقي > حوزه قضايي شهرستان هشترود > دادسراي عمومي و انقلاب شهرستان هشترود,3
00351,دادگاه عمومي و انقلاب شهرستان هشترود,دادگستري كل استان آذربايجان شرقي > حوزه قضايي شهرستان هشترود > دادگاه عمومي و انقلاب شهرستان هشترود,3
65490,شوراي حل اختلاف شهرستان هشترود,دادگستري كل استان آذربايجان شرقي > حوزه قضايي شهرستان هشترود > شوراي حل اختلاف شهرستان هشترود,3
00708,حوزه قضايي شهرستان هوراند,دادگستري كل استان آذربايجان شرقي > حوزه قضايي شهرستان هوراند,2
43900,دادگاه عمومي و انقلاب دادگستري شهرستان هوراند,دادگستري كل استان آذربايجان شرقي > حوزه قضايي شهرستان هوراند > دادگاه عمومي و انقلاب دادگستري شهرستان هوراند,3
65340,شوراي حل اختلاف هوراند,دادگستري كل استان آذربايجان شرقي > حوزه قضايي شهرستان هوراند > شوراي حل اختلاف هوراند,3
00700,حوزه قضايي شهرستان ورزقان,دادگستري كل استان آذربايجان شرقي > حوزه قضايي شهرستان ورزقان,2
43450,دادسراي عمومي و انقلاب شهرستان ورزقان,دادگستري كل استان آذربايجان شرقي > حوزه قضايي شهرستان ورزقان > دادسراي عمومي و انقلاب شهرستان ورزقان,3
41350,دادگاه عمومي و انقلاب شهرستان ورزقان,دادگستري كل استان آذربايجان شرقي > حوزه قضايي شهرستان ورزقان > دادگاه عمومي و انقلاب شهرستان ورزقان,3
65270,شوراي حل اختلاف شهرستان ورزقان,دادگستري كل استان آذربايجان شرقي > حوزه قضايي شهرستان ورزقان > شوراي حل اختلاف شهرستان ورزقان,3
41220,دادگاههاي تجديدنظر دادگستري كل استان آذربايجان شرقي,دادگستري كل استان آذربايجان شرقي > دادگاههاي تجديدنظر دادگستري كل استان آذربايجان شرقي,2
41238,دادگاههاي كيفري يك استان آذربايجان شرقي,دادگستري كل استان آذربايجان شرقي > دادگاههاي كيفري يك استان آذربايجان شرقي,2
00238,دادگستري كل استان آذربايجان غربي,دادگستري كل استان آذربايجان غربي,1
44230,حوزه قضايي بخش انزل,دادگستري كل استان آذربايجان غربي > حوزه قضايي بخش انزل,2
44231,دادگاه عمومي و انقلاب بخش انزل,دادگستري كل استان آذربايجان غربي > حوزه قضايي بخش انزل > دادگاه عمومي و انقلاب بخش انزل,3
44950,شوراي حل اختلاف بخش انزل,دادگستري كل استان آذربايجان غربي > حوزه قضايي بخش انزل > شوراي حل اختلاف بخش انزل,3
92400,حوزه قضايي بخش ايواوغلي,دادگستري كل استان آذربايجان غربي > حوزه قضايي بخش ايواوغلي,2
92401,دادگاه عمومي بخش ايواوغلي,دادگستري كل استان آذربايجان غربي > حوزه قضايي بخش ايواوغلي > دادگاه عمومي بخش ايواوغلي,3
92469,شوراي حل اختلاف بخش ايواوغلي,دادگستري كل استان آذربايجان غربي > حوزه قضايي بخش ايواوغلي > شوراي حل اختلاف بخش ايواوغلي,3
44412,حوزه قضايي بخش سيمينه,دادگستري كل استان آذربايجان غربي > حوزه قضايي بخش سيمينه,2
44413,دادگاه عمومي و انقلاب بخش سيمينه,دادگستري كل استان آذربايجان غربي > حوزه قضايي بخش سيمينه > دادگاه عمومي و انقلاب بخش سيمينه,3
44920,شوراي حل اختلاف بخش سيمينه,دادگستري كل استان آذربايجان غربي > حوزه قضايي بخش سيمينه > شوراي حل اختلاف بخش سيمينه,3
46470,حوزه قضايي بخش فيرورق,دادگستري كل استان آذربايجان غربي > حوزه قضايي بخش فيرورق,2
46472,دادگاه عمومي و انقلاب بخش فيرورق,دادگستري كل استان آذربايجان غربي > حوزه قضايي بخش فيرورق > دادگاه عمومي و انقلاب بخش فيرورق,3
92414,شوراي حل اختلاف بخش فيرورق,دادگستري كل استان آذربايجان غربي > حوزه قضايي بخش فيرورق > شوراي حل اختلاف بخش فيرورق,3
44540,حوزه قضايي بخش كشاورز,دادگستري كل استان آذربايجان غربي > حوزه قضايي بخش كشاورز,2
44541,دادگاه عمومي و انقلاب بخش كشاورز,دادگستري كل استان آذربايجان غربي > حوزه قضايي بخش كشاورز > دادگاه عمومي و انقلاب بخش كشاورز,3
44935,شوراي حل اختلاف بخش كشاورز,دادگستري كل استان آذربايجان غربي > حوزه قضايي بخش كشاورز > شوراي حل اختلاف بخش كشاورز,3
46150,حوزه قضايي بخش محمديار,دادگستري كل استان آذربايجان غربي > حوزه قضايي بخش محمديار,2
46151,دادگاه عمومي و انقلاب بخش محمديار,دادگستري كل استان آذربايجان غربي > حوزه قضايي بخش محمديار > دادگاه عمومي و انقلاب بخش محمديار,3
46165,شوراي حل اختلاف بخش محمديار,دادگستري كل استان آذربايجان غربي > حوزه قضايي بخش محمديار > شوراي حل اختلاف بخش محمديار,3
44450,حوزه قضايي بخش نازلو,دادگستري كل استان آذربايجان غربي > حوزه قضايي بخش نازلو,2
44451,دادگاه عمومي و انقلاب بخش نازلو,دادگستري كل استان آذربايجان غربي > حوزه قضايي بخش نازلو > دادگاه عمومي و انقلاب بخش نازلو,3
44905,شوراي حل اختلاف بخش نازلو,دادگستري كل استان آذربايجان غربي > حوزه قضايي بخش نازلو > شوراي حل اختلاف بخش نازلو,3
00882,حوزه قضايي شهرستان اروميه,دادگستري كل استان آذربايجان غربي > حوزه قضايي شهرستان اروميه,2
44150,دادسراي عمومي و انقلاب شهرستان اروميه,دادگستري كل استان آذربايجان غربي > حوزه قضايي شهرستان اروميه > دادسراي عمومي و انقلاب شهرستان اروميه,3
44149,مجتمع دادسراي عمومي و انقلاب شهرستان اروميه,دادگستري كل استان آذربايجان غربي > حوزه قضايي شهرستان اروميه > دادسراي عمومي و انقلاب شهرستان اروميه > مجتمع دادسراي عمومي و انقلاب شهرستان اروميه,4
46301,مجتمع دادگاههاي انقلاب اسلامي شهرستان اروميه (شعب دادسرا),دادگستري كل استان آذربايجان غربي > حوزه قضايي شهرستان اروميه > دادسراي عمومي و انقلاب شهرستان اروميه > مجتمع دادگاههاي انقلاب اسلامي شهرستان اروميه (شعب دادسرا),4
00607,دادگاه عمومي و انقلاب شهرستان اروميه,دادگستري كل استان آذربايجان غربي > حوزه قضايي شهرستان اروميه > دادگاه عمومي و انقلاب شهرستان اروميه,3
82740,مجتمع دادگاههاي صلح شهرستان اروميه,دادگستري كل استان آذربايجان غربي > حوزه قضايي شهرستان اروميه > دادگاه عمومي و انقلاب شهرستان اروميه > مجتمع دادگاههاي صلح شهرستان اروميه,4
44100,مجتمع دادگاههاي عمومي حقوقي شهرستان اروميه,دادگستري كل استان آذربايجان غربي > حوزه قضايي شهرستان اروميه > دادگاه عمومي و انقلاب شهرستان اروميه > مجتمع دادگاههاي عمومي حقوقي شهرستان اروميه,4
46130,مجتمع قضايي شهيد قدوسي شهرستان اروميه,دادگستري كل استان آذربايجان غربي > حوزه قضايي شهرستان اروميه > دادگاه عمومي و انقلاب شهرستان اروميه > مجتمع دادگاههاي عمومي حقوقي شهرستان اروميه > مجتمع قضايي شهيد قدوسي شهرستان اروميه,5
44120,مجتمع قضايي شماره 1 شهرستان اروميه (دادگاههاي عمومي جزايي),دادگستري كل استان آذربايجان غربي > حوزه قضايي شهرستان اروميه > دادگاه عمومي و انقلاب شهرستان اروميه > مجتمع قضايي شماره 1 شهرستان اروميه (دادگاههاي عمومي جزايي),4
44960,مجتمع قضايي شماره 2 شهرستان اروميه (دادگاههاي خانواده),دادگستري كل استان آذربايجان غربي > حوزه قضايي شهرستان اروميه > دادگاه عمومي و انقلاب شهرستان اروميه > مجتمع قضايي شماره 2 شهرستان اروميه (دادگاههاي خانواده),4
44650,شوراي حل اختلاف شهرستان اروميه,دادگستري كل استان آذربايجان غربي > حوزه قضايي شهرستان اروميه > شوراي حل اختلاف شهرستان اروميه,3
00875,حوزه قضايي شهرستان اشنويه,دادگستري كل استان آذربايجان غربي > حوزه قضايي شهرستان اشنويه,2
44200,دادسراي عمومي و انقلاب شهرستان اشنويه,دادگستري كل استان آذربايجان غربي > حوزه قضايي شهرستان اشنويه > دادسراي عمومي و انقلاب شهرستان اشنويه,3
00507,دادگاه عمومي و انقلاب شهرستان اشنويه,دادگستري كل استان آذربايجان غربي > حوزه قضايي شهرستان اشنويه > دادگاه عمومي و انقلاب شهرستان اشنويه,3
44850,شوراي حل اختلاف شهرستان اشنويه,دادگستري كل استان آذربايجان غربي > حوزه قضايي شهرستان اشنويه > شوراي حل اختلاف شهرستان اشنويه,3
00871,حوزه قضايي شهرستان بوكان,دادگستري كل استان آذربايجان غربي > حوزه قضايي شهرستان بوكان,2
44245,دادسراي عمومي و انقلاب شهرستان بوكان,دادگستري كل استان آذربايجان غربي > حوزه قضايي شهرستان بوكان > دادسراي عمومي و انقلاب شهرستان بوكان,3
00500,دادگاه عمومي و انقلاب شهرستان بوكان,دادگستري كل استان آذربايجان غربي > حوزه قضايي شهرستان بوكان > دادگاه عمومي و انقلاب شهرستان بوكان,3
44810,شوراي حل اختلاف شهرستان بوكان,دادگستري كل استان آذربايجان غربي > حوزه قضايي شهرستان بوكان > شوراي حل اختلاف شهرستان بوكان,3
44265,حوزه قضايي شهرستان پلدشت,دادگستري كل استان آذربايجان غربي > حوزه قضايي شهرستان پلدشت,2
44266,دادگاه عمومي و انقلاب شهرستان پلدشت,دادگستري كل استان آذربايجان غربي > حوزه قضايي شهرستان پلدشت > دادگاه عمومي و انقلاب شهرستان پلدشت,3
44910,شوراي حل اختلاف شهرستان پلدشت,دادگستري كل استان آذربايجان غربي > حوزه قضايي شهرستان پلدشت > شوراي حل اختلاف شهرستان پلدشت,3
00870,حوزه قضايي شهرستان پيرانشهر,دادگستري كل استان آذربايجان غربي > حوزه قضايي شهرستان پيرانشهر,2
44275,دادسراي عمومي و انقلاب شهرستان پيرانشهر,دادگستري كل استان آذربايجان غربي > حوزه قضايي شهرستان پيرانشهر > دادسراي عمومي و انقلاب شهرستان پيرانشهر,3
00499,دادگاه عمومي و انقلاب شهرستان پيرانشهر,دادگستري كل استان آذربايجان غربي > حوزه قضايي شهرستان پيرانشهر > دادگاه عمومي و انقلاب شهرستان پيرانشهر,3
44800,شوراي حل اختلاف شهرستان پيرانشهر,دادگستري كل استان آذربايجان غربي > حوزه قضايي شهرستان پيرانشهر > شوراي حل اختلاف شهرستان پيرانشهر,3
00880,حوزه قضايي شهرستان تكاب,دادگستري كل استان آذربايجان غربي > حوزه قضايي شهرستان تكاب,2
44300,دادسراي عمومي و انقلاب شهرستان تكاب,دادگستري كل استان آذربايجان غربي > حوزه قضايي شهرستان تكاب > دادسراي عمومي و انقلاب شهرستان تكاب,3
00512,دادگاه عمومي و انقلاب شهرستان تكاب,دادگستري كل استان آذربايجان غربي > حوزه قضايي شهرستان تكاب > دادگاه عمومي و انقلاب شهرستان تكاب,3
44890,شوراي حل اختلاف شهرستان تكاب,دادگستري كل استان آذربايجان غربي > حوزه قضايي شهرستان تكاب > شوراي حل اختلاف شهرستان تكاب,3
00876,حوزه قضايي شهرستان چالدران,دادگستري كل استان آذربايجان غربي > حوزه قضايي شهرستان چالدران,2
44310,دادسراي عمومي و انقلاب شهرستان چالدران,دادگستري كل استان آذربايجان غربي > حوزه قضايي شهرستان چالدران > دادسراي عمومي و انقلاب شهرستان چالدران,3
00508,دادگاه عمومي و انقلاب شهرستان چالدران,دادگستري كل استان آذربايجان غربي > حوزه قضايي شهرستان چالدران > دادگاه عمومي و انقلاب شهرستان چالدران,3
44860,شوراي حل اختلاف شهرستان چالدران,دادگستري كل استان آذربايجان غربي > حوزه قضايي شهرستان چالدران > شوراي حل اختلاف شهرستان چالدران,3
44530,حوزه قضايي شهرستان چايپاره,دادگستري كل استان آذربايجان غربي > حوزه قضايي شهرستان چايپاره,2
44532,دادسراي عمومي و انقلاب شهرستان چايپاره,دادگستري كل استان آذربايجان غربي > حوزه قضايي شهرستان چايپاره > دادسراي عمومي و انقلاب شهرستان چايپاره,3
44531,دادگاه عمومي و انقلاب شهرستان چايپاره,دادگستري كل استان آذربايجان غربي > حوزه قضايي شهرستان چايپاره > دادگاه عمومي و انقلاب شهرستان چايپاره,3
44930,شوراي حل اختلاف شهرستان چايپاره,دادگستري كل استان آذربايجان غربي > حوزه قضايي شهرستان چايپاره > شوراي حل اختلاف شهرستان چايپاره,3
44570,حوزه قضايي شهرستان چهاربرج,دادگستري كل استان آذربايجان غربي > حوزه قضايي شهرستان چهاربرج,2
44571,دادگاه عمومي و انقلاب شهرستان چهاربرج,دادگستري كل استان آذربايجان غربي > حوزه قضايي شهرستان چهاربرج > دادگاه عمومي و انقلاب شهرستان چهاربرج,3
44940,شوراي حل اختلاف شهرستان چهاربرج,دادگستري كل استان آذربايجان غربي > حوزه قضايي شهرستان چهاربرج > شوراي حل اختلاف شهرستان چهاربرج,3
00883,حوزه قضايي شهرستان خوي,دادگستري كل استان آذربايجان غربي > حوزه قضايي شهرستان خوي,2
44350,دادسراي عمومي و انقلاب شهرستان خوي,دادگستري كل استان آذربايجان غربي > حوزه قضايي شهرستان خوي > دادسراي عمومي و انقلاب شهرستان خوي,3
00612,دادگاه عمومي و انقلاب شهرستان خوي,دادگستري كل استان آذربايجان غربي > حوزه قضايي شهرستان خوي > دادگاه عمومي و انقلاب شهرستان خوي,3
44760,شوراي حل اختلاف شهرستان خوي,دادگستري كل استان آذربايجان غربي > حوزه قضايي شهرستان خوي > شوراي حل اختلاف شهرستان خوي,3
00879,حوزه قضايي شهرستان سردشت استان آذربايجان غربي,دادگستري كل استان آذربايجان غربي > حوزه قضايي شهرستان سردشت استان آذربايجان غربي,2
44380,دادسراي عمومي و انقلاب شهرستان سردشت,دادگستري كل استان آذربايجان غربي > حوزه قضايي شهرستان سردشت استان آذربايجان غربي > دادسراي عمومي و انقلاب شهرستان سردشت,3
00511,دادگاه عمومي و انقلاب شهرستان سردشت,دادگستري كل استان آذربايجان غربي > حوزه قضايي شهرستان سردشت استان آذربايجان غربي > دادگاه عمومي و انقلاب شهرستان سردشت,3
44880,شوراي حل اختلاف شهرستان سردشت,دادگستري كل استان آذربايجان غربي > حوزه قضايي شهرستان سردشت استان آذربايجان غربي > شوراي حل اختلاف شهرستان سردشت,3
00873,حوزه قضايي شهرستان سلماس,دادگستري كل استان آذربايجان غربي > حوزه قضايي شهرستان سلماس,2
44395,دادسراي عمومي و انقلاب شهرستان سلماس,دادگستري كل استان آذربايجان غربي > حوزه قضايي شهرستان سلماس > دادسراي عمومي و انقلاب شهرستان سلماس,3
00502,دادگاه عمومي و انقلاب شهرستان سلماس,دادگستري كل استان آذربايجان غربي > حوزه قضايي شهرستان سلماس > دادگاه عمومي و انقلاب شهرستان سلماس,3
44830,شوراي حل اختلاف شهرستان سلماس,دادگستري كل استان آذربايجان غربي > حوزه قضايي شهرستان سلماس > شوراي حل اختلاف شهرستان سلماس,3
00878,حوزه قضايي شهرستان شاهين دژ,دادگستري كل استان آذربايجان غربي > حوزه قضايي شهرستان شاهين دژ,2
44500,دادسراي عمومي و انقلاب شهرستان شاهين دژ,دادگستري كل استان آذربايجان غربي > حوزه قضايي شهرستان شاهين دژ > دادسراي عمومي و انقلاب شهرستان شاهين دژ,3
00510,دادگاه عمومي و انقلاب شهرستان شاهين دژ,دادگستري كل استان آذربايجان غربي > حوزه قضايي شهرستان شاهين دژ > دادگاه عمومي و انقلاب شهرستان شاهين دژ,3
44870,شوراي حل اختلاف شهرستان شاهين دژ,دادگستري كل استان آذربايجان غربي > حوزه قضايي شهرستان شاهين دژ > شوراي حل اختلاف شهرستان شاهين دژ,3
44520,حوزه قضايي شهرستان شوط,دادگستري كل استان آذربايجان غربي > حوزه قضايي شهرستان شوط,2
44522,دادسراي عمومي و انقلاب شهرستان شوط,دادگستري كل استان آذربايجان غربي > حوزه قضايي شهرستان شوط > دادسراي عمومي و انقلاب شهرستان شوط,3
44521,دادگاه عمومي و انقلاب شهرستان شوط,دادگستري كل استان آذربايجان غربي > حوزه قضايي شهرستان شوط > دادگاه عمومي و انقلاب شهرستان شوط,3
44925,شوراي حل اختلاف شهرستان شوط,دادگستري كل استان آذربايجان غربي > حوزه قضايي شهرستان شوط > شوراي حل اختلاف شهرستان شوط,3
00877,حوزه قضايي شهرستان ماكو,دادگستري كل استان آذربايجان غربي > حوزه قضايي شهرستان ماكو,2
44550,دادسراي عمومي و انقلاب شهرستان ماكو,دادگستري كل استان آذربايجان غربي > حوزه قضايي شهرستان ماكو > دادسراي عمومي و انقلاب شهرستان ماكو,3
00509,دادگاه عمومي و انقلاب شهرستان ماكو,دادگستري كل استان آذربايجان غربي > حوزه قضايي شهرستان ماكو > دادگاه عمومي و انقلاب شهرستان ماكو,3
44568,شوراي حل اختلاف شهرستان ماكو,دادگستري كل استان آذربايجان غربي > حوزه قضايي شهرستان ماكو > شوراي حل اختلاف شهرستان ماكو,3
00872,حوزه قضايي شهرستان مهاباد,دادگستري كل استان آذربايجان غربي > حوزه قضايي شهرستان مهاباد,2
44320,دادسراي عمومي و انقلاب شهرستان مهاباد,دادگستري كل استان آذربايجان غربي > حوزه قضايي شهرستان مهاباد > دادسراي عمومي و انقلاب شهرستان مهاباد,3
00501,دادگاه عمومي و انقلاب شهرستان مهاباد,دادگستري كل استان آذربايجان غربي > حوزه قضايي شهرستان مهاباد > دادگاه عمومي و انقلاب شهرستان مهاباد,3
44820,شوراي حل اختلاف شهرستان مهاباد,دادگستري كل استان آذربايجان غربي > حوزه قضايي شهرستان مهاباد > شوراي حل اختلاف شهرستان مهاباد,3
00874,حوزه قضايي شهرستان مياندوآب,دادگستري كل استان آذربايجان غربي > حوزه قضايي شهرستان مياندوآب,2
44420,دادسراي عمومي و انقلاب شهرستان مياندوآب,دادگستري كل استان آذربايجان غربي > حوزه قضايي شهرستان مياندوآب > دادسراي عمومي و انقلاب شهرستان مياندوآب,3
00503,دادگاه عمومي و انقلاب شهرستان مياندوآب,دادگستري كل استان آذربايجان غربي > حوزه قضايي شهرستان مياندوآب > دادگاه عمومي و انقلاب شهرستان مياندوآب,3
44840,شوراي حل اختلاف شهرستان مياندوآب,دادگستري كل استان آذربايجان غربي > حوزه قضايي شهرستان مياندوآب > شوراي حل اختلاف شهرستان مياندوآب,3
00881,حوزه قضايي شهرستان نقده,دادگستري كل استان آذربايجان غربي > حوزه قضايي شهرستان نقده,2
44470,دادسراي عمومي و انقلاب شهرستان نقده,دادگستري كل استان آذربايجان غربي > حوزه قضايي شهرستان نقده > دادسراي عمومي و انقلاب شهرستان نقده,3
00513,دادگاه عمومي و انقلاب شهرستان نقده,دادگستري كل استان آذربايجان غربي > حوزه قضايي شهرستان نقده > دادگاه عمومي و انقلاب شهرستان نقده,3
44900,شوراي حل اختلاف شهرستان نقده,دادگستري كل استان آذربايجان غربي > حوزه قضايي شهرستان نقده > شوراي حل اختلاف شهرستان نقده,3
44999,دادگاههاي كيفري يك استان آذربايجان غربي,دادگستري كل استان آذربايجان غربي > دادگاههاي كيفري يك استان آذربايجان غربي,2
44134,مجتمع ساختمان مركزي استان آذربايجان غربي,دادگستري كل استان آذربايجان غربي > مجتمع ساختمان مركزي استان آذربايجان غربي,2
00185,دادگستري كل استان اردبيل,دادگستري كل استان اردبيل,1
45530,حوزه قضايي بخش ارشق,دادگستري كل استان اردبيل > حوزه قضايي بخش ارشق,2
45531,دادگاه عمومي و انقلاب بخش ارشق,دادگستري كل استان اردبيل > حوزه قضايي بخش ارشق > دادگاه عمومي و انقلاب بخش ارشق,3
45548,شوراي حل اختلاف حوزه قضايي بخش ارشق,دادگستري كل استان اردبيل > حوزه قضايي بخش ارشق > شوراي حل اختلاف حوزه قضايي بخش ارشق,3
00083,حوزه قضايي بخش اصلاندوز,دادگستري كل استان اردبيل > حوزه قضايي بخش اصلاندوز,2
45308,دادگاه عمومي و انقلاب بخش اصلاندوز,دادگستري كل استان اردبيل > حوزه قضايي بخش اصلاندوز > دادگاه عمومي و انقلاب بخش اصلاندوز,3
45324,شوراي حل اختلاف حوزه قضايي بخش اصلاندوز,دادگستري كل استان اردبيل > حوزه قضايي بخش اصلاندوز > شوراي حل اختلاف حوزه قضايي بخش اصلاندوز,3
45500,حوزه قضايي بخش انگوت,دادگستري كل استان اردبيل > حوزه قضايي بخش انگوت,2
45501,دادگاه عمومي و انقلاب بخش انگوت,دادگستري كل استان اردبيل > حوزه قضايي بخش انگوت > دادگاه عمومي و انقلاب بخش انگوت,3
45508,شوراي حل اختلاف حوزه قضايي بخش انگوت,دادگستري كل استان اردبيل > حوزه قضايي بخش انگوت > شوراي حل اختلاف حوزه قضايي بخش انگوت,3
46280,حوزه قضايي بخش تازه كند,دادگستري كل استان اردبيل > حوزه قضايي بخش تازه كند,2
46281,دادگاه عمومي و انقلاب بخش تازه كند,دادگستري كل استان اردبيل > حوزه قضايي بخش تازه كند > دادگاه عمومي و انقلاب بخش تازه كند,3
46289,شوراي حل اختلاف بخش تازه كند,دادگستري كل استان اردبيل > حوزه قضايي بخش تازه كند > شوراي حل اختلاف بخش تازه كند,3
46200,حوزه قضايي بخش خورش رستم,دادگستري كل استان اردبيل > حوزه قضايي بخش خورش رستم,2
46201,دادگاه عمومي و انقلاب بخش خورش رستم,دادگستري كل استان اردبيل > حوزه قضايي بخش خورش رستم > دادگاه عمومي و انقلاب بخش خورش رستم,3
46230,شوراي حل اختلاف بخش خورش رستم,دادگستري كل استان اردبيل > حوزه قضايي بخش خورش رستم > شوراي حل اختلاف بخش خورش رستم,3
46245,حوزه قضايي بخش شاهرود استان اردبيل,دادگستري كل استان اردبيل > حوزه قضايي بخش شاهرود استان اردبيل,2
46246,دادگاه عمومي و انقلاب بخش شاهرود استان اردبيل,دادگستري كل استان اردبيل > حوزه قضايي بخش شاهرود استان اردبيل > دادگاه عمومي و انقلاب بخش شاهرود استان اردبيل,3
45505,شوراي حل اختلاف بخش شاهرود استان اردبيل,دادگستري كل استان اردبيل > حوزه قضايي بخش شاهرود استان اردبيل > شوراي حل اختلاف بخش شاهرود استان اردبيل,3
00076,حوزه قضايي بخش قشلاق دشت,دادگستري كل استان اردبيل > حوزه قضايي بخش قشلاق دشت,2
45450,دادگاه عمومي و انقلاب بخش قشلاق دشت,دادگستري كل استان اردبيل > حوزه قضايي بخش قشلاق دشت > دادگاه عمومي و انقلاب بخش قشلاق دشت,3
45451,مجتمع قضايي بخش  قشلاق دشت,دادگستري كل استان اردبيل > حوزه قضايي بخش قشلاق دشت > دادگاه عمومي و انقلاب بخش قشلاق دشت > مجتمع قضايي بخش  قشلاق دشت,4
45455,شوراي حل اختلاف بخش جعفرآباد,دادگستري كل استان اردبيل > حوزه قضايي بخش قشلاق دشت > شوراي حل اختلاف بخش جعفرآباد,3
45560,حوزه قضايي بخش مشكين شرقي,دادگستري كل استان اردبيل > حوزه قضايي بخش مشكين شرقي,2
45561,دادگاه عمومي و انقلاب بخش مشكين شرقي,دادگستري كل استان اردبيل > حوزه قضايي بخش مشكين شرقي > دادگاه عمومي و انقلاب بخش مشكين شرقي,3
45570,شوراي حل اختلاف حوزه قضايي بخش مشكين شرقي,دادگستري كل استان اردبيل > حوزه قضايي بخش مشكين شرقي > شوراي حل اختلاف حوزه قضايي بخش مشكين شرقي,3
45340,حوزه قضايي بخش هير,دادگستري كل استان اردبيل > حوزه قضايي بخش هير,2
45341,دادگاه عمومي و انقلاب بخش هير,دادگستري كل استان اردبيل > حوزه قضايي بخش هير > دادگاه عمومي و انقلاب بخش هير,3
45347,شوراي حل اختلاف حوزه قضايي بخش هير,دادگستري كل استان اردبيل > حوزه قضايي بخش هير > شوراي حل اختلاف حوزه قضايي بخش هير,3
00080,حوزه قضايي شهرستان اردبيل,دادگستري كل استان اردبيل > حوزه قضايي شهرستان اردبيل,2
04001,دادسراي عمومي و انقلاب اردبيل,دادگستري كل استان اردبيل > حوزه قضايي شهرستان اردبيل > دادسراي عمومي و انقلاب اردبيل,3
04003,مجتمع شهيد بهشتي شهرستان اردبيل(شعب دادسرا),دادگستري كل استان اردبيل > حوزه قضايي شهرستان اردبيل > دادسراي عمومي و انقلاب اردبيل > مجتمع شهيد بهشتي شهرستان اردبيل(شعب دادسرا),4
00554,دادگاه عمومي و انقلاب شهرستان اردبيل,دادگستري كل استان اردبيل > حوزه قضايي شهرستان اردبيل > دادگاه عمومي و انقلاب شهرستان اردبيل,3
04089,مجتمع دادگاههاي انقلاب شهرستان اردبيل,دادگستري كل استان اردبيل > حوزه قضايي شهرستان اردبيل > دادگاه عمومي و انقلاب شهرستان اردبيل > مجتمع دادگاههاي انقلاب شهرستان اردبيل,4
05061,مجتمع دادگاههاي خانواده شهرستان اردبيل,دادگستري كل استان اردبيل > حوزه قضايي شهرستان اردبيل > دادگاه عمومي و انقلاب شهرستان اردبيل > مجتمع دادگاههاي خانواده شهرستان اردبيل,4
05062,مجتمع دادگاههاي صلح شهرستان اردبيل,دادگستري كل استان اردبيل > حوزه قضايي شهرستان اردبيل > دادگاه عمومي و انقلاب شهرستان اردبيل > مجتمع دادگاههاي صلح شهرستان اردبيل,4
04055,مجتمع دادگاههاي عمومي حقوقي شهرستان اردبيل,دادگستري كل استان اردبيل > حوزه قضايي شهرستان اردبيل > دادگاه عمومي و انقلاب شهرستان اردبيل > مجتمع دادگاههاي عمومي حقوقي شهرستان اردبيل,4
04054,مجتمع شهيد قدوسي شهرستان اردبيل(دادگاههاي كيفري),دادگستري كل استان اردبيل > حوزه قضايي شهرستان اردبيل > دادگاه عمومي و انقلاب شهرستان اردبيل > مجتمع شهيد قدوسي شهرستان اردبيل(دادگاههاي كيفري),4
04930,شوراي حل اختلاف شهرستان اردبيل,دادگستري كل استان اردبيل > حوزه قضايي شهرستان اردبيل > شوراي حل اختلاف شهرستان اردبيل,3
00081,حوزه قضايي شهرستان بيله سوار,دادگستري كل استان اردبيل > حوزه قضايي شهرستان بيله سوار,2
45112,دادسراي عمومي و انقلاب شهرستان بيله سوار,دادگستري كل استان اردبيل > حوزه قضايي شهرستان بيله سوار > دادسراي عمومي و انقلاب شهرستان بيله سوار,3
45110,مجتمع قضايي شهرستان بيله سوار(شعب دادسرا),دادگستري كل استان اردبيل > حوزه قضايي شهرستان بيله سوار > دادسراي عمومي و انقلاب شهرستان بيله سوار > مجتمع قضايي شهرستان بيله سوار(شعب دادسرا),4
00385,دادگاه عمومي و انقلاب شهرستان بيله سوار,دادگستري كل استان اردبيل > حوزه قضايي شهرستان بيله سوار > دادگاه عمومي و انقلاب شهرستان بيله سوار,3
45109,مجتمع قضايي شهرستان بيله سوار(شعب دادگاه),دادگستري كل استان اردبيل > حوزه قضايي شهرستان بيله سوار > دادگاه عمومي و انقلاب شهرستان بيله سوار > مجتمع قضايي شهرستان بيله سوار(شعب دادگاه),4
45590,شوراي حل اختلاف شهرستان بيله سوار,دادگستري كل استان اردبيل > حوزه قضايي شهرستان بيله سوار > شوراي حل اختلاف شهرستان بيله سوار,3
00084,حوزه قضايي شهرستان پارس آباد,دادگستري كل استان اردبيل > حوزه قضايي شهرستان پارس آباد,2
45490,دادسراي عمومي و انقلاب شهرستان پارس آباد,دادگستري كل استان اردبيل > حوزه قضايي شهرستان پارس آباد > دادسراي عمومي و انقلاب شهرستان پارس آباد,3
45480,دادگاه عمومي و انقلاب شهرستان پارس آباد,دادگستري كل استان اردبيل > حوزه قضايي شهرستان پارس آباد > دادگاه عمومي و انقلاب شهرستان پارس آباد,3
45160,شوراي حل اختلاف شهرستان پارس آباد,دادگستري كل استان اردبيل > حوزه قضايي شهرستان پارس آباد > شوراي حل اختلاف شهرستان پارس آباد,3
00073,حوزه قضايي شهرستان خلخال,دادگستري كل استان اردبيل > حوزه قضايي شهرستان خلخال,2
45219,دادسراي عمومي و انقلاب شهرستان خلخال,دادگستري كل استان اردبيل > حوزه قضايي شهرستان خلخال > دادسراي عمومي و انقلاب شهرستان خلخال,3
00384,دادگاه عمومي و انقلاب شهرستان خلخال,دادگستري كل استان اردبيل > حوزه قضايي شهرستان خلخال > دادگاه عمومي و انقلاب شهرستان خلخال,3
45240,شوراي حل اختلاف شهرستان خلخال,دادگستري كل استان اردبيل > حوزه قضايي شهرستان خلخال > شوراي حل اختلاف شهرستان خلخال,3
00075,حوزه قضايي شهرستان سرعين,دادگستري كل استان اردبيل > حوزه قضايي شهرستان سرعين,2
45322,دادگاه عمومي و انقلاب شهرستان سرعين,دادگستري كل استان اردبيل > حوزه قضايي شهرستان سرعين > دادگاه عمومي و انقلاب شهرستان سرعين,3
45440,شوراي حل اختلاف شهرستان سرعين,دادگستري كل استان اردبيل > حوزه قضايي شهرستان سرعين > شوراي حل اختلاف شهرستان سرعين,3
00071,حوزه قضايي شهرستان كوثر,دادگستري كل استان اردبيل > حوزه قضايي شهرستان كوثر,2
00380,دادگاه عمومي و انقلاب شهرستان كوثر,دادگستري كل استان اردبيل > حوزه قضايي شهرستان كوثر > دادگاه عمومي و انقلاب شهرستان كوثر,3
45400,مجتمع قضايي شهرستان كوثر(شعب دادگاه),دادگستري كل استان اردبيل > حوزه قضايي شهرستان كوثر > دادگاه عمومي و انقلاب شهرستان كوثر > مجتمع قضايي شهرستان كوثر(شعب دادگاه),4
45430,شوراي حل اختلاف شهرستان كوثر,دادگستري كل استان اردبيل > حوزه قضايي شهرستان كوثر > شوراي حل اختلاف شهرستان كوثر,3
00072,حوزه قضايي شهرستان گرمي,دادگستري كل استان اردبيل > حوزه قضايي شهرستان گرمي,2
45122,دادسراي عمومي و انقلاب شهرستان گرمي,دادگستري كل استان اردبيل > حوزه قضايي شهرستان گرمي > دادسراي عمومي و انقلاب شهرستان گرمي,3
00382,دادگاه عمومي و انقلاب شهرستان گرمي,دادگستري كل استان اردبيل > حوزه قضايي شهرستان گرمي > دادگاه عمومي و انقلاب شهرستان گرمي,3
45120,مجتمع قضايي شهرستان گرمي(شعب دادگاه),دادگستري كل استان اردبيل > حوزه قضايي شهرستان گرمي > دادگاه عمومي و انقلاب شهرستان گرمي > مجتمع قضايي شهرستان گرمي(شعب دادگاه),4
45470,شوراي حل اختلاف شهرستان گرمي,دادگستري كل استان اردبيل > حوزه قضايي شهرستان گرمي > شوراي حل اختلاف شهرستان گرمي,3
00082,حوزه قضايي شهرستان مشكين شهر,دادگستري كل استان اردبيل > حوزه قضايي شهرستان مشكين شهر,2
45256,دادسراي عمومي و انقلاب شهرستان مشكين شهر,دادگستري كل استان اردبيل > حوزه قضايي شهرستان مشكين شهر > دادسراي عمومي و انقلاب شهرستان مشكين شهر,3
45250,دادگاه عمومي و انقلاب شهرستان مشكين شهر,دادگستري كل استان اردبيل > حوزه قضايي شهرستان مشكين شهر > دادگاه عمومي و انقلاب شهرستان مشكين شهر,3
45271,شوراي حل اختلاف شهرستان مشكين شهر,دادگستري كل استان اردبيل > حوزه قضايي شهرستان مشكين شهر > شوراي حل اختلاف شهرستان مشكين شهر,3
00074,حوزه قضايي شهرستان نمين,دادگستري كل استان اردبيل > حوزه قضايي شهرستان نمين,2
45288,دادسراي عمومي و انقلاب شهرستان نمين,دادگستري كل استان اردبيل > حوزه قضايي شهرستان نمين > دادسراي عمومي و انقلاب شهرستان نمين,3
00386,دادگاه عمومي و انقلاب شهرستان نمين,دادگستري كل استان اردبيل > حوزه قضايي شهرستان نمين > دادگاه عمومي و انقلاب شهرستان نمين,3
45150,شوراي حل اختلاف شهرستان نمين,دادگستري كل استان اردبيل > حوزه قضايي شهرستان نمين > شوراي حل اختلاف شهرستان نمين,3
00070,حوزه قضايي شهرستان نير استان اردبيل,دادگستري كل استان اردبيل > حوزه قضايي شهرستان نير استان اردبيل,2
00379,دادگاه عمومي و انقلاب شهرستان نير استان اردبيل,دادگستري كل استان اردبيل > حوزه قضايي شهرستان نير استان اردبيل > دادگاه عمومي و انقلاب شهرستان نير استان اردبيل,3
45338,مجتمع قضايي شهرستان نير(شعب دادگاه) استان اردبيل,دادگستري كل استان اردبيل > حوزه قضايي شهرستان نير استان اردبيل > دادگاه عمومي و انقلاب شهرستان نير استان اردبيل > مجتمع قضايي شهرستان نير(شعب دادگاه) استان اردبيل,4
45390,شوراي حل اختلاف شهرستان نير استان اردبيل,دادگستري كل استان اردبيل > حوزه قضايي شهرستان نير استان اردبيل > شوراي حل اختلاف شهرستان نير استان اردبيل,3
45940,دادگاههاي كيفري يك استان اردبيل,دادگستري كل استان اردبيل > دادگاههاي كيفري يك استان اردبيل,2
04058,ساختمان دادگستري كل استان اردبيل(شعب تجديدنظر),دادگستري كل استان اردبيل > ساختمان دادگستري كل استان اردبيل(شعب تجديدنظر),2
00232,دادگستري كل استان اصفهان,دادگستري كل استان اصفهان,1
37435,حوزه قضايي بخش امامزاده,دادگستري كل استان اصفهان > حوزه قضايي بخش امامزاده,2
37436,دادگاه عمومي و انقلاب بخش امامزاده,دادگستري كل استان اصفهان > حوزه قضايي بخش امامزاده > دادگاه عمومي و انقلاب بخش امامزاده,3
68560,شوراي حل اختلاف بخش امامزاده,دادگستري كل استان اصفهان > حوزه قضايي بخش امامزاده > شوراي حل اختلاف بخش امامزاده,3
00999,حوزه قضايي بخش باغ بهادران,دادگستري كل استان اصفهان > حوزه قضايي بخش باغ بهادران,2
00628,دادگاه عمومي و انقلاب بخش باغ بهادران,دادگستري كل استان اصفهان > حوزه قضايي بخش باغ بهادران > دادگاه عمومي و انقلاب بخش باغ بهادران,3
68200,شوراي حل اختلاف بخش باغ بهادران,دادگستري كل استان اصفهان > حوزه قضايي بخش باغ بهادران > شوراي حل اختلاف بخش باغ بهادران,3
96290,حوزه قضايي بخش برزك,دادگستري كل استان اصفهان > حوزه قضايي بخش برزك,2
96291,دادگاه عمومي و انقلاب بخش برزك,دادگستري كل استان اصفهان > حوزه قضايي بخش برزك > دادگاه عمومي و انقلاب بخش برزك,3
96296,شوراي حل اختلاف بخش برزك,دادگستري كل استان اصفهان > حوزه قضايي بخش برزك > شوراي حل اختلاف بخش برزك,3
96280,حوزه قضايي بخش پادنا,دادگستري كل استان اصفهان > حوزه قضايي بخش پادنا,2
96281,دادگاه عمومي و انقلاب بخش پادنا,دادگستري كل استان اصفهان > حوزه قضايي بخش پادنا > دادگاه عمومي و انقلاب بخش پادنا,3
96286,شوراي حل اختلاف بخش پادنا,دادگستري كل استان اصفهان > حوزه قضايي بخش پادنا > شوراي حل اختلاف بخش پادنا,3
68230,حوزه قضايي بخش زواره,دادگستري كل استان اصفهان > حوزه قضايي بخش زواره,2
68231,دادگاه عمومي و انقلاب بخش زواره,دادگستري كل استان اصفهان > حوزه قضايي بخش زواره > دادگاه عمومي و انقلاب بخش زواره,3
68510,شوراي حل اختلاف زواره,دادگستري كل استان اصفهان > حوزه قضايي بخش زواره > شوراي حل اختلاف زواره,3
37530,حوزه قضايي بخش كرون,دادگستري كل استان اصفهان > حوزه قضايي بخش كرون,2
37531,دادگاه عمومي و انقلاب بخش كرون,دادگستري كل استان اصفهان > حوزه قضايي بخش كرون > دادگاه عمومي و انقلاب بخش كرون,3
69180,شوراي حل اختلاف بخش كرون,دادگستري كل استان اصفهان > حوزه قضايي بخش كرون > شوراي حل اختلاف بخش كرون,3
37570,حوزه قضايي بخش مهردشت,دادگستري كل استان اصفهان > حوزه قضايي بخش مهردشت,2
37571,دادگاه عمومي و انقلاب بخش مهردشت,دادگستري كل استان اصفهان > حوزه قضايي بخش مهردشت > دادگاه عمومي و انقلاب بخش مهردشت,3
69110,شوراي حل اختلاف مهردشت,دادگستري كل استان اصفهان > حوزه قضايي بخش مهردشت > شوراي حل اختلاف مهردشت,3
37630,حوزه قضايي بخش ميمه,دادگستري كل استان اصفهان > حوزه قضايي بخش ميمه,2
37631,دادگاه عمومي و انقلاب بخش ميمه,دادگستري كل استان اصفهان > حوزه قضايي بخش ميمه > دادگاه عمومي و انقلاب بخش ميمه,3
69120,شوراي حل اختلاف بخش ميمه,دادگستري كل استان اصفهان > حوزه قضايي بخش ميمه > شوراي حل اختلاف بخش ميمه,3
00991,حوزه قضايي شهرستان آران و بيدگل,دادگستري كل استان اصفهان > حوزه قضايي شهرستان آران و بيدگل,2
36200,دادسراي عمومي و انقلاب شهرستان آران و بيدگل,دادگستري كل استان اصفهان > حوزه قضايي شهرستان آران و بيدگل > دادسراي عمومي و انقلاب شهرستان آران و بيدگل,3
00422,دادگاه عمومي و انقلاب شهرستان آران و بيدگل,دادگستري كل استان اصفهان > حوزه قضايي شهرستان آران و بيدگل > دادگاه عمومي و انقلاب شهرستان آران و بيدگل,3
36250,شوراي حل اختلاف شهرستان آران و بيدگل,دادگستري كل استان اصفهان > حوزه قضايي شهرستان آران و بيدگل > شوراي حل اختلاف شهرستان آران و بيدگل,3
00979,حوزه قضايي شهرستان اردستان,دادگستري كل استان اصفهان > حوزه قضايي شهرستان اردستان,2
36230,دادسراي عمومي و انقلاب شهرستان اردستان,دادگستري كل استان اصفهان > حوزه قضايي شهرستان اردستان > دادسراي عمومي و انقلاب شهرستان اردستان,3
00162,دادگاه عمومي و انقلاب شهرستان اردستان,دادگستري كل استان اصفهان > حوزه قضايي شهرستان اردستان > دادگاه عمومي و انقلاب شهرستان اردستان,3
68490,شوراي حل اختلاف شهرستان اردستان,دادگستري كل استان اصفهان > حوزه قضايي شهرستان اردستان > شوراي حل اختلاف شهرستان اردستان,3
00978,حوزه قضايي شهرستان اصفهان,دادگستري كل استان اصفهان > حوزه قضايي شهرستان اصفهان,2
03550,دادسراي عمومي و انقلاب شهرستان اصفهان,دادگستري كل استان اصفهان > حوزه قضايي شهرستان اصفهان > دادسراي عمومي و انقلاب شهرستان اصفهان,3
08121,مجتمع بهارستان دادسراي عمومي و انقلاب شهرستان اصفهان,دادگستري كل استان اصفهان > حوزه قضايي شهرستان اصفهان > دادسراي عمومي و انقلاب شهرستان اصفهان > مجتمع بهارستان دادسراي عمومي و انقلاب شهرستان اصفهان,4
08114,مجتمع شماره 1 دادسراي عمومي و انقلاب شهرستان اصفهان (22 بهمن),دادگستري كل استان اصفهان > حوزه قضايي شهرستان اصفهان > دادسراي عمومي و انقلاب شهرستان اصفهان > مجتمع شماره 1 دادسراي عمومي و انقلاب شهرستان اصفهان (22 بهمن),4
08115,مجتمع شماره 2 دادسراي عمومي و انقلاب شهرستان اصفهان (آتشگاه),دادگستري كل استان اصفهان > حوزه قضايي شهرستان اصفهان > دادسراي عمومي و انقلاب شهرستان اصفهان > مجتمع شماره 2 دادسراي عمومي و انقلاب شهرستان اصفهان (آتشگاه),4
08116,مجتمع شماره 3 دادسراي عمومي و انقلاب شهرستان اصفهان(مجتمع عدالت),دادگستري كل استان اصفهان > حوزه قضايي شهرستان اصفهان > دادسراي عمومي و انقلاب شهرستان اصفهان > مجتمع شماره 3 دادسراي عمومي و انقلاب شهرستان اصفهان(مجتمع عدالت),4
08117,مجتمع شماره 4 دادسراي عمومي و انقلاب شهرستان اصفهان (كهندژ),دادگستري كل استان اصفهان > حوزه قضايي شهرستان اصفهان > دادسراي عمومي و انقلاب شهرستان اصفهان > مجتمع شماره 4 دادسراي عمومي و انقلاب شهرستان اصفهان (كهندژ),4
08118,مجتمع شماره 5  دادسراي عمومي و انقلاب شهرستان اصفهان (جي),دادگستري كل استان اصفهان > حوزه قضايي شهرستان اصفهان > دادسراي عمومي و انقلاب شهرستان اصفهان > مجتمع شماره 5  دادسراي عمومي و انقلاب شهرستان اصفهان (جي),4
68835,مجتمع شهداي هفتم تير دادسراي عمومي و انقلاب شهرستان اصفهان,دادگستري كل استان اصفهان > حوزه قضايي شهرستان اصفهان > دادسراي عمومي و انقلاب شهرستان اصفهان > مجتمع شهداي هفتم تير دادسراي عمومي و انقلاب شهرستان اصفهان,4
08119,مجتمع قضايي شهيد لاجوردي دادسراي عمومي و انقلاب اصفهان,دادگستري كل استان اصفهان > حوزه قضايي شهرستان اصفهان > دادسراي عمومي و انقلاب شهرستان اصفهان > مجتمع قضايي شهيد لاجوردي دادسراي عمومي و انقلاب اصفهان,4
03994,مجتمع ويژه دادسراي عمومي و انقلاب شهرستان اصفهان,دادگستري كل استان اصفهان > حوزه قضايي شهرستان اصفهان > دادسراي عمومي و انقلاب شهرستان اصفهان > مجتمع ويژه دادسراي عمومي و انقلاب شهرستان اصفهان,4
00171,دادگاه عمومي و انقلاب شهرستان اصفهان,دادگستري كل استان اصفهان > حوزه قضايي شهرستان اصفهان > دادگاه عمومي و انقلاب شهرستان اصفهان,3
03685,مجتمع قضايي شهيد قدوسي شهرستان اصفهان (محاكم خانواده),دادگستري كل استان اصفهان > حوزه قضايي شهرستان اصفهان > دادگاه عمومي و انقلاب شهرستان اصفهان > مجتمع قضايي شهيد قدوسي شهرستان اصفهان (محاكم خانواده),4
03671,محاكم انقلاب دادگستري شهرستان اصفهان,دادگستري كل استان اصفهان > حوزه قضايي شهرستان اصفهان > دادگاه عمومي و انقلاب شهرستان اصفهان > محاكم انقلاب دادگستري شهرستان اصفهان,4
03500,محاكم حقوقي دادگستري شهرستان اصفهان,دادگستري كل استان اصفهان > حوزه قضايي شهرستان اصفهان > دادگاه عمومي و انقلاب شهرستان اصفهان > محاكم حقوقي دادگستري شهرستان اصفهان,4
68399,محاكم دادگاههاي صلح دادگستري شهرستان اصفهان,دادگستري كل استان اصفهان > حوزه قضايي شهرستان اصفهان > دادگاه عمومي و انقلاب شهرستان اصفهان > محاكم دادگاههاي صلح دادگستري شهرستان اصفهان,4
68354,مجتمع قضايي عدالت دادگستري شهرستان اصفهان,دادگستري كل استان اصفهان > حوزه قضايي شهرستان اصفهان > دادگاه عمومي و انقلاب شهرستان اصفهان > محاكم دادگاههاي صلح دادگستري شهرستان اصفهان > مجتمع قضايي عدالت دادگستري شهرستان اصفهان,5
03690,محاكم كيفري دو دادگستري شهرستان اصفهان,دادگستري كل استان اصفهان > حوزه قضايي شهرستان اصفهان > دادگاه عمومي و انقلاب شهرستان اصفهان > محاكم كيفري دو دادگستري شهرستان اصفهان,4
68352,مجتمع قضايي بهارستان شهرستان اصفهان ( شعب كيفري دو ),دادگستري كل استان اصفهان > حوزه قضايي شهرستان اصفهان > دادگاه عمومي و انقلاب شهرستان اصفهان > محاكم كيفري دو دادگستري شهرستان اصفهان > مجتمع قضايي بهارستان شهرستان اصفهان ( شعب كيفري دو ),5
68351,مجتمع قضايي شهيد بهشتي دادگستري شهرستان اصفهان (شعب كيفري دو),دادگستري كل استان اصفهان > حوزه قضايي شهرستان اصفهان > دادگاه عمومي و انقلاب شهرستان اصفهان > محاكم كيفري دو دادگستري شهرستان اصفهان > مجتمع قضايي شهيد بهشتي دادگستري شهرستان اصفهان (شعب كيفري دو),5
68353,مجتمع قضايي شهيد مطهري دادگستري شهرستان اصفهان (شعب كيفري دو),دادگستري كل استان اصفهان > حوزه قضايي شهرستان اصفهان > دادگاه عمومي و انقلاب شهرستان اصفهان > محاكم كيفري دو دادگستري شهرستان اصفهان > مجتمع قضايي شهيد مطهري دادگستري شهرستان اصفهان (شعب كيفري دو),5
37930,شوراي حل اختلاف شهرستان اصفهان,دادگستري كل استان اصفهان > حوزه قضايي شهرستان اصفهان > شوراي حل اختلاف شهرستان اصفهان,3
37510,حوزه قضايي شهرستان برخوار,دادگستري كل استان اصفهان > حوزه قضايي شهرستان برخوار,2
37512,دادسراي عمومي و انقلاب شهرستان برخوار,دادگستري كل استان اصفهان > حوزه قضايي شهرستان برخوار > دادسراي عمومي و انقلاب شهرستان برخوار,3
37511,دادگاه عمومي و انقلاب شهرستان برخوار,دادگستري كل استان اصفهان > حوزه قضايي شهرستان برخوار > دادگاه عمومي و انقلاب شهرستان برخوار,3
68900,شوراي حل اختلاف شهرستان برخوار,دادگستري كل استان اصفهان > حوزه قضايي شهرستان برخوار > شوراي حل اختلاف شهرستان برخوار,3
37450,حوزه قضايي شهرستان بوئين و مياندشت,دادگستري كل استان اصفهان > حوزه قضايي شهرستان بوئين و مياندشت,2
37451,دادگاه عمومي و انقلاب شهرستان بوئين و مياندشت,دادگستري كل استان اصفهان > حوزه قضايي شهرستان بوئين و مياندشت > دادگاه عمومي و انقلاب شهرستان بوئين و مياندشت,3
69170,شوراي حل اختلاف شهرستان بوئين و مياندشت,دادگستري كل استان اصفهان > حوزه قضايي شهرستان بوئين و مياندشت > شوراي حل اختلاف شهرستان بوئين و مياندشت,3
00985,حوزه قضايي شهرستان تيران و كرون,دادگستري كل استان اصفهان > حوزه قضايي شهرستان تيران و كرون,2
36300,دادسراي عمومي و انقلاب شهرستان تيران و كرون,دادگستري كل استان اصفهان > حوزه قضايي شهرستان تيران و كرون > دادسراي عمومي و انقلاب شهرستان تيران و كرون,3
00416,دادگاه عمومي و انقلاب شهرستان تيران,دادگستري كل استان اصفهان > حوزه قضايي شهرستان تيران و كرون > دادگاه عمومي و انقلاب شهرستان تيران,3
68460,شوراي حل اختلاف شهرستان تيران و كرون,دادگستري كل استان اصفهان > حوزه قضايي شهرستان تيران و كرون > شوراي حل اختلاف شهرستان تيران و كرون,3
68300,حوزه قضايي شهرستان جرقويه,دادگستري كل استان اصفهان > حوزه قضايي شهرستان جرقويه,2
68301,دادگاه عمومي و انقلاب شهرستان جرقويه,دادگستري كل استان اصفهان > حوزه قضايي شهرستان جرقويه > دادگاه عمومي و انقلاب شهرستان جرقويه,3
68313,شوراي حل اختلاف شهرستان جرقويه,دادگستري كل استان اصفهان > حوزه قضايي شهرستان جرقويه > شوراي حل اختلاف شهرستان جرقويه,3
00993,حوزه قضايي شهرستان چادگان,دادگستري كل استان اصفهان > حوزه قضايي شهرستان چادگان,2
37370,دادسراي عمومي و انقلاب شهرستان چادگان,دادگستري كل استان اصفهان > حوزه قضايي شهرستان چادگان > دادسراي عمومي و انقلاب شهرستان چادگان,3
00424,دادگاه عمومي و انقلاب شهرستان چادگان,دادگستري كل استان اصفهان > حوزه قضايي شهرستان چادگان > دادگاه عمومي و انقلاب شهرستان چادگان,3
68400,شوراي حل اختلاف شهرستان چادگان,دادگستري كل استان اصفهان > حوزه قضايي شهرستان چادگان > شوراي حل اختلاف شهرستان چادگان,3
00980,حوزه قضايي شهرستان خميني شهر,دادگستري كل استان اصفهان > حوزه قضايي شهرستان خميني شهر,2
36330,دادسراي عمومي و انقلاب شهرستان خميني شهر,دادگستري كل استان اصفهان > حوزه قضايي شهرستان خميني شهر > دادسراي عمومي و انقلاب شهرستان خميني شهر,3
00411,دادگاه عمومي و انقلاب شهرستان خميني شهر,دادگستري كل استان اصفهان > حوزه قضايي شهرستان خميني شهر > دادگاه عمومي و انقلاب شهرستان خميني شهر,3
68520,شوراي حل اختلاف شهرستان خميني شهر,دادگستري كل استان اصفهان > حوزه قضايي شهرستان خميني شهر > شوراي حل اختلاف شهرستان خميني شهر,3
68519,مجتمع اجراي احكام شوراي حل اختلاف شهرستان خميني شهر,دادگستري كل استان اصفهان > حوزه قضايي شهرستان خميني شهر > شوراي حل اختلاف شهرستان خميني شهر > مجتمع اجراي احكام شوراي حل اختلاف شهرستان خميني شهر,4
00982,حوزه قضايي شهرستان خوانسار,دادگستري كل استان اصفهان > حوزه قضايي شهرستان خوانسار,2
36370,دادسراي عمومي و انقلاب شهرستان خوانسار,دادگستري كل استان اصفهان > حوزه قضايي شهرستان خوانسار > دادسراي عمومي و انقلاب شهرستان خوانسار,3
00413,دادگاه عمومي و انقلاب شهرستان خوانسار,دادگستري كل استان اصفهان > حوزه قضايي شهرستان خوانسار > دادگاه عمومي و انقلاب شهرستان خوانسار,3
68890,شوراي حل اختلاف شهرستان خوانسار,دادگستري كل استان اصفهان > حوزه قضايي شهرستان خوانسار > شوراي حل اختلاف شهرستان خوانسار,3
37470,حوزه قضايي شهرستان خور و بيابانك,دادگستري كل استان اصفهان > حوزه قضايي شهرستان خور و بيابانك,2
37471,دادگاه عمومي و انقلاب شهرستان خور و بيابانك,دادگستري كل استان اصفهان > حوزه قضايي شهرستان خور و بيابانك > دادگاه عمومي و انقلاب شهرستان خور و بيابانك,3
69100,شوراي حل اختلاف شهرستان خور و بيابانك,دادگستري كل استان اصفهان > حوزه قضايي شهرستان خور و بيابانك > شوراي حل اختلاف شهرستان خور و بيابانك,3
00994,حوزه قضايي شهرستان دهاقان,دادگستري كل استان اصفهان > حوزه قضايي شهرستان دهاقان,2
37490,دادسراي عمومي و انقلاب شهرستان دهاقان,دادگستري كل استان اصفهان > حوزه قضايي شهرستان دهاقان > دادسراي عمومي و انقلاب شهرستان دهاقان,3
00425,دادگاه عمومي و انقلاب شهرستان دهاقان,دادگستري كل استان اصفهان > حوزه قضايي شهرستان دهاقان > دادگاه عمومي و انقلاب شهرستان دهاقان,3
69130,شوراي حل اختلاف شهرستان دهاقان,دادگستري كل استان اصفهان > حوزه قضايي شهرستان دهاقان > شوراي حل اختلاف شهرستان دهاقان,3
00984,حوزه قضايي شهرستان سميرم,دادگستري كل استان اصفهان > حوزه قضايي شهرستان سميرم,2
36440,دادسراي عمومي و انقلاب شهرستان سميرم,دادگستري كل استان اصفهان > حوزه قضايي شهرستان سميرم > دادسراي عمومي و انقلاب شهرستان سميرم,3
00415,دادگاه عمومي و انقلاب شهرستان سميرم,دادگستري كل استان اصفهان > حوزه قضايي شهرستان سميرم > دادگاه عمومي و انقلاب شهرستان سميرم,3
68840,شوراي حل اختلاف شهرستان سميرم,دادگستري كل استان اصفهان > حوزه قضايي شهرستان سميرم > شوراي حل اختلاف شهرستان سميرم,3
00987,حوزه قضايي شهرستان شاهين شهر و ميمه,دادگستري كل استان اصفهان > حوزه قضايي شهرستان شاهين شهر و ميمه,2
37590,دادسراي عمومي و انقلاب شهرستان شاهين شهر و ميمه,دادگستري كل استان اصفهان > حوزه قضايي شهرستان شاهين شهر و ميمه > دادسراي عمومي و انقلاب شهرستان شاهين شهر و ميمه,3
00418,دادگاه عمومي و انقلاب شهرستان شاهين شهر و ميمه,دادگستري كل استان اصفهان > حوزه قضايي شهرستان شاهين شهر و ميمه > دادگاه عمومي و انقلاب شهرستان شاهين شهر و ميمه,3
68570,شوراي حل اختلاف شهرستان شاهين شهر و ميمه,دادگستري كل استان اصفهان > حوزه قضايي شهرستان شاهين شهر و ميمه > شوراي حل اختلاف شهرستان شاهين شهر و ميمه,3
00995,حوزه قضايي شهرستان شهرضا,دادگستري كل استان اصفهان > حوزه قضايي شهرستان شهرضا,2
36470,دادسراي عمومي و انقلاب شهرستان شهرضا,دادگستري كل استان اصفهان > حوزه قضايي شهرستان شهرضا > دادسراي عمومي و انقلاب شهرستان شهرضا,3
00426,دادگاه عمومي و انقلاب شهرستان شهرضا,دادگستري كل استان اصفهان > حوزه قضايي شهرستان شهرضا > دادگاه عمومي و انقلاب شهرستان شهرضا,3
68720,شوراي حل اختلاف شهرستان شهرضا,دادگستري كل استان اصفهان > حوزه قضايي شهرستان شهرضا > شوراي حل اختلاف شهرستان شهرضا,3
00990,حوزه قضايي شهرستان فريدن,دادگستري كل استان اصفهان > حوزه قضايي شهرستان فريدن,2
36500,دادسراي عمومي و انقلاب شهرستان فريدن,دادگستري كل استان اصفهان > حوزه قضايي شهرستان فريدن > دادسراي عمومي و انقلاب شهرستان فريدن,3
00421,دادگاه عمومي و انقلاب شهرستان فريدن,دادگستري كل استان اصفهان > حوزه قضايي شهرستان فريدن > دادگاه عمومي و انقلاب شهرستان فريدن,3
68600,شوراي حل اختلاف شهرستان داران و فريدن,دادگستري كل استان اصفهان > حوزه قضايي شهرستان فريدن > شوراي حل اختلاف شهرستان داران و فريدن,3
00998,حوزه قضايي شهرستان فريدون شهر,دادگستري كل استان اصفهان > حوزه قضايي شهرستان فريدون شهر,2
37400,دادسراي عمومي و انقلاب شهرستان فريدون شهر,دادگستري كل استان اصفهان > حوزه قضايي شهرستان فريدون شهر > دادسراي عمومي و انقلاب شهرستان فريدون شهر,3
00429,دادگاه عمومي و انقلاب شهرستان فريدون شهر,دادگستري كل استان اصفهان > حوزه قضايي شهرستان فريدون شهر > دادگاه عمومي و انقلاب شهرستان فريدون شهر,3
68420,شوراي حل اختلاف شهرستان فريدون شهر,دادگستري كل استان اصفهان > حوزه قضايي شهرستان فريدون شهر > شوراي حل اختلاف شهرستان فريدون شهر,3
36530,حوزه قضايي شهرستان فلاورجان,دادگستري كل استان اصفهان > حوزه قضايي شهرستان فلاورجان,2
36532,دادسراي عمومي و انقلاب شهرستان فلاورجان,دادگستري كل استان اصفهان > حوزه قضايي شهرستان فلاورجان > دادسراي عمومي و انقلاب شهرستان فلاورجان,3
36531,دادگاه عمومي و انقلاب شهرستان فلاورجان,دادگستري كل استان اصفهان > حوزه قضايي شهرستان فلاورجان > دادگاه عمومي و انقلاب شهرستان فلاورجان,3
00427,شوراي حل اختلاف شهرستان فلاورجان,دادگستري كل استان اصفهان > حوزه قضايي شهرستان فلاورجان > شوراي حل اختلاف شهرستان فلاورجان,3
68290,حوزه قضايي شهرستان فولادشهر,دادگستري كل استان اصفهان > حوزه قضايي شهرستان فولادشهر,2
68709,دادسراي عمومي و انقلاب شهرستان فولادشهر,دادگستري كل استان اصفهان > حوزه قضايي شهرستان فولادشهر > دادسراي عمومي و انقلاب شهرستان فولادشهر,3
68291,دادگاه عمومي و انقلاب شهرستان فولادشهر,دادگستري كل استان اصفهان > حوزه قضايي شهرستان فولادشهر > دادگاه عمومي و انقلاب شهرستان فولادشهر,3
68294,شوراي حل اختلاف شهرستان فولادشهر,دادگستري كل استان اصفهان > حوزه قضايي شهرستان فولادشهر > شوراي حل اختلاف شهرستان فولادشهر,3
00989,حوزه قضايي شهرستان كاشان,دادگستري كل استان اصفهان > حوزه قضايي شهرستان كاشان,2
36570,دادسراي عمومي و انقلاب شهرستان كاشان,دادگستري كل استان اصفهان > حوزه قضايي شهرستان كاشان > دادسراي عمومي و انقلاب شهرستان كاشان,3
00420,دادگاه عمومي و انقلاب شهرستان كاشان,دادگستري كل استان اصفهان > حوزه قضايي شهرستان كاشان > دادگاه عمومي و انقلاب شهرستان كاشان,3
36720,مجتمع دادگاه هاي خانواده شهرستان كاشان,دادگستري كل استان اصفهان > حوزه قضايي شهرستان كاشان > دادگاه عمومي و انقلاب شهرستان كاشان > مجتمع دادگاه هاي خانواده شهرستان كاشان,4
36650,مجتمع قضايي دادگاههاي صلح شهرستان كاشان,دادگستري كل استان اصفهان > حوزه قضايي شهرستان كاشان > دادگاه عمومي و انقلاب شهرستان كاشان > مجتمع قضايي دادگاههاي صلح شهرستان كاشان,4
68920,شوراي حل اختلاف شهرستان كاشان,دادگستري كل استان اصفهان > حوزه قضايي شهرستان كاشان > شوراي حل اختلاف شهرستان كاشان,3
37550,حوزه قضايي شهرستان كوهپايه,دادگستري كل استان اصفهان > حوزه قضايي شهرستان كوهپايه,2
37551,دادگاه عمومي و انقلاب شهرستان كوهپايه,دادگستري كل استان اصفهان > حوزه قضايي شهرستان كوهپايه > دادگاه عمومي و انقلاب شهرستان كوهپايه,3
69019,شوراي حل اختلاف شهرستان كوهپايه,دادگستري كل استان اصفهان > حوزه قضايي شهرستان كوهپايه > شوراي حل اختلاف شهرستان كوهپايه,3
00988,حوزه قضايي شهرستان گلپايگان,دادگستري كل استان اصفهان > حوزه قضايي شهرستان گلپايگان,2
37200,دادسراي عمومي و انقلاب شهرستان گلپايگان,دادگستري كل استان اصفهان > حوزه قضايي شهرستان گلپايگان > دادسراي عمومي و انقلاب شهرستان گلپايگان,3
00419,دادگاه عمومي و انقلاب شهرستان گلپايگان,دادگستري كل استان اصفهان > حوزه قضايي شهرستان گلپايگان > دادگاه عمومي و انقلاب شهرستان گلپايگان,3
68850,شوراي حل اختلاف شهرستان گلپايگان,دادگستري كل استان اصفهان > حوزه قضايي شهرستان گلپايگان > شوراي حل اختلاف شهرستان گلپايگان,3
00997,حوزه قضايي شهرستان لنجان,دادگستري كل استان اصفهان > حوزه قضايي شهرستان لنجان,2
36400,دادسراي عمومي و انقلاب شهرستان لنجان,دادگستري كل استان اصفهان > حوزه قضايي شهرستان لنجان > دادسراي عمومي و انقلاب شهرستان لنجان,3
00428,دادگاه عمومي و انقلاب شهرستان لنجان,دادگستري كل استان اصفهان > حوزه قضايي شهرستان لنجان > دادگاه عمومي و انقلاب شهرستان لنجان,3
68640,شوراي حل اختلاف شهرستان لنجان,دادگستري كل استان اصفهان > حوزه قضايي شهرستان لنجان > شوراي حل اختلاف شهرستان لنجان,3
00986,حوزه قضايي شهرستان مباركه,دادگستري كل استان اصفهان > حوزه قضايي شهرستان مباركه,2
37230,دادسراي عمومي و انقلاب شهرستان مباركه,دادگستري كل استان اصفهان > حوزه قضايي شهرستان مباركه > دادسراي عمومي و انقلاب شهرستان مباركه,3
00417,دادگاه عمومي و انقلاب شهرستان مباركه,دادگستري كل استان اصفهان > حوزه قضايي شهرستان مباركه > دادگاه عمومي و انقلاب شهرستان مباركه,3
37262,شوراي حل اختلاف شهرستان مباركه,دادگستري كل استان اصفهان > حوزه قضايي شهرستان مباركه > شوراي حل اختلاف شهرستان مباركه,3
00981,حوزه قضايي شهرستان نائين,دادگستري كل استان اصفهان > حوزه قضايي شهرستان نائين,2
37270,دادسراي عمومي و انقلاب شهرستان نائين,دادگستري كل استان اصفهان > حوزه قضايي شهرستان نائين > دادسراي عمومي و انقلاب شهرستان نائين,3
00412,دادگاه عمومي و انقلاب شهرستان نائين,دادگستري كل استان اصفهان > حوزه قضايي شهرستان نائين > دادگاه عمومي و انقلاب شهرستان نائين,3
68710,شوراي حل اختلاف شهرستان نائين,دادگستري كل استان اصفهان > حوزه قضايي شهرستان نائين > شوراي حل اختلاف شهرستان نائين,3
00992,حوزه قضايي شهرستان نجف آباد,دادگستري كل استان اصفهان > حوزه قضايي شهرستان نجف آباد,2
37300,دادسراي عمومي و انقلاب شهرستان نجف آباد,دادگستري كل استان اصفهان > حوزه قضايي شهرستان نجف آباد > دادسراي عمومي و انقلاب شهرستان نجف آباد,3
00423,دادگاه عمومي و انقلاب شهرستان نجف آباد,دادگستري كل استان اصفهان > حوزه قضايي شهرستان نجف آباد > دادگاه عمومي و انقلاب شهرستان نجف آباد,3
37880,شوراي حل اختلاف نجف آباد,دادگستري كل استان اصفهان > حوزه قضايي شهرستان نجف آباد > شوراي حل اختلاف نجف آباد,3
00983,حوزه قضايي شهرستان نطنز,دادگستري كل استان اصفهان > حوزه قضايي شهرستان نطنز,2
37340,دادسراي عمومي و انقلاب شهرستان نطنز,دادگستري كل استان اصفهان > حوزه قضايي شهرستان نطنز > دادسراي عمومي و انقلاب شهرستان نطنز,3
00414,دادگاه عمومي و انقلاب شهرستان نطنز,دادگستري كل استان اصفهان > حوزه قضايي شهرستان نطنز > دادگاه عمومي و انقلاب شهرستان نطنز,3
37970,شوراي حل اختلاف شهرستان نطنز,دادگستري كل استان اصفهان > حوزه قضايي شهرستان نطنز > شوراي حل اختلاف شهرستان نطنز,3
00977,حوزه قضايي شهرستان هرند,دادگستري كل استان اصفهان > حوزه قضايي شهرستان هرند,2
37646,دادگاه عمومي و انقلاب شهرستان هرند,دادگستري كل استان اصفهان > حوزه قضايي شهرستان هرند > دادگاه عمومي و انقلاب شهرستان هرند,3
69160,شوراي حل اختلاف شهرستان هرند,دادگستري كل استان اصفهان > حوزه قضايي شهرستان هرند > شوراي حل اختلاف شهرستان هرند,3
68330,حوزه قضايي شهرستان ورزنه,دادگستري كل استان اصفهان > حوزه قضايي شهرستان ورزنه,2
68331,دادگاه عمومي و انقلاب شهرستان ورزنه,دادگستري كل استان اصفهان > حوزه قضايي شهرستان ورزنه > دادگاه عمومي و انقلاب شهرستان ورزنه,3
68470,شوراي حل اختلاف شهرستان ورزنه,دادگستري كل استان اصفهان > حوزه قضايي شهرستان ورزنه > شوراي حل اختلاف شهرستان ورزنه,3
03680,ساختمان دادگستري كل استان اصفهان ( شعب دادگاههاي تجديدنظر),دادگستري كل استان اصفهان > ساختمان دادگستري كل استان اصفهان ( شعب دادگاههاي تجديدنظر),2
68350,محاكم كيفري يك دادگستري شهرستان اصفهان,دادگستري كل استان اصفهان > ساختمان دادگستري كل استان اصفهان ( شعب دادگاههاي تجديدنظر) > محاكم كيفري يك دادگستري شهرستان اصفهان,3
25700,دادگستري كل استان البرز,دادگستري كل استان البرز,1
26260,حوزه قضايي شهرستان اشتهارد,دادگستري كل استان البرز > حوزه قضايي شهرستان اشتهارد,2
26262,دادسراي عمومي و انقلاب شهرستان اشتهارد,دادگستري كل استان البرز > حوزه قضايي شهرستان اشتهارد > دادسراي عمومي و انقلاب شهرستان اشتهارد,3
26261,دادگاه عمومي و انقلاب شهرستان اشتهارد,دادگستري كل استان البرز > حوزه قضايي شهرستان اشتهارد > دادگاه عمومي و انقلاب شهرستان اشتهارد,3
30490,شوراي حل اختلاف شهرستان اشتهارد,دادگستري كل استان البرز > حوزه قضايي شهرستان اشتهارد > شوراي حل اختلاف شهرستان اشتهارد,3
30570,حوزه قضايي شهرستان چهارباغ,دادگستري كل استان البرز > حوزه قضايي شهرستان چهارباغ,2
30572,دادسراي عمومي و انقلاب شهرستان چهارباغ,دادگستري كل استان البرز > حوزه قضايي شهرستان چهارباغ > دادسراي عمومي و انقلاب شهرستان چهارباغ,3
30571,دادگاه عمومي و انقلاب شهرستان چهارباغ,دادگستري كل استان البرز > حوزه قضايي شهرستان چهارباغ > دادگاه عمومي و انقلاب شهرستان چهارباغ,3
30530,شوراي حل اختلاف چهارباغ استان البرز,دادگستري كل استان البرز > حوزه قضايي شهرستان چهارباغ > شوراي حل اختلاف چهارباغ استان البرز,3
00052,حوزه قضايي شهرستان ساوجبلاغ,دادگستري كل استان البرز > حوزه قضايي شهرستان ساوجبلاغ,2
26220,دادسراي عمومي و انقلاب شهرستان ساوجبلاغ,دادگستري كل استان البرز > حوزه قضايي شهرستان ساوجبلاغ > دادسراي عمومي و انقلاب شهرستان ساوجبلاغ,3
26200,دادگاه عمومي و انقلاب شهرستان ساوجبلاغ,دادگستري كل استان البرز > حوزه قضايي شهرستان ساوجبلاغ > دادگاه عمومي و انقلاب شهرستان ساوجبلاغ,3
30250,شوراي حل اختلاف شهرستان ساوجبلاغ,دادگستري كل استان البرز > حوزه قضايي شهرستان ساوجبلاغ > شوراي حل اختلاف شهرستان ساوجبلاغ,3
00055,حوزه قضايي شهرستان طالقان,دادگستري كل استان البرز > حوزه قضايي شهرستان طالقان,2
26460,دادسراي عمومي و انقلاب شهرستان طالقان,دادگستري كل استان البرز > حوزه قضايي شهرستان طالقان > دادسراي عمومي و انقلاب شهرستان طالقان,3
00133,دادگاه عمومي و انقلاب شهرستان طالقان,دادگستري كل استان البرز > حوزه قضايي شهرستان طالقان > دادگاه عمومي و انقلاب شهرستان طالقان,3
30500,شوراي حل اختلاف شهرستان طالقان,دادگستري كل استان البرز > حوزه قضايي شهرستان طالقان > شوراي حل اختلاف شهرستان طالقان,3
30300,حوزه قضايي شهرستان فرديس,دادگستري كل استان البرز > حوزه قضايي شهرستان فرديس,2
30302,دادسراي عمومي و انقلاب شهرستان فرديس,دادگستري كل استان البرز > حوزه قضايي شهرستان فرديس > دادسراي عمومي و انقلاب شهرستان فرديس,3
30301,دادگاه عمومي و انقلاب شهرستان فرديس,دادگستري كل استان البرز > حوزه قضايي شهرستان فرديس > دادگاه عمومي و انقلاب شهرستان فرديس,3
30402,مجتمع دادگاههاي صلح شهرستان فرديس,دادگستري كل استان البرز > حوزه قضايي شهرستان فرديس > دادگاه عمومي و انقلاب شهرستان فرديس > مجتمع دادگاههاي صلح شهرستان فرديس,4
30370,شوراي حل اختلاف شهرستان فرديس,دادگستري كل استان البرز > حوزه قضايي شهرستان فرديس > شوراي حل اختلاف شهرستان فرديس,3
30486,شوراي حل اختلاف مشكين دشت,دادگستري كل استان البرز > حوزه قضايي شهرستان فرديس > شوراي حل اختلاف شهرستان فرديس > شوراي حل اختلاف مشكين دشت,4
00032,حوزه قضايي شهرستان كرج,دادگستري كل استان البرز > حوزه قضايي شهرستان كرج,2
26100,دادسراي عمومي و انقلاب شهرستان كرج,دادگستري كل استان البرز > حوزه قضايي شهرستان كرج > دادسراي عمومي و انقلاب شهرستان كرج,3
26527,دادسراي عمومي و انقلاب محمدشهركرج,دادگستري كل استان البرز > حوزه قضايي شهرستان كرج > دادسراي عمومي و انقلاب شهرستان كرج > دادسراي عمومي و انقلاب محمدشهركرج,4
26529,دادسراي عمومي و انقلاب ناحيه 1 (امورجنايي و جرائم خاص) شهرستان كرج,دادگستري كل استان البرز > حوزه قضايي شهرستان كرج > دادسراي عمومي و انقلاب شهرستان كرج > دادسراي عمومي و انقلاب ناحيه 1 (امورجنايي و جرائم خاص) شهرستان كرج,4
26615,دادسراي عمومي و انقلاب ناحيه 2 فجر كرج (ويژه نيابت),دادگستري كل استان البرز > حوزه قضايي شهرستان كرج > دادسراي عمومي و انقلاب شهرستان كرج > دادسراي عمومي و انقلاب ناحيه 2 فجر كرج (ويژه نيابت),4
30560,دادسراي عمومي و انقلاب ناحيه 3 شهيد بهشتي كرج,دادگستري كل استان البرز > حوزه قضايي شهرستان كرج > دادسراي عمومي و انقلاب شهرستان كرج > دادسراي عمومي و انقلاب ناحيه 3 شهيد بهشتي كرج,4
00114,دادگاه عمومي و انقلاب شهرستان كرج,دادگستري كل استان البرز > حوزه قضايي شهرستان كرج > دادگاه عمومي و انقلاب شهرستان كرج,3
26590,مجتمع انقلاب اسلامي دادگستري شهرستان كرج (شعب دادگاه),دادگستري كل استان البرز > حوزه قضايي شهرستان كرج > دادگاه عمومي و انقلاب شهرستان كرج > مجتمع انقلاب اسلامي دادگستري شهرستان كرج (شعب دادگاه),4
30430,مجتمع دادگاههاي عمومي جزايي شهرستان كرج,دادگستري كل استان البرز > حوزه قضايي شهرستان كرج > دادگاه عمومي و انقلاب شهرستان كرج > مجتمع دادگاههاي عمومي جزايي شهرستان كرج,4
30431,مجتمع دادگاههاي عمومي حقوقي شهرستان كرج,دادگستري كل استان البرز > حوزه قضايي شهرستان كرج > دادگاه عمومي و انقلاب شهرستان كرج > مجتمع دادگاههاي عمومي حقوقي شهرستان كرج,4
26135,مجتمع قضايي خانواده دادگستري شهرستان كرج,دادگستري كل استان البرز > حوزه قضايي شهرستان كرج > دادگاه عمومي و انقلاب شهرستان كرج > مجتمع قضايي خانواده دادگستري شهرستان كرج,4
30260,مجتمع قضايي دادگاههاي صلح شهرستان كرج,دادگستري كل استان البرز > حوزه قضايي شهرستان كرج > دادگاه عمومي و انقلاب شهرستان كرج > مجتمع قضايي دادگاههاي صلح شهرستان كرج,4
30285,مجتمع قضايي دادگاههاي صلح محمد شهر (شهيدان زارعين),دادگستري كل استان البرز > حوزه قضايي شهرستان كرج > دادگاه عمومي و انقلاب شهرستان كرج > مجتمع قضايي دادگاههاي صلح محمد شهر (شهيدان زارعين),4
30432,مجتمع قضايي محمد شهر(ساختمان شهيد بني جمالي),دادگستري كل استان البرز > حوزه قضايي شهرستان كرج > دادگاه عمومي و انقلاب شهرستان كرج > مجتمع قضايي محمد شهر(ساختمان شهيد بني جمالي),4
26900,شوراي حل اختلاف شهرستان كرج,دادگستري كل استان البرز > حوزه قضايي شهرستان كرج > شوراي حل اختلاف شهرستان كرج,3
30475,شوراي حل اختلاف آسارا,دادگستري كل استان البرز > حوزه قضايي شهرستان كرج > شوراي حل اختلاف شهرستان كرج > شوراي حل اختلاف آسارا,4
26770,شوراي حل اختلاف كرج (مجتمع شهيد بهشتي),دادگستري كل استان البرز > حوزه قضايي شهرستان كرج > شوراي حل اختلاف شهرستان كرج > شوراي حل اختلاف كرج (مجتمع شهيد بهشتي),4
26940,شوراي حل اختلاف كرج (مجتمع ماهدشت),دادگستري كل استان البرز > حوزه قضايي شهرستان كرج > شوراي حل اختلاف شهرستان كرج > شوراي حل اختلاف كرج (مجتمع ماهدشت),4
30440,شوراي حل اختلاف كمالشهر,دادگستري كل استان البرز > حوزه قضايي شهرستان كرج > شوراي حل اختلاف شهرستان كرج > شوراي حل اختلاف كمالشهر,4
30470,شوراي حل اختلاف گرمدره,دادگستري كل استان البرز > حوزه قضايي شهرستان كرج > شوراي حل اختلاف شهرستان كرج > شوراي حل اختلاف گرمدره,4
30460,شوراي حل اختلاف محمدشهر (مجتمع شهيدان زارعين),دادگستري كل استان البرز > حوزه قضايي شهرستان كرج > شوراي حل اختلاف شهرستان كرج > شوراي حل اختلاف محمدشهر (مجتمع شهيدان زارعين),4
26780,مجتمع شماره2 شوراي حل اختلاف كرج (مجتمع شهيد ملك زاده),دادگستري كل استان البرز > حوزه قضايي شهرستان كرج > شوراي حل اختلاف شهرستان كرج > مجتمع شماره2 شوراي حل اختلاف كرج (مجتمع شهيد ملك زاده),4
00048,حوزه قضايي شهرستان نظرآباد,دادگستري كل استان البرز > حوزه قضايي شهرستان نظرآباد,2
26700,دادسراي عمومي و انقلاب شهرستان نظرآباد,دادگستري كل استان البرز > حوزه قضايي شهرستان نظرآباد > دادسراي عمومي و انقلاب شهرستان نظرآباد,3
00609,دادگاه عمومي و انقلاب شهرستان نظرآباد,دادگستري كل استان البرز > حوزه قضايي شهرستان نظرآباد > دادگاه عمومي و انقلاب شهرستان نظرآباد,3
30510,شوراي حل اختلاف شهرستان نظرآباد,دادگستري كل استان البرز > حوزه قضايي شهرستان نظرآباد > شوراي حل اختلاف شهرستان نظرآباد,3
26134,دادگاههاي تجديدنظر و كيفري استان دادگستري كل استان البرز,دادگستري كل استان البرز > دادگاههاي تجديدنظر و كيفري استان دادگستري كل استان البرز,2
00240,دادگستري كل استان ايلام,دادگستري كل استان ايلام,1
84320,حوزه قضايي بخش زرنه,دادگستري كل استان ايلام > حوزه قضايي بخش زرنه,2
84321,دادگاه عمومي و انقلاب بخش زرنه,دادگستري كل استان ايلام > حوزه قضايي بخش زرنه > دادگاه عمومي و انقلاب بخش زرنه,3
85580,شوراي حل اختلاف بخش زرنه,دادگستري كل استان ايلام > حوزه قضايي بخش زرنه > شوراي حل اختلاف بخش زرنه,3
85600,حوزه قضايي بخش زرين آباد و سراب ميمه,دادگستري كل استان ايلام > حوزه قضايي بخش زرين آباد و سراب ميمه,2
85601,دادگاه عمومي و انقلاب بخش زرين آباد و سراب ميمه,دادگستري كل استان ايلام > حوزه قضايي بخش زرين آباد و سراب ميمه > دادگاه عمومي و انقلاب بخش زرين آباد و سراب ميمه,3
85615,شوراي حل اختلاف بخش زرين آباد و سراب ميمه,دادگستري كل استان ايلام > حوزه قضايي بخش زرين آباد و سراب ميمه > شوراي حل اختلاف بخش زرين آباد و سراب ميمه,3
85640,حوزه قضايي بخش ماژين,دادگستري كل استان ايلام > حوزه قضايي بخش ماژين,2
85641,دادگاه عمومي و انقلاب بخش ماژين,دادگستري كل استان ايلام > حوزه قضايي بخش ماژين > دادگاه عمومي و انقلاب بخش ماژين,3
85590,حوزه قضايي بخش موسيان و دشت عباس,دادگستري كل استان ايلام > حوزه قضايي بخش موسيان و دشت عباس,2
85591,دادگاه عمومي و انقلاب بخش موسيان و دشت عباس,دادگستري كل استان ايلام > حوزه قضايي بخش موسيان و دشت عباس > دادگاه عمومي و انقلاب بخش موسيان و دشت عباس,3
85700,شوراي حل اختلاف بخش موسيان و دشت عباس,دادگستري كل استان ايلام > حوزه قضايي بخش موسيان و دشت عباس > شوراي حل اختلاف بخش موسيان و دشت عباس,3
00896,حوزه قضايي شهرستان آبدانان,دادگستري كل استان ايلام > حوزه قضايي شهرستان آبدانان,2
00557,دادسراي عمومي و انقلاب شهرستان آبدانان,دادگستري كل استان ايلام > حوزه قضايي شهرستان آبدانان > دادسراي عمومي و انقلاب شهرستان آبدانان,3
08512,مجتمع قضايي شهرستان آبدانان(شعب دادسرا),دادگستري كل استان ايلام > حوزه قضايي شهرستان آبدانان > دادسراي عمومي و انقلاب شهرستان آبدانان > مجتمع قضايي شهرستان آبدانان(شعب دادسرا),4
00409,دادگاه عمومي و انقلاب شهرستان آبدانان,دادگستري كل استان ايلام > حوزه قضايي شهرستان آبدانان > دادگاه عمومي و انقلاب شهرستان آبدانان,3
08499,مجتمع قضايي شهرستان آبدانان(شعب دادگاه),دادگستري كل استان ايلام > حوزه قضايي شهرستان آبدانان > دادگاه عمومي و انقلاب شهرستان آبدانان > مجتمع قضايي شهرستان آبدانان(شعب دادگاه),4
85570,شوراي حل اختلاف شهرستان آبدانان,دادگستري كل استان ايلام > حوزه قضايي شهرستان آبدانان > شوراي حل اختلاف شهرستان آبدانان,3
00015,حوزه قضايي شهرستان ايلام,دادگستري كل استان ايلام > حوزه قضايي شهرستان ايلام,2
08437,دادسراي عمومي و انقلاب ايلام,دادگستري كل استان ايلام > حوزه قضايي شهرستان ايلام > دادسراي عمومي و انقلاب ايلام,3
08439,مجتمع دادسراي عمومي و انقلاب شهرستان ايلام,دادگستري كل استان ايلام > حوزه قضايي شهرستان ايلام > دادسراي عمومي و انقلاب ايلام > مجتمع دادسراي عمومي و انقلاب شهرستان ايلام,4
00026,دادگاه عمومي و انقلاب شهرستان ايلام,دادگستري كل استان ايلام > حوزه قضايي شهرستان ايلام > دادگاه عمومي و انقلاب شهرستان ايلام,3
08426,مجتمع دادگاههاي عمومي و انقلاب شهرستان ايلام,دادگستري كل استان ايلام > حوزه قضايي شهرستان ايلام > دادگاه عمومي و انقلاب شهرستان ايلام > مجتمع دادگاههاي عمومي و انقلاب شهرستان ايلام,4
08480,شوراي حل اختلاف شهرستان ايلام,دادگستري كل استان ايلام > حوزه قضايي شهرستان ايلام > شوراي حل اختلاف شهرستان ايلام,3
00891,حوزه قضايي شهرستان ايوان,دادگستري كل استان ايلام > حوزه قضايي شهرستان ايوان,2
84210,دادسراي عمومي و انقلاب ايوان,دادگستري كل استان ايلام > حوزه قضايي شهرستان ايوان > دادسراي عمومي و انقلاب ايوان,3
00404,دادگاه عمومي و انقلاب شهرستان ايوان,دادگستري كل استان ايلام > حوزه قضايي شهرستان ايوان > دادگاه عمومي و انقلاب شهرستان ايوان,3
85500,شوراي حل اختلاف شهرستان ايوان,دادگستري كل استان ايلام > حوزه قضايي شهرستان ايوان > شوراي حل اختلاف شهرستان ايوان,3
84280,حوزه قضايي شهرستان بدره,دادگستري كل استان ايلام > حوزه قضايي شهرستان بدره,2
84281,دادگاه عمومي و انقلاب شهرستان بدره,دادگستري كل استان ايلام > حوزه قضايي شهرستان بدره > دادگاه عمومي و انقلاب شهرستان بدره,3
85560,شوراي حل اختلاف شهرستان بدره,دادگستري كل استان ايلام > حوزه قضايي شهرستان بدره > شوراي حل اختلاف شهرستان بدره,3
00894,حوزه قضايي شهرستان چرداول,دادگستري كل استان ايلام > حوزه قضايي شهرستان چرداول,2
00584,دادسراي عمومي و انقلاب شهرستان چرداول,دادگستري كل استان ايلام > حوزه قضايي شهرستان چرداول > دادسراي عمومي و انقلاب شهرستان چرداول,3
08551,مجتمع قضايي شهرستان چرداول(شعب دادسرا),دادگستري كل استان ايلام > حوزه قضايي شهرستان چرداول > دادسراي عمومي و انقلاب شهرستان چرداول > مجتمع قضايي شهرستان چرداول(شعب دادسرا),4
00407,دادگاه عمومي و انقلاب شهرستان چرداول,دادگستري كل استان ايلام > حوزه قضايي شهرستان چرداول > دادگاه عمومي و انقلاب شهرستان چرداول,3
08534,مجتمع قضايي شهرستان چرداول(شعب دادگاه),دادگستري كل استان ايلام > حوزه قضايي شهرستان چرداول > دادگاه عمومي و انقلاب شهرستان چرداول > مجتمع قضايي شهرستان چرداول(شعب دادگاه),4
84380,شوراي حل اختلاف شهرستان چرداول,دادگستري كل استان ايلام > حوزه قضايي شهرستان چرداول > شوراي حل اختلاف شهرستان چرداول,3
84230,حوزه قضايي شهرستان چوار,دادگستري كل استان ايلام > حوزه قضايي شهرستان چوار,2
84231,دادگاه عمومي و انقلاب  شهرستان چوار,دادگستري كل استان ايلام > حوزه قضايي شهرستان چوار > دادگاه عمومي و انقلاب  شهرستان چوار,3
84236,شوراي حل اختلاف شهرستان چوار,دادگستري كل استان ايلام > حوزه قضايي شهرستان چوار > شوراي حل اختلاف شهرستان چوار,3
00892,حوزه قضايي شهرستان دره شهر,دادگستري كل استان ايلام > حوزه قضايي شهرستان دره شهر,2
00558,دادسراي عمومي و انقلاب شهرستان دره شهر,دادگستري كل استان ايلام > حوزه قضايي شهرستان دره شهر > دادسراي عمومي و انقلاب شهرستان دره شهر,3
08636,مجتمع قضايي شهرستان دره شهر(شعب دادسرا),دادگستري كل استان ايلام > حوزه قضايي شهرستان دره شهر > دادسراي عمومي و انقلاب شهرستان دره شهر > مجتمع قضايي شهرستان دره شهر(شعب دادسرا),4
00405,دادگاه عمومي و انقلاب شهرستان دره شهر,دادگستري كل استان ايلام > حوزه قضايي شهرستان دره شهر > دادگاه عمومي و انقلاب شهرستان دره شهر,3
08620,مجتمع قضايي شهرستان دره شهر(شعب دادگاه),دادگستري كل استان ايلام > حوزه قضايي شهرستان دره شهر > دادگاه عمومي و انقلاب شهرستان دره شهر > مجتمع قضايي شهرستان دره شهر(شعب دادگاه),4
85550,شوراي حل اختلاف شهرستان دره شهر,دادگستري كل استان ايلام > حوزه قضايي شهرستان دره شهر > شوراي حل اختلاف شهرستان دره شهر,3
00893,حوزه قضايي شهرستان دهلران,دادگستري كل استان ايلام > حوزه قضايي شهرستان دهلران,2
00580,دادسراي عمومي و انقلاب شهرستان دهلران,دادگستري كل استان ايلام > حوزه قضايي شهرستان دهلران > دادسراي عمومي و انقلاب شهرستان دهلران,3
08680,مجتمع قضايي شهرستان دهلران (شعب دادسرا),دادگستري كل استان ايلام > حوزه قضايي شهرستان دهلران > دادسراي عمومي و انقلاب شهرستان دهلران > مجتمع قضايي شهرستان دهلران (شعب دادسرا),4
00406,دادگاه عمومي و انقلاب شهرستان دهلران,دادگستري كل استان ايلام > حوزه قضايي شهرستان دهلران > دادگاه عمومي و انقلاب شهرستان دهلران,3
08664,مجتمع قضايي شهرستان دهلران (شعب دادگاه),دادگستري كل استان ايلام > حوزه قضايي شهرستان دهلران > دادگاه عمومي و انقلاب شهرستان دهلران > مجتمع قضايي شهرستان دهلران (شعب دادگاه),4
85540,شوراي حل اختلاف شهرستان دهلران,دادگستري كل استان ايلام > حوزه قضايي شهرستان دهلران > شوراي حل اختلاف شهرستان دهلران,3
00899,حوزه قضايي شهرستان سيروان,دادگستري كل استان ايلام > حوزه قضايي شهرستان سيروان,2
00556,دادگاه عمومي و انقلاب شهرستان سيروان,دادگستري كل استان ايلام > حوزه قضايي شهرستان سيروان > دادگاه عمومي و انقلاب شهرستان سيروان,3
84350,شوراي حل اختلاف شهرستان سيروان,دادگستري كل استان ايلام > حوزه قضايي شهرستان سيروان > شوراي حل اختلاف شهرستان سيروان,3
00898,حوزه قضايي شهرستان ملكشاهي,دادگستري كل استان ايلام > حوزه قضايي شهرستان ملكشاهي,2
00555,دادگاه عمومي و انقلاب شهرستان ملكشاهي,دادگستري كل استان ايلام > حوزه قضايي شهرستان ملكشاهي > دادگاه عمومي و انقلاب شهرستان ملكشاهي,3
08769,مجتمع قضايي شهرستان ملكشاهي(شعب دادگاه),دادگستري كل استان ايلام > حوزه قضايي شهرستان ملكشاهي > دادگاه عمومي و انقلاب شهرستان ملكشاهي > مجتمع قضايي شهرستان ملكشاهي(شعب دادگاه),4
85520,شوراي حل اختلاف شهرستان ملكشاهي,دادگستري كل استان ايلام > حوزه قضايي شهرستان ملكشاهي > شوراي حل اختلاف شهرستان ملكشاهي,3
00895,حوزه قضايي شهرستان مهران,دادگستري كل استان ايلام > حوزه قضايي شهرستان مهران,2
00581,دادسراي عمومي و انقلاب شهرستان مهران,دادگستري كل استان ايلام > حوزه قضايي شهرستان مهران > دادسراي عمومي و انقلاب شهرستان مهران,3
08590,مجتمع قضايي شهرستان مهران(شعب دادسرا),دادگستري كل استان ايلام > حوزه قضايي شهرستان مهران > دادسراي عمومي و انقلاب شهرستان مهران > مجتمع قضايي شهرستان مهران(شعب دادسرا),4
00408,دادگاه عمومي و انقلاب شهرستان مهران,دادگستري كل استان ايلام > حوزه قضايي شهرستان مهران > دادگاه عمومي و انقلاب شهرستان مهران,3
08574,مجتمع قضايي شهرستان مهران(شعب دادگاه),دادگستري كل استان ايلام > حوزه قضايي شهرستان مهران > دادگاه عمومي و انقلاب شهرستان مهران > مجتمع قضايي شهرستان مهران(شعب دادگاه),4
85530,شوراي حل اختلاف شهرستان مهران,دادگستري كل استان ايلام > حوزه قضايي شهرستان مهران > شوراي حل اختلاف شهرستان مهران,3
00897,حوزه قضايي شهرستان هليلان,دادگستري كل استان ايلام > حوزه قضايي شهرستان هليلان,2
00410,دادگاه عمومي و انقلاب شهرستان هليلان,دادگستري كل استان ايلام > حوزه قضايي شهرستان هليلان > دادگاه عمومي و انقلاب شهرستان هليلان,3
08734,مجتمع قضايي شهرستان هليلان (شعب دادگاه),دادگستري كل استان ايلام > حوزه قضايي شهرستان هليلان > دادگاه عمومي و انقلاب شهرستان هليلان > مجتمع قضايي شهرستان هليلان (شعب دادگاه),4
85510,شوراي حل اختلاف شهرستان هليلان,دادگستري كل استان ايلام > حوزه قضايي شهرستان هليلان > شوراي حل اختلاف شهرستان هليلان,3
84250,دادگاههاي كيفري يك استان ايلام,دادگستري كل استان ايلام > دادگاههاي كيفري يك استان ايلام,2
08400,مجتمع دادگاههاي تجديدنظر استان ايلام,دادگستري كل استان ايلام > مجتمع دادگاههاي تجديدنظر استان ايلام,2
00250,دادگستري كل استان بوشهر,دادگستري كل استان بوشهر,1
77440,حوزه قضايي بخش آبپخش,دادگستري كل استان بوشهر > حوزه قضايي بخش آبپخش,2
77441,دادگاه عمومي و انقلاب بخش آبپخش,دادگستري كل استان بوشهر > حوزه قضايي بخش آبپخش > دادگاه عمومي و انقلاب بخش آبپخش,3
77515,شوراي حل اختلاف بخش آبپخش,دادگستري كل استان بوشهر > حوزه قضايي بخش آبپخش > شوراي حل اختلاف بخش آبپخش,3
77730,حوزه قضايي بخش بوشكان,دادگستري كل استان بوشهر > حوزه قضايي بخش بوشكان,2
77731,دادگاه عمومي و انقلاب بخش بوشكان,دادگستري كل استان بوشهر > حوزه قضايي بخش بوشكان > دادگاه عمومي و انقلاب بخش بوشكان,3
77350,حوزه قضايي بخش خارگ,دادگستري كل استان بوشهر > حوزه قضايي بخش خارگ,2
77352,دادگاه عمومي و انقلاب بخش خارگ,دادگستري كل استان بوشهر > حوزه قضايي بخش خارگ > دادگاه عمومي و انقلاب بخش خارگ,3
77630,شوراي حل اختلاف بخش خارگ,دادگستري كل استان بوشهر > حوزه قضايي بخش خارگ > شوراي حل اختلاف بخش خارگ,3
77430,حوزه قضايي بخش دلوار,دادگستري كل استان بوشهر > حوزه قضايي بخش دلوار,2
77431,دادگاه عمومي و انقلاب بخش دلوار,دادگستري كل استان بوشهر > حوزه قضايي بخش دلوار > دادگاه عمومي و انقلاب بخش دلوار,3
77620,شوراي حل اختلاف بخش دلوار,دادگستري كل استان بوشهر > حوزه قضايي بخش دلوار > شوراي حل اختلاف بخش دلوار,3
77320,حوزه قضايي بخش ريگ,دادگستري كل استان بوشهر > حوزه قضايي بخش ريگ,2
77322,دادگاه عمومي و انقلاب بخش ريگ,دادگستري كل استان بوشهر > حوزه قضايي بخش ريگ > دادگاه عمومي و انقلاب بخش ريگ,3
77530,شوراي حل اختلاف بخش ريگ,دادگستري كل استان بوشهر > حوزه قضايي بخش ريگ > شوراي حل اختلاف بخش ريگ,3
77310,حوزه قضايي بخش سعدآباد,دادگستري كل استان بوشهر > حوزه قضايي بخش سعدآباد,2
77311,دادگاه عمومي بخش سعدآباد,دادگستري كل استان بوشهر > حوزه قضايي بخش سعدآباد > دادگاه عمومي بخش سعدآباد,3
77570,شوراي حل اختلاف بخش سعدآباد,دادگستري كل استان بوشهر > حوزه قضايي بخش سعدآباد > شوراي حل اختلاف بخش سعدآباد,3
77300,حوزه قضايي بخش شبانكاره,دادگستري كل استان بوشهر > حوزه قضايي بخش شبانكاره,2
77302,دادگاه عمومي بخش شبانكاره,دادگستري كل استان بوشهر > حوزه قضايي بخش شبانكاره > دادگاه عمومي بخش شبانكاره,3
77640,شوراي حل اختلاف بخش شبانكاره,دادگستري كل استان بوشهر > حوزه قضايي بخش شبانكاره > شوراي حل اختلاف بخش شبانكاره,3
77740,حوزه قضايي بخش كاكي,دادگستري كل استان بوشهر > حوزه قضايي بخش كاكي,2
77741,دادگاه عمومي و انقلاب بخش كاكي,دادگستري كل استان بوشهر > حوزه قضايي بخش كاكي > دادگاه عمومي و انقلاب بخش كاكي,3
77750,شوراي حل اختلاف بخش كاكي,دادگستري كل استان بوشهر > حوزه قضايي بخش كاكي > شوراي حل اختلاف بخش كاكي,3
00782,حوزه قضايي شهرستان بوشهر,دادگستري كل استان بوشهر > حوزه قضايي شهرستان بوشهر,2
77116,دادسراي عمومي و انقلاب شهرستان بوشهر,دادگستري كل استان بوشهر > حوزه قضايي شهرستان بوشهر > دادسراي عمومي و انقلاب شهرستان بوشهر,3
77100,دادگاه عمومي و انقلاب شهرستان بوشهر,دادگستري كل استان بوشهر > حوزه قضايي شهرستان بوشهر > دادگاه عمومي و انقلاب شهرستان بوشهر,3
77450,شوراي حل اختلاف شهرستان بوشهر,دادگستري كل استان بوشهر > حوزه قضايي شهرستان بوشهر > شوراي حل اختلاف شهرستان بوشهر,3
00784,حوزه قضايي شهرستان تنگستان,دادگستري كل استان بوشهر > حوزه قضايي شهرستان تنگستان,2
77220,دادسراي عمومي و انقلاب شهرستان تنگستان,دادگستري كل استان بوشهر > حوزه قضايي شهرستان تنگستان > دادسراي عمومي و انقلاب شهرستان تنگستان,3
00519,دادگاه عمومي و انقلاب شهرستان تنگستان,دادگستري كل استان بوشهر > حوزه قضايي شهرستان تنگستان > دادگاه عمومي و انقلاب شهرستان تنگستان,3
77580,شوراي حل اختلاف شهرستان تنگستان,دادگستري كل استان بوشهر > حوزه قضايي شهرستان تنگستان > شوراي حل اختلاف شهرستان تنگستان,3
00786,حوزه قضايي شهرستان جم,دادگستري كل استان بوشهر > حوزه قضايي شهرستان جم,2
77280,دادسراي عمومي و انقلاب شهرستان جم,دادگستري كل استان بوشهر > حوزه قضايي شهرستان جم > دادسراي عمومي و انقلاب شهرستان جم,3
00521,دادگاه عمومي و انقلاب شهرستان جم,دادگستري كل استان بوشهر > حوزه قضايي شهرستان جم > دادگاه عمومي و انقلاب شهرستان جم,3
77550,شوراي حل اختلاف شهرستان جم,دادگستري كل استان بوشهر > حوزه قضايي شهرستان جم > شوراي حل اختلاف شهرستان جم,3
00783,حوزه قضايي شهرستان دشتستان,دادگستري كل استان بوشهر > حوزه قضايي شهرستان دشتستان,2
77140,دادسراي عمومي و انقلاب شهرستان دشتستان,دادگستري كل استان بوشهر > حوزه قضايي شهرستان دشتستان > دادسراي عمومي و انقلاب شهرستان دشتستان,3
00474,دادگاه عمومي و انقلاب شهرستان دشتستان,دادگستري كل استان بوشهر > حوزه قضايي شهرستان دشتستان > دادگاه عمومي و انقلاب شهرستان دشتستان,3
77500,شوراي حل اختلاف شهرستان برازجان,دادگستري كل استان بوشهر > حوزه قضايي شهرستان دشتستان > شوراي حل اختلاف شهرستان برازجان,3
00787,حوزه قضايي شهرستان دشتي,دادگستري كل استان بوشهر > حوزه قضايي شهرستان دشتي,2
77201,دادسراي عمومي و انقلاب شهرستان دشتي,دادگستري كل استان بوشهر > حوزه قضايي شهرستان دشتي > دادسراي عمومي و انقلاب شهرستان دشتي,3
00522,دادگاه عمومي و انقلاب شهرستان دشتي,دادگستري كل استان بوشهر > حوزه قضايي شهرستان دشتي > دادگاه عمومي و انقلاب شهرستان دشتي,3
77540,شوراي حل اختلاف شهرستان دشتي,دادگستري كل استان بوشهر > حوزه قضايي شهرستان دشتي > شوراي حل اختلاف شهرستان دشتي,3
00790,حوزه قضايي شهرستان دير,دادگستري كل استان بوشهر > حوزه قضايي شهرستان دير,2
77240,دادسراي عمومي و انقلاب شهرستان دير,دادگستري كل استان بوشهر > حوزه قضايي شهرستان دير > دادسراي عمومي و انقلاب شهرستان دير,3
00525,دادگاه عمومي و انقلاب شهرستان دير,دادگستري كل استان بوشهر > حوزه قضايي شهرستان دير > دادگاه عمومي و انقلاب شهرستان دير,3
77590,شوراي حل اختلاف شهرستان دير,دادگستري كل استان بوشهر > حوزه قضايي شهرستان دير > شوراي حل اختلاف شهرستان دير,3
00785,حوزه قضايي شهرستان ديلم,دادگستري كل استان بوشهر > حوزه قضايي شهرستان ديلم,2
77260,دادسراي عمومي و انقلاب شهرستان ديلم,دادگستري كل استان بوشهر > حوزه قضايي شهرستان ديلم > دادسراي عمومي و انقلاب شهرستان ديلم,3
00520,دادگاه عمومي و انقلاب شهرستان ديلم,دادگستري كل استان بوشهر > حوزه قضايي شهرستان ديلم > دادگاه عمومي و انقلاب شهرستان ديلم,3
77600,شوراي حل اختلاف شهرستان ديلم,دادگستري كل استان بوشهر > حوزه قضايي شهرستان ديلم > شوراي حل اختلاف شهرستان ديلم,3
77330,حوزه قضايي شهرستان عسلويه,دادگستري كل استان بوشهر > حوزه قضايي شهرستان عسلويه,2
77331,دادسراي عمومي و انقلاب شهرستان عسلويه,دادگستري كل استان بوشهر > حوزه قضايي شهرستان عسلويه > دادسراي عمومي و انقلاب شهرستان عسلويه,3
77332,دادگاه عمومي  و انقلاب شهرستان عسلويه,دادگستري كل استان بوشهر > حوزه قضايي شهرستان عسلويه > دادگاه عمومي  و انقلاب شهرستان عسلويه,3
77650,شوراي حل اختلاف شهرستان عسلويه,دادگستري كل استان بوشهر > حوزه قضايي شهرستان عسلويه > شوراي حل اختلاف شهرستان عسلويه,3
00788,حوزه قضايي شهرستان كنگان,دادگستري كل استان بوشهر > حوزه قضايي شهرستان كنگان,2
77180,دادسراي عمومي و انقلاب شهرستان كنگان,دادگستري كل استان بوشهر > حوزه قضايي شهرستان كنگان > دادسراي عمومي و انقلاب شهرستان كنگان,3
00523,دادگاه عمومي و انقلاب شهرستان كنگان,دادگستري كل استان بوشهر > حوزه قضايي شهرستان كنگان > دادگاه عمومي و انقلاب شهرستان كنگان,3
77660,شوراي حل اختلاف شهرستان كنگان,دادگستري كل استان بوشهر > حوزه قضايي شهرستان كنگان > شوراي حل اختلاف شهرستان كنگان,3
00789,حوزه قضايي شهرستان گناوه,دادگستري كل استان بوشهر > حوزه قضايي شهرستان گناوه,2
77160,دادسراي عمومي و انقلاب شهرستان گناوه,دادگستري كل استان بوشهر > حوزه قضايي شهرستان گناوه > دادسراي عمومي و انقلاب شهرستان گناوه,3
00524,دادگاه عمومي و انقلاب شهرستان گناوه,دادگستري كل استان بوشهر > حوزه قضايي شهرستان گناوه > دادگاه عمومي و انقلاب شهرستان گناوه,3
77680,شوراي حل اختلاف شهرستان گناوه,دادگستري كل استان بوشهر > حوزه قضايي شهرستان گناوه > شوراي حل اختلاف شهرستان گناوه,3
77490,دادگاههاي كيفري يك استان بوشهر,دادگستري كل استان بوشهر > دادگاههاي كيفري يك استان بوشهر,2
77400,مجتمع دادگاههاي تجديدنظر استان بوشهر,دادگستري كل استان بوشهر > مجتمع دادگاههاي تجديدنظر استان بوشهر,2
00159,دادگستري كل استان تهران,دادگستري كل استان تهران,1
00051,حوزه قضايي بخش آفتاب,دادگستري كل استان تهران > حوزه قضايي بخش آفتاب,2
21090,دادگاه عمومي و انقلاب بخش آفتاب,دادگستري كل استان تهران > حوزه قضايي بخش آفتاب > دادگاه عمومي و انقلاب بخش آفتاب,3
21110,شوراي حل اختلاف بخش آفتاب ( شهداي گمنام ),دادگستري كل استان تهران > حوزه قضايي بخش آفتاب > شوراي حل اختلاف بخش آفتاب ( شهداي گمنام ),3
29280,حوزه قضايي بخش جواد آباد,دادگستري كل استان تهران > حوزه قضايي بخش جواد آباد,2
29281,دادگاه عمومي و انقلاب بخش جواد آباد,دادگستري كل استان تهران > حوزه قضايي بخش جواد آباد > دادگاه عمومي و انقلاب بخش جواد آباد,3
78550,شوراي حل اختلاف بخش جواد آباد ( شهيد محمد رضا سليم خانيان ),دادگستري كل استان تهران > حوزه قضايي بخش جواد آباد > شوراي حل اختلاف بخش جواد آباد ( شهيد محمد رضا سليم خانيان ),3
29290,حوزه قضايي بخش چهاردانگه استان تهران,دادگستري كل استان تهران > حوزه قضايي بخش چهاردانگه استان تهران,2
29291,دادگاه عمومي و انقلاب بخش چهاردانگه استان تهران,دادگستري كل استان تهران > حوزه قضايي بخش چهاردانگه استان تهران > دادگاه عمومي و انقلاب بخش چهاردانگه استان تهران,3
78100,شوراي حل اختلاف بخش چهاردانگه استان تهران(شهيد مدافع حرم هادي شجاع ),دادگستري كل استان تهران > حوزه قضايي بخش چهاردانگه استان تهران > شوراي حل اختلاف بخش چهاردانگه استان تهران(شهيد مدافع حرم هادي شجاع ),3
00220,حوزه قضايي بخش خاوران,دادگستري كل استان تهران > حوزه قضايي بخش خاوران,2
00221,دادگاه عمومي و انقلاب بخش خاوران,دادگستري كل استان تهران > حوزه قضايي بخش خاوران > دادگاه عمومي و انقلاب بخش خاوران,3
78480,شوراي حل اختلاف بخش خاوران (شهيد مدافع حرم ابوالفضل نيكزاد),دادگستري كل استان تهران > حوزه قضايي بخش خاوران > شوراي حل اختلاف بخش خاوران (شهيد مدافع حرم ابوالفضل نيكزاد),3
29930,حوزه قضايي بخش رودبارقصران,دادگستري كل استان تهران > حوزه قضايي بخش رودبارقصران,2
29931,دادگاه عمومي و انقلاب بخش رودبارقصران,دادگستري كل استان تهران > حوزه قضايي بخش رودبارقصران > دادگاه عمومي و انقلاب بخش رودبارقصران,3
78330,شوراي حل اختلاف بخش رودبارقصران (جاويدالاثر حاج احمد متوسليان ),دادگستري كل استان تهران > حوزه قضايي بخش رودبارقصران > شوراي حل اختلاف بخش رودبارقصران (جاويدالاثر حاج احمد متوسليان ),3
00042,حوزه قضايي بخش رودهن,دادگستري كل استان تهران > حوزه قضايي بخش رودهن,2
00191,دادگاه عمومي و انقلاب بخش رودهن,دادگستري كل استان تهران > حوزه قضايي بخش رودهن > دادگاه عمومي و انقلاب بخش رودهن,3
78170,شوراي حل اختلاف بخش رودهن (شهيد سعيد محرمي ),دادگستري كل استان تهران > حوزه قضايي بخش رودهن > شوراي حل اختلاف بخش رودهن (شهيد سعيد محرمي ),3
00210,حوزه قضايي بخش شريف آباد,دادگستري كل استان تهران > حوزه قضايي بخش شريف آباد,2
00211,دادگاه عمومي و انقلاب بخش شريف آباد,دادگستري كل استان تهران > حوزه قضايي بخش شريف آباد > دادگاه عمومي و انقلاب بخش شريف آباد,3
78540,شوراي حل اختلاف بخش شريف آباد (سرلشگر شهيد حسن هداوند ميرزايي ),دادگستري كل استان تهران > حوزه قضايي بخش شريف آباد > شوراي حل اختلاف بخش شريف آباد (سرلشگر شهيد حسن هداوند ميرزايي ),3
77850,حوزه قضايي بخش صفادشت,دادگستري كل استان تهران > حوزه قضايي بخش صفادشت,2
77851,دادگاه عمومي و انقلاب بخش صفادشت,دادگستري كل استان تهران > حوزه قضايي بخش صفادشت > دادگاه عمومي و انقلاب بخش صفادشت,3
78490,شوراي حل اختلاف بخش صفادشت (برادران شهيد نورافكن ),دادگستري كل استان تهران > حوزه قضايي بخش صفادشت > شوراي حل اختلاف بخش صفادشت (برادران شهيد نورافكن ),3
00050,حوزه قضايي بخش فشاپويه,دادگستري كل استان تهران > حوزه قضايي بخش فشاپويه,2
01800,دادگاه عمومي و انقلاب بخش فشاپويه,دادگستري كل استان تهران > حوزه قضايي بخش فشاپويه > دادگاه عمومي و انقلاب بخش فشاپويه,3
78500,شوراي حل اختلاف فشاپويه تهران (خبرنگار شهيد محمود صارمي ),دادگستري كل استان تهران > حوزه قضايي بخش فشاپويه > شوراي حل اختلاف فشاپويه تهران (خبرنگار شهيد محمود صارمي ),3
78760,حوزه قضايي بخش قلعه نو,دادگستري كل استان تهران > حوزه قضايي بخش قلعه نو,2
78761,دادگاه عمومي و انقلاب بخش قلعه نو,دادگستري كل استان تهران > حوزه قضايي بخش قلعه نو > دادگاه عمومي و انقلاب بخش قلعه نو,3
78771,شوراي حل اختلاف بخش قلعه نو (شهداي مدافع امنيت),دادگستري كل استان تهران > حوزه قضايي بخش قلعه نو > شوراي حل اختلاف بخش قلعه نو (شهداي مدافع امنيت),3
00034,حوزه قضايي بخش كهريزك,دادگستري كل استان تهران > حوزه قضايي بخش كهريزك,2
00155,دادگاه عمومي و انقلاب بخش كهريزك,دادگستري كل استان تهران > حوزه قضايي بخش كهريزك > دادگاه عمومي و انقلاب بخش كهريزك,3
78300,شوراي حل اختلاف بخش كهريزك (شهيد رازيني ),دادگستري كل استان تهران > حوزه قضايي بخش كهريزك > شوراي حل اختلاف بخش كهريزك (شهيد رازيني ),3
00019,حوزه قضايي بخش لواسانات,دادگستري كل استان تهران > حوزه قضايي بخش لواسانات,2
22180,دادسراي عمومي و انقلاب بخش لواسانات,دادگستري كل استان تهران > حوزه قضايي بخش لواسانات > دادسراي عمومي و انقلاب بخش لواسانات,3
01818,دادگاه عمومي و انقلاب بخش لواسانات,دادگستري كل استان تهران > حوزه قضايي بخش لواسانات > دادگاه عمومي و انقلاب بخش لواسانات,3
78320,شوراي حل اختلاف بخش لواسانات (شهيد مدافع حرم كمال شيرخاني ),دادگستري كل استان تهران > حوزه قضايي بخش لواسانات > شوراي حل اختلاف بخش لواسانات (شهيد مدافع حرم كمال شيرخاني ),3
00031,حوزه قضايي شهرستان اسلامشهر,دادگستري كل استان تهران > حوزه قضايي شهرستان اسلامشهر,2
28800,دادسراي عمومي و انقلاب شهرستان اسلامشهر,دادگستري كل استان تهران > حوزه قضايي شهرستان اسلامشهر > دادسراي عمومي و انقلاب شهرستان اسلامشهر,3
00043,دادگاه عمومي و انقلاب شهرستان اسلامشهر,دادگستري كل استان تهران > حوزه قضايي شهرستان اسلامشهر > دادگاه عمومي و انقلاب شهرستان اسلامشهر,3
29800,شوراي حل اختلاف شهرستان اسلامشهر (شهيد مدافع سلامت مهدي حبيب پور ),دادگستري كل استان تهران > حوزه قضايي شهرستان اسلامشهر > شوراي حل اختلاف شهرستان اسلامشهر (شهيد مدافع سلامت مهدي حبيب پور ),3
29855,حوزه قضايي شهرستان بهارستان,دادگستري كل استان تهران > حوزه قضايي شهرستان بهارستان,2
29857,دادسراي عمومي و انقلاب شهرستان بهارستان,دادگستري كل استان تهران > حوزه قضايي شهرستان بهارستان > دادسراي عمومي و انقلاب شهرستان بهارستان,3
29856,دادگاه عمومي و انقلاب شهرستان بهارستان,دادگستري كل استان تهران > حوزه قضايي شهرستان بهارستان > دادگاه عمومي و انقلاب شهرستان بهارستان,3
78120,شوراي حل اختلاف شهرستان بهارستان (شهيد قديرعلي عبادي),دادگستري كل استان تهران > حوزه قضايي شهرستان بهارستان > شوراي حل اختلاف شهرستان بهارستان (شهيد قديرعلي عبادي),3
00046,حوزه قضايي شهرستان پاكدشت,دادگستري كل استان تهران > حوزه قضايي شهرستان پاكدشت,2
29200,دادسراي عمومي و انقلاب شهرستان پاكدشت,دادگستري كل استان تهران > حوزه قضايي شهرستان پاكدشت > دادسراي عمومي و انقلاب شهرستان پاكدشت,3
00273,دادگاه عمومي و انقلاب شهرستان پاكدشت,دادگستري كل استان تهران > حوزه قضايي شهرستان پاكدشت > دادگاه عمومي و انقلاب شهرستان پاكدشت,3
78130,شوراي حل اختلاف شهرستان پاكدشت (قاضي شهيد حجت الاسلام رضا مظفر ),دادگستري كل استان تهران > حوزه قضايي شهرستان پاكدشت > شوراي حل اختلاف شهرستان پاكدشت (قاضي شهيد حجت الاسلام رضا مظفر ),3
26800,حوزه قضايي شهرستان پرديس,دادگستري كل استان تهران > حوزه قضايي شهرستان پرديس,2
26801,دادسراي عمومي و انقلاب شهرستان پرديس,دادگستري كل استان تهران > حوزه قضايي شهرستان پرديس > دادسراي عمومي و انقلاب شهرستان پرديس,3
29101,دادگاه عمومي و انقلاب شهرستان پرديس,دادگستري كل استان تهران > حوزه قضايي شهرستان پرديس > دادگاه عمومي و انقلاب شهرستان پرديس,3
78150,شوراي حل اختلاف شهرستان پرديس (برادران شهيد سجاديان ),دادگستري كل استان تهران > حوزه قضايي شهرستان پرديس > شوراي حل اختلاف شهرستان پرديس (برادران شهيد سجاديان ),3
29260,حوزه قضايي شهرستان پيشوا,دادگستري كل استان تهران > حوزه قضايي شهرستان پيشوا,2
29262,دادسراي عمومي و انقلاب شهرستان پيشوا,دادگستري كل استان تهران > حوزه قضايي شهرستان پيشوا > دادسراي عمومي و انقلاب شهرستان پيشوا,3
29261,دادگاه عمومي و انقلاب شهرستان پيشوا,دادگستري كل استان تهران > حوزه قضايي شهرستان پيشوا > دادگاه عمومي و انقلاب شهرستان پيشوا,3
29270,شوراي حل اختلاف شهرستان پيشوا (شهداي 15 خرداد ),دادگستري كل استان تهران > حوزه قضايي شهرستان پيشوا > شوراي حل اختلاف شهرستان پيشوا (شهداي 15 خرداد ),3
00006,حوزه قضايي شهرستان تهران,دادگستري كل استان تهران > حوزه قضايي شهرستان تهران,2
00269,دادگاه عمومي و انقلاب شهرستان تهران,دادگستري كل استان تهران > حوزه قضايي شهرستان تهران > دادگاه عمومي و انقلاب شهرستان تهران,3
02600,دادگاه انقلاب اسلامي شهر تهران,دادگستري كل استان تهران > حوزه قضايي شهرستان تهران > دادگاه عمومي و انقلاب شهرستان تهران > دادگاه انقلاب اسلامي شهر تهران,4
78722,شعب دادگاه انقلاب اسلامي ويژه رسيدگي به جرائم اقتصادي تهران (مستقر در مجتمع قضايي جرائم اقتصادي),دادگستري كل استان تهران > حوزه قضايي شهرستان تهران > دادگاه عمومي و انقلاب شهرستان تهران > دادگاه انقلاب اسلامي شهر تهران > شعب دادگاه انقلاب اسلامي ويژه رسيدگي به جرائم اقتصادي تهران (مستقر در مجتمع قضايي جرائم اقتصادي),5
21240,مجتمع قضايي ارشاد تهران,دادگستري كل استان تهران > حوزه قضايي شهرستان تهران > دادگاه عمومي و انقلاب شهرستان تهران > مجتمع قضايي ارشاد تهران,4
02100,مجتمع قضايي بعثت تهران,دادگستري كل استان تهران > حوزه قضايي شهرستان تهران > دادگاه عمومي و انقلاب شهرستان تهران > مجتمع قضايي بعثت تهران,4
78723,مجتمع قضايي تخصصي رسيدگي به دعاوي تجاري تهران,دادگستري كل استان تهران > حوزه قضايي شهرستان تهران > دادگاه عمومي و انقلاب شهرستان تهران > مجتمع قضايي تخصصي رسيدگي به دعاوي تجاري تهران,4
21290,مجتمع قضايي تخصصي ويژه رسيدگي به جرائم اقتصادي تهران,دادگستري كل استان تهران > حوزه قضايي شهرستان تهران > دادگاه عمومي و انقلاب شهرستان تهران > مجتمع قضايي تخصصي ويژه رسيدگي به جرائم اقتصادي تهران,4
02160,مجتمع قضايي خانواده 2 تهران,دادگستري كل استان تهران > حوزه قضايي شهرستان تهران > دادگاه عمومي و انقلاب شهرستان تهران > مجتمع قضايي خانواده 2 تهران,4
77836,مجتمع قضايي خانواده 3 تهران,دادگستري كل استان تهران > حوزه قضايي شهرستان تهران > دادگاه عمومي و انقلاب شهرستان تهران > مجتمع قضايي خانواده 3 تهران,4
01900,مجتمع قضايي خانواده يك تهران,دادگستري كل استان تهران > حوزه قضايي شهرستان تهران > دادگاه عمومي و انقلاب شهرستان تهران > مجتمع قضايي خانواده يك تهران,4
78810,مجتمع قضايي شماره 1 دادگاههاي صلح تهران,دادگستري كل استان تهران > حوزه قضايي شهرستان تهران > دادگاه عمومي و انقلاب شهرستان تهران > مجتمع قضايي شماره 1 دادگاههاي صلح تهران,4
78839,مجتمع قضايي شماره 10 دادگاههاي صلح تهران,دادگستري كل استان تهران > حوزه قضايي شهرستان تهران > دادگاه عمومي و انقلاب شهرستان تهران > مجتمع قضايي شماره 10 دادگاههاي صلح تهران,4
78840,مجتمع قضايي شماره 11 دادگاههاي صلح تهران,دادگستري كل استان تهران > حوزه قضايي شهرستان تهران > دادگاه عمومي و انقلاب شهرستان تهران > مجتمع قضايي شماره 11 دادگاههاي صلح تهران,4
78841,مجتمع قضايي شماره 12 دادگاههاي صلح تهران,دادگستري كل استان تهران > حوزه قضايي شهرستان تهران > دادگاه عمومي و انقلاب شهرستان تهران > مجتمع قضايي شماره 12 دادگاههاي صلح تهران,4
78831,مجتمع قضايي شماره 2 دادگاههاي صلح تهران,دادگستري كل استان تهران > حوزه قضايي شهرستان تهران > دادگاه عمومي و انقلاب شهرستان تهران > مجتمع قضايي شماره 2 دادگاههاي صلح تهران,4
78832,مجتمع قضايي شماره 3 دادگاههاي صلح تهران,دادگستري كل استان تهران > حوزه قضايي شهرستان تهران > دادگاه عمومي و انقلاب شهرستان تهران > مجتمع قضايي شماره 3 دادگاههاي صلح تهران,4
78833,مجتمع قضايي شماره 4 دادگاههاي صلح تهران,دادگستري كل استان تهران > حوزه قضايي شهرستان تهران > دادگاه عمومي و انقلاب شهرستان تهران > مجتمع قضايي شماره 4 دادگاههاي صلح تهران,4
78834,مجتمع قضايي شماره 5 دادگاههاي صلح تهران,دادگستري كل استان تهران > حوزه قضايي شهرستان تهران > دادگاه عمومي و انقلاب شهرستان تهران > مجتمع قضايي شماره 5 دادگاههاي صلح تهران,4
78835,مجتمع قضايي شماره 6 دادگاههاي صلح تهران,دادگستري كل استان تهران > حوزه قضايي شهرستان تهران > دادگاه عمومي و انقلاب شهرستان تهران > مجتمع قضايي شماره 6 دادگاههاي صلح تهران,4
78836,مجتمع قضايي شماره 7 دادگاههاي صلح تهران,دادگستري كل استان تهران > حوزه قضايي شهرستان تهران > دادگاه عمومي و انقلاب شهرستان تهران > مجتمع قضايي شماره 7 دادگاههاي صلح تهران,4
78837,مجتمع قضايي شماره 8 دادگاههاي صلح تهران,دادگستري كل استان تهران > حوزه قضايي شهرستان تهران > دادگاه عمومي و انقلاب شهرستان تهران > مجتمع قضايي شماره 8 دادگاههاي صلح تهران,4
78838,مجتمع قضايي شماره 9 دادگاههاي صلح تهران,دادگستري كل استان تهران > حوزه قضايي شهرستان تهران > دادگاه عمومي و انقلاب شهرستان تهران > مجتمع قضايي شماره 9 دادگاههاي صلح تهران,4
02410,مجتمع قضايي شهيد باهنر تهران,دادگستري كل استان تهران > حوزه قضايي شهرستان تهران > دادگاه عمومي و انقلاب شهرستان تهران > مجتمع قضايي شهيد باهنر تهران,4
02260,مجتمع قضايي شهيد بهشتي تهران,دادگستري كل استان تهران > حوزه قضايي شهرستان تهران > دادگاه عمومي و انقلاب شهرستان تهران > مجتمع قضايي شهيد بهشتي تهران,4
21600,مجتمع قضايي شهيد صدر تهران,دادگستري كل استان تهران > حوزه قضايي شهرستان تهران > دادگاه عمومي و انقلاب شهرستان تهران > مجتمع قضايي شهيد صدر تهران,4
21720,مجتمع قضايي شهيد فهميده (اطفال و نوجوانان) تهران,دادگستري كل استان تهران > حوزه قضايي شهرستان تهران > دادگاه عمومي و انقلاب شهرستان تهران > مجتمع قضايي شهيد فهميده (اطفال و نوجوانان) تهران,4
21900,مجتمع قضايي شهيد قدوسي تهران,دادگستري كل استان تهران > حوزه قضايي شهرستان تهران > دادگاه عمومي و انقلاب شهرستان تهران > مجتمع قضايي شهيد قدوسي تهران,4
78750,مجتمع قضايي شهيد كچوئي تهران,دادگستري كل استان تهران > حوزه قضايي شهرستان تهران > دادگاه عمومي و انقلاب شهرستان تهران > مجتمع قضايي شهيد كچوئي تهران,4
02310,مجتمع قضايي شهيد محلاتي تهران,دادگستري كل استان تهران > حوزه قضايي شهرستان تهران > دادگاه عمومي و انقلاب شهرستان تهران > مجتمع قضايي شهيد محلاتي تهران,4
21660,مجتمع قضايي شهيد مدرس تهران,دادگستري كل استان تهران > حوزه قضايي شهرستان تهران > دادگاه عمومي و انقلاب شهرستان تهران > مجتمع قضايي شهيد مدرس تهران,4
29150,مجتمع قضايي شهيد مدني تهران,دادگستري كل استان تهران > حوزه قضايي شهرستان تهران > دادگاه عمومي و انقلاب شهرستان تهران > مجتمع قضايي شهيد مدني تهران,4
02130,مجتمع قضايي شهيد مطهري تهران,دادگستري كل استان تهران > حوزه قضايي شهرستان تهران > دادگاه عمومي و انقلاب شهرستان تهران > مجتمع قضايي شهيد مطهري تهران,4
21630,مجتمع قضايي شهيد مفتح تهران,دادگستري كل استان تهران > حوزه قضايي شهرستان تهران > دادگاه عمومي و انقلاب شهرستان تهران > مجتمع قضايي شهيد مفتح تهران,4
00002,مجتمع قضايي عدالت تهران,دادگستري كل استان تهران > حوزه قضايي شهرستان تهران > دادگاه عمومي و انقلاب شهرستان تهران > مجتمع قضايي عدالت تهران,4
21800,مجتمع قضايي قدس تهران,دادگستري كل استان تهران > حوزه قضايي شهرستان تهران > دادگاه عمومي و انقلاب شهرستان تهران > مجتمع قضايي قدس تهران,4
21850,مجتمع قضايي وليعصر(عج) تهران,دادگستري كل استان تهران > حوزه قضايي شهرستان تهران > دادگاه عمومي و انقلاب شهرستان تهران > مجتمع قضايي وليعصر(عج) تهران,4
77395,مجتمع قضايي ويژه امور حسبي تهران,دادگستري كل استان تهران > حوزه قضايي شهرستان تهران > دادگاه عمومي و انقلاب شهرستان تهران > مجتمع قضايي ويژه امور حسبي تهران,4
22079,مجتمع قضايي ويژه رسيدگي به جرائم كاركنان دولت تهران,دادگستري كل استان تهران > حوزه قضايي شهرستان تهران > دادگاه عمومي و انقلاب شهرستان تهران > مجتمع قضايي ويژه رسيدگي به جرائم كاركنان دولت تهران,4
26880,مجتمع قضايي ويژه نيابت قضايي و اجراي احكام مدني تهران,دادگستري كل استان تهران > حوزه قضايي شهرستان تهران > دادگاه عمومي و انقلاب شهرستان تهران > مجتمع قضايي ويژه نيابت قضايي و اجراي احكام مدني تهران,4
09110,شوراي حل اختلاف شهرستان تهران,دادگستري كل استان تهران > حوزه قضايي شهرستان تهران > شوراي حل اختلاف شهرستان تهران,3
09625,مجتمع شماره بيست و پنج شوراي حل اختلاف شهر تهران (ويژه خانواده2) (شهيد باكري ),دادگستري كل استان تهران > حوزه قضايي شهرستان تهران > شوراي حل اختلاف شهرستان تهران > مجتمع شماره بيست و پنج شوراي حل اختلاف شهر تهران (ويژه خانواده2) (شهيد باكري ),4
09624,مجتمع شماره بيست و چهار شوراي حل اختلاف شهر تهران (ويژه خانواده3)(شهيد باهنر ),دادگستري كل استان تهران > حوزه قضايي شهرستان تهران > شوراي حل اختلاف شهرستان تهران > مجتمع شماره بيست و چهار شوراي حل اختلاف شهر تهران (ويژه خانواده3)(شهيد باهنر ),4
09622,مجتمع شماره بيست و دو شوراي حل اختلاف شهر تهران (شهيد خرازي),دادگستري كل استان تهران > حوزه قضايي شهرستان تهران > شوراي حل اختلاف شهرستان تهران > مجتمع شماره بيست و دو شوراي حل اختلاف شهر تهران (شهيد خرازي),4
09623,مجتمع شماره بيست و سه شوراي حل اختلاف شهر تهران (ويژه خانواده1)(شهيد محلاتي ),دادگستري كل استان تهران > حوزه قضايي شهرستان تهران > شوراي حل اختلاف شهرستان تهران > مجتمع شماره بيست و سه شوراي حل اختلاف شهر تهران (ويژه خانواده1)(شهيد محلاتي ),4
09626,مجتمع شماره بيست و شش شوراي حل اختلاف شهر تهران (تخصصي شركت هاي دانش بنيان و نخبگان) (شهيد دكترمجيد شهرياري),دادگستري كل استان تهران > حوزه قضايي شهرستان تهران > شوراي حل اختلاف شهرستان تهران > مجتمع شماره بيست و شش شوراي حل اختلاف شهر تهران (تخصصي شركت هاي دانش بنيان و نخبگان) (شهيد دكترمجيد شهرياري),4
09629,مجتمع شماره بيست و نه شوراي حل اختلاف شهر تهران (ويژه بهداشت و درمان) (شهداي مدافع سلامت),دادگستري كل استان تهران > حوزه قضايي شهرستان تهران > شوراي حل اختلاف شهرستان تهران > مجتمع شماره بيست و نه شوراي حل اختلاف شهر تهران (ويژه بهداشت و درمان) (شهداي مدافع سلامت),4
09627,مجتمع شماره بيست و هفت شوراي حل اختلاف شهر تهران (ويژه اصناف، بازرگانان و نظام مهندسي )( سردارشهيد سليماني),دادگستري كل استان تهران > حوزه قضايي شهرستان تهران > شوراي حل اختلاف شهرستان تهران > مجتمع شماره بيست و هفت شوراي حل اختلاف شهر تهران (ويژه اصناف، بازرگانان و نظام مهندسي )( سردارشهيد سليماني),4
09621,مجتمع شماره بيست و يك شوراي حل اختلاف شهر تهران (شهيد تهراني مقدم),دادگستري كل استان تهران > حوزه قضايي شهرستان تهران > شوراي حل اختلاف شهرستان تهران > مجتمع شماره بيست و يك شوراي حل اختلاف شهر تهران (شهيد تهراني مقدم),4
09496,مجتمع شماره پانزده شوراي حل اختلاف شهر تهران (شهيد مهدي نوروزي،شهيد مدافع حرم قوه قضائيه ),دادگستري كل استان تهران > حوزه قضايي شهرستان تهران > شوراي حل اختلاف شهرستان تهران > مجتمع شماره پانزده شوراي حل اختلاف شهر تهران (شهيد مهدي نوروزي،شهيد مدافع حرم قوه قضائيه ),4
09113,مجتمع شماره پنج شوراي حل اختلاف شهر تهران (شهيد همت),دادگستري كل استان تهران > حوزه قضايي شهرستان تهران > شوراي حل اختلاف شهرستان تهران > مجتمع شماره پنج شوراي حل اختلاف شهر تهران (شهيد همت),4
09119,مجتمع شماره چهار شوراي حل اختلاف شهر تهران (شهيدسپهبد صياد شيرازي),دادگستري كل استان تهران > حوزه قضايي شهرستان تهران > شوراي حل اختلاف شهرستان تهران > مجتمع شماره چهار شوراي حل اختلاف شهر تهران (شهيدسپهبد صياد شيرازي),4
09495,مجتمع شماره چهارده شوراي حل اختلاف شهر تهران (شهيد عباس بابائي ),دادگستري كل استان تهران > حوزه قضايي شهرستان تهران > شوراي حل اختلاف شهرستان تهران > مجتمع شماره چهارده شوراي حل اختلاف شهر تهران (شهيد عباس بابائي ),4
09492,مجتمع شماره ده شوراي حل اختلاف شهر تهران ( شهيد لشگري ),دادگستري كل استان تهران > حوزه قضايي شهرستان تهران > شوراي حل اختلاف شهرستان تهران > مجتمع شماره ده شوراي حل اختلاف شهر تهران ( شهيد لشگري ),4
09118,مجتمع شماره دو شوراي حل اختلاف شهر تهران (شهيد آيت الله دستغيب ),دادگستري كل استان تهران > حوزه قضايي شهرستان تهران > شوراي حل اختلاف شهرستان تهران > مجتمع شماره دو شوراي حل اختلاف شهر تهران (شهيد آيت الله دستغيب ),4
09494,مجتمع شماره دوازده شوراي حل اختلاف شهر تهران (شهيد نيلفروشان),دادگستري كل استان تهران > حوزه قضايي شهرستان تهران > شوراي حل اختلاف شهرستان تهران > مجتمع شماره دوازده شوراي حل اختلاف شهر تهران (شهيد نيلفروشان),4
09112,مجتمع شماره سه شوراي حل اختلاف شهر تهران (شهيد احمدي روشن ),دادگستري كل استان تهران > حوزه قضايي شهرستان تهران > شوراي حل اختلاف شهرستان تهران > مجتمع شماره سه شوراي حل اختلاف شهر تهران (شهيد احمدي روشن ),4
09630,مجتمع شماره سي شوراي حل اختلاف شهر تهران (ويژه زندان) (سردارشهيد سليماني),دادگستري كل استان تهران > حوزه قضايي شهرستان تهران > شوراي حل اختلاف شهرستان تهران > مجتمع شماره سي شوراي حل اختلاف شهر تهران (ويژه زندان) (سردارشهيد سليماني),4
09117,مجتمع شماره سي و پنج شوراي حل اختلاف (ويژه فرهنگ، رسانه و هنر) تهران (شهيدآويني),دادگستري كل استان تهران > حوزه قضايي شهرستان تهران > شوراي حل اختلاف شهرستان تهران > مجتمع شماره سي و پنج شوراي حل اختلاف (ويژه فرهنگ، رسانه و هنر) تهران (شهيدآويني),4
09634,مجتمع شماره سي و چهار شوراي حل اختلاف شهر تهران (ويژه خانواده 4)(شهيد مفتح ),دادگستري كل استان تهران > حوزه قضايي شهرستان تهران > شوراي حل اختلاف شهرستان تهران > مجتمع شماره سي و چهار شوراي حل اختلاف شهر تهران (ويژه خانواده 4)(شهيد مفتح ),4
09632,مجتمع شماره سي و دو (كميته) شوراي حل اختلاف شهر تهران (شهيدآيت الله  مصطفي خميني ),دادگستري كل استان تهران > حوزه قضايي شهرستان تهران > شوراي حل اختلاف شهرستان تهران > مجتمع شماره سي و دو (كميته) شوراي حل اختلاف شهر تهران (شهيدآيت الله  مصطفي خميني ),4
09633,مجتمع شماره سي و سه شوراي حل اختلاف شهر تهران ( ويژه تعاون ، بانكها و مؤسسات مالي و اعتباري) (شهيد ديالمه ),دادگستري كل استان تهران > حوزه قضايي شهرستان تهران > شوراي حل اختلاف شهرستان تهران > مجتمع شماره سي و سه شوراي حل اختلاف شهر تهران ( ويژه تعاون ، بانكها و مؤسسات مالي و اعتباري) (شهيد ديالمه ),4
09637,مجتمع شماره سي و هفت شوراي حل اختلاف شهر تهران (امامزادگان عينعلي و زينعلي),دادگستري كل استان تهران > حوزه قضايي شهرستان تهران > شوراي حل اختلاف شهرستان تهران > مجتمع شماره سي و هفت شوراي حل اختلاف شهر تهران (امامزادگان عينعلي و زينعلي),4
09638,مجتمع شماره سي و يك شوراي حل اختلاف شهر تهران (ويژه سردفتران و دفترياران) (شهداي مدافع حرم),دادگستري كل استان تهران > حوزه قضايي شهرستان تهران > شوراي حل اختلاف شهرستان تهران > مجتمع شماره سي و يك شوراي حل اختلاف شهر تهران (ويژه سردفتران و دفترياران) (شهداي مدافع حرم),4
09116,مجتمع شماره سيزده شوراي حل اختلاف شهر تهران (شهيد لاجوردي),دادگستري كل استان تهران > حوزه قضايي شهرستان تهران > شوراي حل اختلاف شهرستان تهران > مجتمع شماره سيزده شوراي حل اختلاف شهر تهران (شهيد لاجوردي),4
09497,مجتمع شماره شانزده شوراي حل اختلاف شهر تهران (شهيدرجائي),دادگستري كل استان تهران > حوزه قضايي شهرستان تهران > شوراي حل اختلاف شهرستان تهران > مجتمع شماره شانزده شوراي حل اختلاف شهر تهران (شهيدرجائي),4
09114,مجتمع شماره شش شوراي حل اختلاف شهر تهران (ويژه خانواده2) (شهيد باكري ),دادگستري كل استان تهران > حوزه قضايي شهرستان تهران > شوراي حل اختلاف شهرستان تهران > مجتمع شماره شش شوراي حل اختلاف شهر تهران (ويژه خانواده2) (شهيد باكري ),4
09619,مجتمع شماره نوزده شوراي حل اختلاف شهر تهران (شهيد تندگويان),دادگستري كل استان تهران > حوزه قضايي شهرستان تهران > شوراي حل اختلاف شهرستان تهران > مجتمع شماره نوزده شوراي حل اختلاف شهر تهران (شهيد تندگويان),4
09499,مجتمع شماره هجده شوراي حل اختلاف شهر تهران (شهيد آيت الله سعيدي),دادگستري كل استان تهران > حوزه قضايي شهرستان تهران > شوراي حل اختلاف شهرستان تهران > مجتمع شماره هجده شوراي حل اختلاف شهر تهران (شهيد آيت الله سعيدي),4
09115,مجتمع شماره هفت شوراي حل اختلاف شهر تهران (شهيد چمران),دادگستري كل استان تهران > حوزه قضايي شهرستان تهران > شوراي حل اختلاف شهرستان تهران > مجتمع شماره هفت شوراي حل اختلاف شهر تهران (شهيد چمران),4
09498,مجتمع شماره هفده شوراي حل اختلاف شهر تهران (شهيد  سردار همداني ),دادگستري كل استان تهران > حوزه قضايي شهرستان تهران > شوراي حل اختلاف شهرستان تهران > مجتمع شماره هفده شوراي حل اختلاف شهر تهران (شهيد  سردار همداني ),4
09493,مجتمع شماره يازده شوراي حل اختلاف شهر تهران (شهيد نواب صفوي),دادگستري كل استان تهران > حوزه قضايي شهرستان تهران > شوراي حل اختلاف شهرستان تهران > مجتمع شماره يازده شوراي حل اختلاف شهر تهران (شهيد نواب صفوي),4
09111,مجتمع شماره يك شوراي حل اختلاف شهر تهران (شهيد فخري زاده),دادگستري كل استان تهران > حوزه قضايي شهرستان تهران > شوراي حل اختلاف شهرستان تهران > مجتمع شماره يك شوراي حل اختلاف شهر تهران (شهيد فخري زاده),4
00033,حوزه قضايي شهرستان دماوند,دادگستري كل استان تهران > حوزه قضايي شهرستان دماوند,2
00128,دادسراي عمومي و انقلاب شهرستان دماوند,دادگستري كل استان تهران > حوزه قضايي شهرستان دماوند > دادسراي عمومي و انقلاب شهرستان دماوند,3
00262,دادگاه عمومي و انقلاب شهرستان دماوند,دادگستري كل استان تهران > حوزه قضايي شهرستان دماوند > دادگاه عمومي و انقلاب شهرستان دماوند,3
78160,شوراي حل اختلاف شهرستان دماوند (شهيد فاتحي كردجو ),دادگستري كل استان تهران > حوزه قضايي شهرستان دماوند > شوراي حل اختلاف شهرستان دماوند (شهيد فاتحي كردجو ),3
00038,حوزه قضايي شهرستان رباط كريم,دادگستري كل استان تهران > حوزه قضايي شهرستان رباط كريم,2
22900,دادسراي عمومي و انقلاب شهرستان رباط كريم,دادگستري كل استان تهران > حوزه قضايي شهرستان رباط كريم > دادسراي عمومي و انقلاب شهرستان رباط كريم,3
00188,دادگاه عمومي و انقلاب شهرستان رباط كريم,دادگستري كل استان تهران > حوزه قضايي شهرستان رباط كريم > دادگاه عمومي و انقلاب شهرستان رباط كريم,3
09500,شوراي حل اختلاف شهرستان رباط كريم (شهيد مدافع حرم حسين همتي ),دادگستري كل استان تهران > حوزه قضايي شهرستان رباط كريم > شوراي حل اختلاف شهرستان رباط كريم (شهيد مدافع حرم حسين همتي ),3
00039,حوزه قضايي شهرستان ري,دادگستري كل استان تهران > حوزه قضايي شهرستان ري,2
00174,دادگاه عمومي و انقلاب شهرستان ري,دادگستري كل استان تهران > حوزه قضايي شهرستان ري > دادگاه عمومي و انقلاب شهرستان ري,3
02500,مجتمع دادگاههاي عمومي و انقلاب شهرستان ري,دادگستري كل استان تهران > حوزه قضايي شهرستان ري > دادگاه عمومي و انقلاب شهرستان ري > مجتمع دادگاههاي عمومي و انقلاب شهرستان ري,4
78180,شوراي حل اختلاف شهرستان ري (شهيد  مدافع حرم محسن حججي ),دادگستري كل استان تهران > حوزه قضايي شهرستان ري > شوراي حل اختلاف شهرستان ري (شهيد  مدافع حرم محسن حججي ),3
00017,حوزه قضايي شهرستان شهريار,دادگستري كل استان تهران > حوزه قضايي شهرستان شهريار,2
26400,دادسراي عمومي و انقلاب شهرستان شهريار,دادگستري كل استان تهران > حوزه قضايي شهرستان شهريار > دادسراي عمومي و انقلاب شهرستان شهريار,3
00018,دادگاه عمومي و انقلاب شهرستان شهريار,دادگستري كل استان تهران > حوزه قضايي شهرستان شهريار > دادگاه عمومي و انقلاب شهرستان شهريار,3
78340,شوراي حل اختلاف شهرستان شهريار (شهيد مرتضي ابراهيمي ),دادگستري كل استان تهران > حوزه قضايي شهرستان شهريار > شوراي حل اختلاف شهرستان شهريار (شهيد مرتضي ابراهيمي ),3
00041,حوزه قضايي شهرستان فيروزكوه,دادگستري كل استان تهران > حوزه قضايي شهرستان فيروزكوه,2
22160,دادسراي عمومي و انقلاب شهرستان فيروزكوه,دادگستري كل استان تهران > حوزه قضايي شهرستان فيروزكوه > دادسراي عمومي و انقلاب شهرستان فيروزكوه,3
00197,دادگاه عمومي و انقلاب شهرستان فيروزكوه,دادگستري كل استان تهران > حوزه قضايي شهرستان فيروزكوه > دادگاه عمومي و انقلاب شهرستان فيروزكوه,3
78360,شوراي حل اختلاف شهرستان فيروزكوه (شهيد عبداله آهنگر ),دادگستري كل استان تهران > حوزه قضايي شهرستان فيروزكوه > شوراي حل اختلاف شهرستان فيروزكوه (شهيد عبداله آهنگر ),3
00049,حوزه قضايي شهرستان قدس,دادگستري كل استان تهران > حوزه قضايي شهرستان قدس,2
26500,دادسراي عمومي و انقلاب شهرستان قدس,دادگستري كل استان تهران > حوزه قضايي شهرستان قدس > دادسراي عمومي و انقلاب شهرستان قدس,3
00623,دادگاه عمومي و انقلاب شهرستان قدس,دادگستري كل استان تهران > حوزه قضايي شهرستان قدس > دادگاه عمومي و انقلاب شهرستان قدس,3
78370,شوراي حل اختلاف شهرستان قدس (شهيد قاسم اصغر ),دادگستري كل استان تهران > حوزه قضايي شهرستان قدس > شوراي حل اختلاف شهرستان قدس (شهيد قاسم اصغر ),3
00054,حوزه قضايي شهرستان قرچك,دادگستري كل استان تهران > حوزه قضايي شهرستان قرچك,2
29241,دادسراي عمومي و انقلاب شهرستان قرچك,دادگستري كل استان تهران > حوزه قضايي شهرستان قرچك > دادسراي عمومي و انقلاب شهرستان قرچك,3
29221,دادگاه عمومي و انقلاب شهرستان قرچك,دادگستري كل استان تهران > حوزه قضايي شهرستان قرچك > دادگاه عمومي و انقلاب شهرستان قرچك,3
78380,شوراي حل اختلاف شهرستان قرچك (شهيد سيد احسان مير سيار ),دادگستري كل استان تهران > حوزه قضايي شهرستان قرچك > شوراي حل اختلاف شهرستان قرچك (شهيد سيد احسان مير سيار ),3
00053,حوزه قضايي شهرستان ملارد,دادگستري كل استان تهران > حوزه قضايي شهرستان ملارد,2
26601,دادسراي عمومي و انقلاب شهرستان ملارد,دادگستري كل استان تهران > حوزه قضايي شهرستان ملارد > دادسراي عمومي و انقلاب شهرستان ملارد,3
26600,دادگاه عمومي و انقلاب دادگستري شهرستان ملارد,دادگستري كل استان تهران > حوزه قضايي شهرستان ملارد > دادگاه عمومي و انقلاب دادگستري شهرستان ملارد,3
26650,شوراي حل اختلاف ملارد (برادران شهيد تقوي ),دادگستري كل استان تهران > حوزه قضايي شهرستان ملارد > شوراي حل اختلاف ملارد (برادران شهيد تقوي ),3
00037,حوزه قضايي شهرستان ورامين,دادگستري كل استان تهران > حوزه قضايي شهرستان ورامين,2
00163,دادسراي عمومي و انقلاب ورامين,دادگستري كل استان تهران > حوزه قضايي شهرستان ورامين > دادسراي عمومي و انقلاب ورامين,3
00164,دادگاه عمومي و انقلاب شهرستان ورامين,دادگستري كل استان تهران > حوزه قضايي شهرستان ورامين > دادگاه عمومي و انقلاب شهرستان ورامين,3
78400,شوراي حل اختلاف شهرستان ورامين (سرلشگر خلبان شهيد عباس دوران ),دادگستري كل استان تهران > حوزه قضايي شهرستان ورامين > شوراي حل اختلاف شهرستان ورامين (سرلشگر خلبان شهيد عباس دوران ),3
02200,دادگاههاي تجديدنظر استان تهران,دادگستري كل استان تهران > دادگاههاي تجديدنظر استان تهران,2
02999,مجتمع دادگاههاي كيفري يك تهران,دادگستري كل استان تهران > مجتمع دادگاههاي كيفري يك تهران,2
00239,دادگستري كل استان چهارمحال وبختياري,دادگستري كل استان چهارمحال وبختياري,1
38330,حوزه قضايي بخش بازفت,دادگستري كل استان چهارمحال وبختياري > حوزه قضايي بخش بازفت,2
38331,دادگاه عمومي و انقلاب بخش بازفت,دادگستري كل استان چهارمحال وبختياري > حوزه قضايي بخش بازفت > دادگاه عمومي و انقلاب بخش بازفت,3
38620,شوراي حل اختلاف بخش بازفت,دادگستري كل استان چهارمحال وبختياري > حوزه قضايي بخش بازفت > شوراي حل اختلاف بخش بازفت,3
38480,حوزه قضايي بخش بلداجي,دادگستري كل استان چهارمحال وبختياري > حوزه قضايي بخش بلداجي,2
38481,دادگاه عمومي بخش بلداجي,دادگستري كل استان چهارمحال وبختياري > حوزه قضايي بخش بلداجي > دادگاه عمومي بخش بلداجي,3
38565,شوراي حل اختلاف بلداجي,دادگستري كل استان چهارمحال وبختياري > حوزه قضايي بخش بلداجي > شوراي حل اختلاف بلداجي,3
38300,حوزه قضايي بخش گندمان,دادگستري كل استان چهارمحال وبختياري > حوزه قضايي بخش گندمان,2
38301,دادگاه عمومي و انقلاب بخش گندمان,دادگستري كل استان چهارمحال وبختياري > حوزه قضايي بخش گندمان > دادگاه عمومي و انقلاب بخش گندمان,3
38575,شوراي حل اختلاف گندمان,دادگستري كل استان چهارمحال وبختياري > حوزه قضايي بخش گندمان > شوراي حل اختلاف گندمان,3
38360,حوزه قضايي بخش لاران,دادگستري كل استان چهارمحال وبختياري > حوزه قضايي بخش لاران,2
38361,دادگاه عمومي و انقلاب بخش لاران,دادگستري كل استان چهارمحال وبختياري > حوزه قضايي بخش لاران > دادگاه عمومي و انقلاب بخش لاران,3
38560,شوراي حل اختلاف لاران,دادگستري كل استان چهارمحال وبختياري > حوزه قضايي بخش لاران > شوراي حل اختلاف لاران,3
38315,حوزه قضايي بخش ميانكوه,دادگستري كل استان چهارمحال وبختياري > حوزه قضايي بخش ميانكوه,2
38316,دادگاه عمومي و انقلاب بخش ميانكوه,دادگستري كل استان چهارمحال وبختياري > حوزه قضايي بخش ميانكوه > دادگاه عمومي و انقلاب بخش ميانكوه,3
38730,شوراي حل اخنلاف ميانكوه,دادگستري كل استان چهارمحال وبختياري > حوزه قضايي بخش ميانكوه > شوراي حل اخنلاف ميانكوه,3
38490,حوزه قضايي بخش ناغان,دادگستري كل استان چهارمحال وبختياري > حوزه قضايي بخش ناغان,2
38491,دادگاه عمومي بخش ناغان,دادگستري كل استان چهارمحال وبختياري > حوزه قضايي بخش ناغان > دادگاه عمومي بخش ناغان,3
38585,شوراي حل اختلاف ناغان,دادگستري كل استان چهارمحال وبختياري > حوزه قضايي بخش ناغان > شوراي حل اختلاف ناغان,3
00884,حوزه قضايي شهرستان اردل,دادگستري كل استان چهارمحال وبختياري > حوزه قضايي شهرستان اردل,2
38160,دادسراي عمومي و انقلاب شهرستان اردل,دادگستري كل استان چهارمحال وبختياري > حوزه قضايي شهرستان اردل > دادسراي عمومي و انقلاب شهرستان اردل,3
00345,دادگاه عمومي و انقلاب شهرستان اردل,دادگستري كل استان چهارمحال وبختياري > حوزه قضايي شهرستان اردل > دادگاه عمومي و انقلاب شهرستان اردل,3
38556,شوراي حل اختلاف شهرستان اردل,دادگستري كل استان چهارمحال وبختياري > حوزه قضايي شهرستان اردل > شوراي حل اختلاف شهرستان اردل,3
00886,حوزه قضايي شهرستان بروجن,دادگستري كل استان چهارمحال وبختياري > حوزه قضايي شهرستان بروجن,2
38190,دادسراي عمومي و انقلاب شهرستان بروجن,دادگستري كل استان چهارمحال وبختياري > حوزه قضايي شهرستان بروجن > دادسراي عمومي و انقلاب شهرستان بروجن,3
00347,دادگاه عمومي و انقلاب شهرستان بروجن,دادگستري كل استان چهارمحال وبختياري > حوزه قضايي شهرستان بروجن > دادگاه عمومي و انقلاب شهرستان بروجن,3
38500,شوراي حل اختلاف شهرستان بروجن,دادگستري كل استان چهارمحال وبختياري > حوزه قضايي شهرستان بروجن > شوراي حل اختلاف شهرستان بروجن,3
38341,حوزه قضايي شهرستان بن,دادگستري كل استان چهارمحال وبختياري > حوزه قضايي شهرستان بن,2
38343,دادسراي عمومي و انقلاب شهرستان بن,دادگستري كل استان چهارمحال وبختياري > حوزه قضايي شهرستان بن > دادسراي عمومي و انقلاب شهرستان بن,3
38342,دادگاه  عمومي و انقلاب شهرستان بن,دادگستري كل استان چهارمحال وبختياري > حوزه قضايي شهرستان بن > دادگاه  عمومي و انقلاب شهرستان بن,3
38570,شوراي حل اختلاف شهرستان بن,دادگستري كل استان چهارمحال وبختياري > حوزه قضايي شهرستان بن > شوراي حل اختلاف شهرستان بن,3
38352,حوزه قضايي شهرستان خانميرزا,دادگستري كل استان چهارمحال وبختياري > حوزه قضايي شهرستان خانميرزا,2
38354,دادسراي عمومي و انقلاب شهرستان خانميرزا,دادگستري كل استان چهارمحال وبختياري > حوزه قضايي شهرستان خانميرزا > دادسراي عمومي و انقلاب شهرستان خانميرزا,3
38353,دادگاه عمومي و انقلاب شهرستان خانميرزا,دادگستري كل استان چهارمحال وبختياري > حوزه قضايي شهرستان خانميرزا > دادگاه عمومي و انقلاب شهرستان خانميرزا,3
38580,شوراي حل اختلاف خانميرزا,دادگستري كل استان چهارمحال وبختياري > حوزه قضايي شهرستان خانميرزا > شوراي حل اختلاف خانميرزا,3
38370,حوزه قضايي شهرستان سامان,دادگستري كل استان چهارمحال وبختياري > حوزه قضايي شهرستان سامان,2
38372,دادسراي عمومي و انقلاب شهرستان سامان,دادگستري كل استان چهارمحال وبختياري > حوزه قضايي شهرستان سامان > دادسراي عمومي و انقلاب شهرستان سامان,3
38371,دادگاه عمومي و انقلاب شهرستان سامان,دادگستري كل استان چهارمحال وبختياري > حوزه قضايي شهرستان سامان > دادگاه عمومي و انقلاب شهرستان سامان,3
38540,شوراي حل اختلاف سامان,دادگستري كل استان چهارمحال وبختياري > حوزه قضايي شهرستان سامان > شوراي حل اختلاف سامان,3
00889,حوزه قضايي شهرستان شهركرد,دادگستري كل استان چهارمحال وبختياري > حوزه قضايي شهرستان شهركرد,2
38120,دادسراي عمومي و انقلاب شهركرد,دادگستري كل استان چهارمحال وبختياري > حوزه قضايي شهرستان شهركرد > دادسراي عمومي و انقلاب شهركرد,3
38100,دادگاه عمومي و انقلاب شهرستان شهركرد,دادگستري كل استان چهارمحال وبختياري > حوزه قضايي شهرستان شهركرد > دادگاه عمومي و انقلاب شهرستان شهركرد,3
38440,شوراي حل اختلاف شهرستان شهركرد,دادگستري كل استان چهارمحال وبختياري > حوزه قضايي شهرستان شهركرد > شوراي حل اختلاف شهرستان شهركرد,3
00887,حوزه قضايي شهرستان فارسان,دادگستري كل استان چهارمحال وبختياري > حوزه قضايي شهرستان فارسان,2
38213,دادسراي عمومي و انقلاب شهرستان فارسان,دادگستري كل استان چهارمحال وبختياري > حوزه قضايي شهرستان فارسان > دادسراي عمومي و انقلاب شهرستان فارسان,3
00348,دادگاه عمومي و انقلاب شهرستان فارسان,دادگستري كل استان چهارمحال وبختياري > حوزه قضايي شهرستان فارسان > دادگاه عمومي و انقلاب شهرستان فارسان,3
38530,شوراي حل اختلاف شهرستان فارسان,دادگستري كل استان چهارمحال وبختياري > حوزه قضايي شهرستان فارسان > شوراي حل اختلاف شهرستان فارسان,3
38270,حوزه قضايي شهرستان فلارد,دادگستري كل استان چهارمحال وبختياري > حوزه قضايي شهرستان فلارد,2
38272,دادسراي عمومي و انقلاب شهرستان فلارد,دادگستري كل استان چهارمحال وبختياري > حوزه قضايي شهرستان فلارد > دادسراي عمومي و انقلاب شهرستان فلارد,3
38271,دادگاه عمومي و انقلاب شهرستان فلارد,دادگستري كل استان چهارمحال وبختياري > حوزه قضايي شهرستان فلارد > دادگاه عمومي و انقلاب شهرستان فلارد,3
38590,شوراي حل اختلاف فلارد,دادگستري كل استان چهارمحال وبختياري > حوزه قضايي شهرستان فلارد > شوراي حل اختلاف فلارد,3
00885,حوزه قضايي شهرستان كوهرنگ,دادگستري كل استان چهارمحال وبختياري > حوزه قضايي شهرستان كوهرنگ,2
38250,دادسراي عمومي و انقلاب شهرستان كوهرنگ,دادگستري كل استان چهارمحال وبختياري > حوزه قضايي شهرستان كوهرنگ > دادسراي عمومي و انقلاب شهرستان كوهرنگ,3
00346,دادگاه عمومي و انقلاب شهرستان كوهرنگ,دادگستري كل استان چهارمحال وبختياري > حوزه قضايي شهرستان كوهرنگ > دادگاه عمومي و انقلاب شهرستان كوهرنگ,3
38546,شوراي حل اختلاف شهرستان كوهرنگ,دادگستري كل استان چهارمحال وبختياري > حوزه قضايي شهرستان كوهرنگ > شوراي حل اختلاف شهرستان كوهرنگ,3
38280,حوزه قضايي شهرستان كيار,دادگستري كل استان چهارمحال وبختياري > حوزه قضايي شهرستان كيار,2
38282,دادسراي عمومي و انقلاب شهرستان كيار,دادگستري كل استان چهارمحال وبختياري > حوزه قضايي شهرستان كيار > دادسراي عمومي و انقلاب شهرستان كيار,3
38281,دادگاه عمومي و انقلاب شهرستان كيار,دادگستري كل استان چهارمحال وبختياري > حوزه قضايي شهرستان كيار > دادگاه عمومي و انقلاب شهرستان كيار,3
38550,شوراي حل اختلاف شهرستان كيار,دادگستري كل استان چهارمحال وبختياري > حوزه قضايي شهرستان كيار > شوراي حل اختلاف شهرستان كيار,3
00888,حوزه قضايي شهرستان لردگان,دادگستري كل استان چهارمحال وبختياري > حوزه قضايي شهرستان لردگان,2
38230,دادسراي عمومي و انقلاب شهرستان لردگان,دادگستري كل استان چهارمحال وبختياري > حوزه قضايي شهرستان لردگان > دادسراي عمومي و انقلاب شهرستان لردگان,3
00349,دادگاه عمومي و انقلاب شهرستان لردگان,دادگستري كل استان چهارمحال وبختياري > حوزه قضايي شهرستان لردگان > دادگاه عمومي و انقلاب شهرستان لردگان,3
38520,شوراي حل اختلاف شهرستان لردگان,دادگستري كل استان چهارمحال وبختياري > حوزه قضايي شهرستان لردگان > شوراي حل اختلاف شهرستان لردگان,3
38671,دادگاههاي كيفري يك استان چهارمحال و بختياري,دادگستري كل استان چهارمحال وبختياري > دادگاههاي كيفري يك استان چهارمحال و بختياري,2
38670,مجتمع دادگاههاي تجديدنظر استان چهارمحال و بختياري,دادگستري كل استان چهارمحال وبختياري > مجتمع دادگاههاي تجديدنظر استان چهارمحال و بختياري,2
00231,دادگستري كل استان خراسان جنوبي,دادگستري كل استان خراسان جنوبي,1
56850,حوزه قضايي بخش درح,دادگستري كل استان خراسان جنوبي > حوزه قضايي بخش درح,2
56851,دادگاه عمومي و انقلاب بخش درح,دادگستري كل استان خراسان جنوبي > حوزه قضايي بخش درح > دادگاه عمومي و انقلاب بخش درح,3
56865,شوراي حل اختلاف بخش درح,دادگستري كل استان خراسان جنوبي > حوزه قضايي بخش درح > شوراي حل اختلاف بخش درح,3
56810,حوزه قضايي بخش ديهوك,دادگستري كل استان خراسان جنوبي > حوزه قضايي بخش ديهوك,2
56811,دادگاه عمومي و انقلاب بخش ديهوك,دادگستري كل استان خراسان جنوبي > حوزه قضايي بخش ديهوك > دادگاه عمومي و انقلاب بخش ديهوك,3
56830,شوراي حل اختلاف بخش ديهوك,دادگستري كل استان خراسان جنوبي > حوزه قضايي بخش ديهوك > شوراي حل اختلاف بخش ديهوك,3
56875,حوزه قضايي بخش سده استان خراسان جنوبي,دادگستري كل استان خراسان جنوبي > حوزه قضايي بخش سده استان خراسان جنوبي,2
56876,دادگاه عمومي و انقلاب بخش سده استان خراسان جنوبي,دادگستري كل استان خراسان جنوبي > حوزه قضايي بخش سده استان خراسان جنوبي > دادگاه عمومي و انقلاب بخش سده استان خراسان جنوبي,3
56881,شوراي حل اختلاف بخش سده استان خراسان جنوبي,دادگستري كل استان خراسان جنوبي > حوزه قضايي بخش سده استان خراسان جنوبي > شوراي حل اختلاف بخش سده استان خراسان جنوبي,3
56640,حوزه قضايي بخش قهستان,دادگستري كل استان خراسان جنوبي > حوزه قضايي بخش قهستان,2
56641,دادگاه عمومي و انقلاب بخش قهستان,دادگستري كل استان خراسان جنوبي > حوزه قضايي بخش قهستان > دادگاه عمومي و انقلاب بخش قهستان,3
56646,شوراي حل اختلاف بخش قهستان,دادگستري كل استان خراسان جنوبي > حوزه قضايي بخش قهستان > شوراي حل اختلاف بخش قهستان,3
56230,حوزه قضايي بخش نيمبلوك,دادگستري كل استان خراسان جنوبي > حوزه قضايي بخش نيمبلوك,2
56231,دادگاه عمومي و انقلاب بخش نيمبلوك,دادگستري كل استان خراسان جنوبي > حوزه قضايي بخش نيمبلوك > دادگاه عمومي و انقلاب بخش نيمبلوك,3
56540,شوراهاي حل اختلاف بخش نيمبلوك,دادگستري كل استان خراسان جنوبي > حوزه قضايي بخش نيمبلوك > شوراهاي حل اختلاف بخش نيمبلوك,3
56250,حوزه قضايي شهرستان بشرويه,دادگستري كل استان خراسان جنوبي > حوزه قضايي شهرستان بشرويه,2
56252,دادسراي عمومي و انقلاب شهرستان بشرويه,دادگستري كل استان خراسان جنوبي > حوزه قضايي شهرستان بشرويه > دادسراي عمومي و انقلاب شهرستان بشرويه,3
56251,دادگاه عمومي و انقلاب شهرستان بشرويه,دادگستري كل استان خراسان جنوبي > حوزه قضايي شهرستان بشرويه > دادگاه عمومي و انقلاب شهرستان بشرويه,3
56550,شوراي حل اختلاف بشرويه,دادگستري كل استان خراسان جنوبي > حوزه قضايي شهرستان بشرويه > شوراي حل اختلاف بشرويه,3
00972,حوزه قضايي شهرستان بيرجند,دادگستري كل استان خراسان جنوبي > حوزه قضايي شهرستان بيرجند,2
56129,دادسراي عمومي و انقلاب شهرستان بيرجند,دادگستري كل استان خراسان جنوبي > حوزه قضايي شهرستان بيرجند > دادسراي عمومي و انقلاب شهرستان بيرجند,3
56128,مجتمع دادسراي عمومي و انقلاب شهرستان بيرجند(شعب دادسرا),دادگستري كل استان خراسان جنوبي > حوزه قضايي شهرستان بيرجند > دادسراي عمومي و انقلاب شهرستان بيرجند > مجتمع دادسراي عمومي و انقلاب شهرستان بيرجند(شعب دادسرا),4
00161,دادگاه عمومي و انقلاب شهرستان بيرجند,دادگستري كل استان خراسان جنوبي > حوزه قضايي شهرستان بيرجند > دادگاه عمومي و انقلاب شهرستان بيرجند,3
56127,مجتمع دادگاههاي انقلاب شهرستان بيرجند,دادگستري كل استان خراسان جنوبي > حوزه قضايي شهرستان بيرجند > دادگاه عمومي و انقلاب شهرستان بيرجند > مجتمع دادگاههاي انقلاب شهرستان بيرجند,4
56800,مجتمع دادگاههاي خانواده شهرستان بيرجند,دادگستري كل استان خراسان جنوبي > حوزه قضايي شهرستان بيرجند > دادگاه عمومي و انقلاب شهرستان بيرجند > مجتمع دادگاههاي خانواده شهرستان بيرجند,4
56239,مجتمع دادگاههاي صلح شهرستان بيرجند,دادگستري كل استان خراسان جنوبي > حوزه قضايي شهرستان بيرجند > دادگاه عمومي و انقلاب شهرستان بيرجند > مجتمع دادگاههاي صلح شهرستان بيرجند,4
56100,مجتمع دادگستري شهرستان بيرجند (شعب دادگاه),دادگستري كل استان خراسان جنوبي > حوزه قضايي شهرستان بيرجند > دادگاه عمومي و انقلاب شهرستان بيرجند > مجتمع دادگستري شهرستان بيرجند (شعب دادگاه),4
56430,شوراي حل اختلاف شهرستان بيرجند,دادگستري كل استان خراسان جنوبي > حوزه قضايي شهرستان بيرجند > شوراي حل اختلاف شهرستان بيرجند,3
56190,حوزه قضايي شهرستان خوسف,دادگستري كل استان خراسان جنوبي > حوزه قضايي شهرستان خوسف,2
56192,دادسراي عمومي و انقلاب شهرستان خوسف,دادگستري كل استان خراسان جنوبي > حوزه قضايي شهرستان خوسف > دادسراي عمومي و انقلاب شهرستان خوسف,3
56191,دادگاه عمومي و انقلاب شهرستان خوسف,دادگستري كل استان خراسان جنوبي > حوزه قضايي شهرستان خوسف > دادگاه عمومي و انقلاب شهرستان خوسف,3
56570,شوراي حل اختلاف خوسف,دادگستري كل استان خراسان جنوبي > حوزه قضايي شهرستان خوسف > شوراي حل اختلاف خوسف,3
00976,حوزه قضايي شهرستان درميان,دادگستري كل استان خراسان جنوبي > حوزه قضايي شهرستان درميان,2
56310,دادسراي عمومي و انقلاب شهرستان درميان,دادگستري كل استان خراسان جنوبي > حوزه قضايي شهرستان درميان > دادسراي عمومي و انقلاب شهرستان درميان,3
00552,دادگاه عمومي و انقلاب شهرستان درميان,دادگستري كل استان خراسان جنوبي > حوزه قضايي شهرستان درميان > دادگاه عمومي و انقلاب شهرستان درميان,3
56565,شوراي حل اختلاف درميان,دادگستري كل استان خراسان جنوبي > حوزه قضايي شهرستان درميان > شوراي حل اختلاف درميان,3
56210,حوزه قضايي شهرستان زيركوه,دادگستري كل استان خراسان جنوبي > حوزه قضايي شهرستان زيركوه,2
56212,دادسراي عمومي و انقلاب شهرستان زيركوه,دادگستري كل استان خراسان جنوبي > حوزه قضايي شهرستان زيركوه > دادسراي عمومي و انقلاب شهرستان زيركوه,3
56211,دادگاه عمومي و انقلاب شهرستان زيركوه,دادگستري كل استان خراسان جنوبي > حوزه قضايي شهرستان زيركوه > دادگاه عمومي و انقلاب شهرستان زيركوه,3
56535,شوراي حل اختلاف زيركوه,دادگستري كل استان خراسان جنوبي > حوزه قضايي شهرستان زيركوه > شوراي حل اختلاف زيركوه,3
00973,حوزه قضايي شهرستان سرايان,دادگستري كل استان خراسان جنوبي > حوزه قضايي شهرستان سرايان,2
56290,دادسراي عمومي و انقلاب شهرستان سرايان,دادگستري كل استان خراسان جنوبي > حوزه قضايي شهرستان سرايان > دادسراي عمومي و انقلاب شهرستان سرايان,3
00332,دادگاه عمومي و انقلاب شهرستان سرايان,دادگستري كل استان خراسان جنوبي > حوزه قضايي شهرستان سرايان > دادگاه عمومي و انقلاب شهرستان سرايان,3
56545,شوراي حل اختلاف سرايان,دادگستري كل استان خراسان جنوبي > حوزه قضايي شهرستان سرايان > شوراي حل اختلاف سرايان,3
00975,حوزه قضايي شهرستان سربيشه,دادگستري كل استان خراسان جنوبي > حوزه قضايي شهرستان سربيشه,2
56170,دادسراي عمومي و انقلاب شهرستان سربيشه,دادگستري كل استان خراسان جنوبي > حوزه قضايي شهرستان سربيشه > دادسراي عمومي و انقلاب شهرستان سربيشه,3
00551,دادگاه عمومي و انقلاب شهرستان سربيشه,دادگستري كل استان خراسان جنوبي > حوزه قضايي شهرستان سربيشه > دادگاه عمومي و انقلاب شهرستان سربيشه,3
56560,شوراي حل اختلاف سربيشه,دادگستري كل استان خراسان جنوبي > حوزه قضايي شهرستان سربيشه > شوراي حل اختلاف سربيشه,3
56700,حوزه قضايي شهرستان طبس,دادگستري كل استان خراسان جنوبي > حوزه قضايي شهرستان طبس,2
56715,دادسراي عمومي و انقلاب شهرستان طبس,دادگستري كل استان خراسان جنوبي > حوزه قضايي شهرستان طبس > دادسراي عمومي و انقلاب شهرستان طبس,3
56701,دادگاه عمومي و انقلاب شهرستان طبس,دادگستري كل استان خراسان جنوبي > حوزه قضايي شهرستان طبس > دادگاه عمومي و انقلاب شهرستان طبس,3
56725,شوراي حل اختلاف شهرستان طبس,دادگستري كل استان خراسان جنوبي > حوزه قضايي شهرستان طبس > شوراي حل اختلاف شهرستان طبس,3
56750,شوراي حل اختلاف شهرستان طبس/قديم,دادگستري كل استان خراسان جنوبي > حوزه قضايي شهرستان طبس > شوراي حل اختلاف شهرستان طبس/قديم,3
56770,حوزه قضايي شهرستان عشق آباد,دادگستري كل استان خراسان جنوبي > حوزه قضايي شهرستان عشق آباد,2
56771,دادگاه عمومي و انقلاب شهرستان عشق آباد,دادگستري كل استان خراسان جنوبي > حوزه قضايي شهرستان عشق آباد > دادگاه عمومي و انقلاب شهرستان عشق آباد,3
56790,شوراي حل اختلاف شهرستان عشق آباد,دادگستري كل استان خراسان جنوبي > حوزه قضايي شهرستان عشق آباد > شوراي حل اختلاف شهرستان عشق آباد,3
00952,حوزه قضايي شهرستان فردوس استان خراسان جنوبي,دادگستري كل استان خراسان جنوبي > حوزه قضايي شهرستان فردوس استان خراسان جنوبي,2
56360,دادسراي عمومي و انقلاب شهرستان فردوس استان خراسان جنوبي,دادگستري كل استان خراسان جنوبي > حوزه قضايي شهرستان فردوس استان خراسان جنوبي > دادسراي عمومي و انقلاب شهرستان فردوس استان خراسان جنوبي,3
00323,دادگاه عمومي و انقلاب شهرستان فردوس استان خراسان جنوبي,دادگستري كل استان خراسان جنوبي > حوزه قضايي شهرستان فردوس استان خراسان جنوبي > دادگاه عمومي و انقلاب شهرستان فردوس استان خراسان جنوبي,3
56590,شوراي حل اختلاف شهرستان فردوس استان خراسان جنوبي,دادگستري كل استان خراسان جنوبي > حوزه قضايي شهرستان فردوس استان خراسان جنوبي > شوراي حل اختلاف شهرستان فردوس استان خراسان جنوبي,3
56330,حوزه قضايي شهرستان قائنات,دادگستري كل استان خراسان جنوبي > حوزه قضايي شهرستان قائنات,2
56332,دادسراي عمومي و انقلاب شهرستان قائنات,دادگستري كل استان خراسان جنوبي > حوزه قضايي شهرستان قائنات > دادسراي عمومي و انقلاب شهرستان قائنات,3
56331,دادگاه عمومي و انقلاب شهرستان قائنات,دادگستري كل استان خراسان جنوبي > حوزه قضايي شهرستان قائنات > دادگاه عمومي و انقلاب شهرستان قائنات,3
56530,شوراي حل اختلاف شهرستان قائنات,دادگستري كل استان خراسان جنوبي > حوزه قضايي شهرستان قائنات > شوراي حل اختلاف شهرستان قائنات,3
00974,حوزه قضايي شهرستان نهبندان,دادگستري كل استان خراسان جنوبي > حوزه قضايي شهرستان نهبندان,2
56270,دادسراي عمومي و انقلاب شهرستان نهبندان,دادگستري كل استان خراسان جنوبي > حوزه قضايي شهرستان نهبندان > دادسراي عمومي و انقلاب شهرستان نهبندان,3
00333,دادگاه عمومي و انقلاب شهرستان نهبندان,دادگستري كل استان خراسان جنوبي > حوزه قضايي شهرستان نهبندان > دادگاه عمومي و انقلاب شهرستان نهبندان,3
56555,شوراي حل اختلاف نهبندان,دادگستري كل استان خراسان جنوبي > حوزه قضايي شهرستان نهبندان > شوراي حل اختلاف نهبندان,3
56119,مجتمع دادگاههاي كيفري يك استان خراسان جنوبي,دادگستري كل استان خراسان جنوبي > مجتمع دادگاههاي كيفري يك استان خراسان جنوبي,2
56120,مجتمع دادگستري كل استان خراسان جنوبي(شعب تجديدنظر),دادگستري كل استان خراسان جنوبي > مجتمع دادگستري كل استان خراسان جنوبي(شعب تجديدنظر),2
00200,دادگستري كل استان خراسان رضوي,دادگستري كل استان خراسان رضوي,1
80160,حوزه قضايي بخش احمدآباد,دادگستري كل استان خراسان رضوي > حوزه قضايي بخش احمدآباد,2
80161,دادگاه عمومي و انقلاب بخش احمدآباد,دادگستري كل استان خراسان رضوي > حوزه قضايي بخش احمدآباد > دادگاه عمومي و انقلاب بخش احمدآباد,3
80170,حوزه قضايي بخش رضويه,دادگستري كل استان خراسان رضوي > حوزه قضايي بخش رضويه,2
80171,دادگاه عمومي و انقلاب بخش رضويه,دادگستري كل استان خراسان رضوي > حوزه قضايي بخش رضويه > دادگاه عمومي و انقلاب بخش رضويه,3
52071,حوزه قضايي بخش سرولايت,دادگستري كل استان خراسان رضوي > حوزه قضايي بخش سرولايت,2
52072,دادگاه هاي عمومي و انقلاب بخش سرولايت,دادگستري كل استان خراسان رضوي > حوزه قضايي بخش سرولايت > دادگاه هاي عمومي و انقلاب بخش سرولايت,3
52140,شوراي حل اختلاف حوزه سرولايت,دادگستري كل استان خراسان رضوي > حوزه قضايي بخش سرولايت > شوراي حل اختلاف حوزه سرولايت,3
80150,حوزه قضايي بخش سلامي,دادگستري كل استان خراسان رضوي > حوزه قضايي بخش سلامي,2
80151,دادگاه عمومي و انقلاب بخش سلامي,دادگستري كل استان خراسان رضوي > حوزه قضايي بخش سلامي > دادگاه عمومي و انقلاب بخش سلامي,3
53011,حوزه قضايي بخش لطف آباد,دادگستري كل استان خراسان رضوي > حوزه قضايي بخش لطف آباد,2
53015,شوراي حل اختلاف لطف آباد,دادگستري كل استان خراسان رضوي > حوزه قضايي بخش لطف آباد > شوراي حل اختلاف لطف آباد,3
80050,حوزه قضايي بخش نصرآباد,دادگستري كل استان خراسان رضوي > حوزه قضايي بخش نصرآباد,2
80051,دادگاه عمومي و انقلاب بخش نصرآباد,دادگستري كل استان خراسان رضوي > حوزه قضايي بخش نصرآباد > دادگاه عمومي و انقلاب بخش نصرآباد,3
80070,شوراي حل اختلاف بخش نصرآباد,دادگستري كل استان خراسان رضوي > حوزه قضايي بخش نصرآباد > شوراي حل اختلاف بخش نصرآباد,3
51992,حوزه قضايي شهرستان باخرز,دادگستري كل استان خراسان رضوي > حوزه قضايي شهرستان باخرز,2
51994,دادگاه عمومي و انقلاب شهرستان باخرز,دادگستري كل استان خراسان رضوي > حوزه قضايي شهرستان باخرز > دادگاه عمومي و انقلاب شهرستان باخرز,3
57200,شوراي حل اختلاف شهرستان باخرز,دادگستري كل استان خراسان رضوي > حوزه قضايي شهرستان باخرز > شوراي حل اختلاف شهرستان باخرز,3
52001,حوزه قضايي شهرستان بجستان,دادگستري كل استان خراسان رضوي > حوزه قضايي شهرستان بجستان,2
52002,دادگاه عمومي و انقلاب شهرستان بجستان,دادگستري كل استان خراسان رضوي > حوزه قضايي شهرستان بجستان > دادگاه عمومي و انقلاب شهرستان بجستان,3
57150,شوراهاي حل اختلاف بجستان,دادگستري كل استان خراسان رضوي > حوزه قضايي شهرستان بجستان > شوراهاي حل اختلاف بجستان,3
00958,حوزه قضايي شهرستان بردسكن,دادگستري كل استان خراسان رضوي > حوزه قضايي شهرستان بردسكن,2
51680,دادسراي عمومي و انقلاب شهرستان بردسكن,دادگستري كل استان خراسان رضوي > حوزه قضايي شهرستان بردسكن > دادسراي عمومي و انقلاب شهرستان بردسكن,3
00330,دادگاه عمومي و انقلاب شهرستان بردسكن,دادگستري كل استان خراسان رضوي > حوزه قضايي شهرستان بردسكن > دادگاه عمومي و انقلاب شهرستان بردسكن,3
72030,شوراي حل اختلاف شهرستان بردسكن,دادگستري كل استان خراسان رضوي > حوزه قضايي شهرستان بردسكن > شوراي حل اختلاف شهرستان بردسكن,3
00964,حوزه قضايي شهرستان تايباد,دادگستري كل استان خراسان رضوي > حوزه قضايي شهرستان تايباد,2
51691,دادسراي عمومي و انقلاب شهرستان تايباد,دادگستري كل استان خراسان رضوي > حوزه قضايي شهرستان تايباد > دادسراي عمومي و انقلاب شهرستان تايباد,3
00518,دادگاه عمومي و انقلاب شهرستان تايباد,دادگستري كل استان خراسان رضوي > حوزه قضايي شهرستان تايباد > دادگاه عمومي و انقلاب شهرستان تايباد,3
57220,شوراي حل اختلاف شهرستان تايباد,دادگستري كل استان خراسان رضوي > حوزه قضايي شهرستان تايباد > شوراي حل اختلاف شهرستان تايباد,3
00950,حوزه قضايي شهرستان تربت جام,دادگستري كل استان خراسان رضوي > حوزه قضايي شهرستان تربت جام,2
51715,دادسراي عمومي و انقلاب شهرستان تربت جام,دادگستري كل استان خراسان رضوي > حوزه قضايي شهرستان تربت جام > دادسراي عمومي و انقلاب شهرستان تربت جام,3
00321,دادگاه عمومي و انقلاب شهرستان تربت جام,دادگستري كل استان خراسان رضوي > حوزه قضايي شهرستان تربت جام > دادگاه عمومي و انقلاب شهرستان تربت جام,3
57250,شوراي حل اختلاف شهرستان تربت جام,دادگستري كل استان خراسان رضوي > حوزه قضايي شهرستان تربت جام > شوراي حل اختلاف شهرستان تربت جام,3
00955,حوزه قضايي شهرستان تربت حيدريه,دادگستري كل استان خراسان رضوي > حوزه قضايي شهرستان تربت حيدريه,2
51730,دادسراي عمومي و انقلاب شهرستان تربت حيدريه,دادگستري كل استان خراسان رضوي > حوزه قضايي شهرستان تربت حيدريه > دادسراي عمومي و انقلاب شهرستان تربت حيدريه,3
00327,دادگاه عمومي و انقلاب شهرستان تربت حيدريه,دادگستري كل استان خراسان رضوي > حوزه قضايي شهرستان تربت حيدريه > دادگاه عمومي و انقلاب شهرستان تربت حيدريه,3
57280,شوراي حل اختلاف شهرستان تربت حيدريه,دادگستري كل استان خراسان رضوي > حوزه قضايي شهرستان تربت حيدريه > شوراي حل اختلاف شهرستان تربت حيدريه,3
52021,حوزه قضايي شهرستان جغتاي,دادگستري كل استان خراسان رضوي > حوزه قضايي شهرستان جغتاي,2
52023,دادسراي عمومي و انقلاب شهرستان جغتاي,دادگستري كل استان خراسان رضوي > حوزه قضايي شهرستان جغتاي > دادسراي عمومي و انقلاب شهرستان جغتاي,3
52022,دادگاه عمومي و انقلاب شهرستان جغتاي,دادگستري كل استان خراسان رضوي > حوزه قضايي شهرستان جغتاي > دادگاه عمومي و انقلاب شهرستان جغتاي,3
57520,شوراي حل اختلاف شهرستان جغتاي,دادگستري كل استان خراسان رضوي > حوزه قضايي شهرستان جغتاي > شوراي حل اختلاف شهرستان جغتاي,3
52031,حوزه قضايي شهرستان جوين,دادگستري كل استان خراسان رضوي > حوزه قضايي شهرستان جوين,2
52033,دادسراي عمومي و انقلاب شهرستان جوين,دادگستري كل استان خراسان رضوي > حوزه قضايي شهرستان جوين > دادسراي عمومي و انقلاب شهرستان جوين,3
52032,دادگاه هاي عمومي و انقلاب شهرستان جوين,دادگستري كل استان خراسان رضوي > حوزه قضايي شهرستان جوين > دادگاه هاي عمومي و انقلاب شهرستان جوين,3
57580,شوراي حل اختلاف شهرستان جوين,دادگستري كل استان خراسان رضوي > حوزه قضايي شهرستان جوين > شوراي حل اختلاف شهرستان جوين,3
00961,حوزه قضايي شهرستان چناران,دادگستري كل استان خراسان رضوي > حوزه قضايي شهرستان چناران,2
51760,دادسراي عمومي و انقلاب شهرستان چناران,دادگستري كل استان خراسان رضوي > حوزه قضايي شهرستان چناران > دادسراي عمومي و انقلاب شهرستان چناران,3
00515,دادگاه عمومي و انقلاب شهرستان چناران,دادگستري كل استان خراسان رضوي > حوزه قضايي شهرستان چناران > دادگاه عمومي و انقلاب شهرستان چناران,3
72005,شوراي حل اختلاف شهرستان چناران,دادگستري كل استان خراسان رضوي > حوزه قضايي شهرستان چناران > شوراي حل اختلاف شهرستان چناران,3
00957,حوزه قضايي شهرستان خليل آباد,دادگستري كل استان خراسان رضوي > حوزه قضايي شهرستان خليل آباد,2
51776,دادسراي  عمومي و انقلاب شهرستان خليل آباد,دادگستري كل استان خراسان رضوي > حوزه قضايي شهرستان خليل آباد > دادسراي  عمومي و انقلاب شهرستان خليل آباد,3
00329,دادگاه عمومي و انقلاب شهرستان خليل آباد,دادگستري كل استان خراسان رضوي > حوزه قضايي شهرستان خليل آباد > دادگاه عمومي و انقلاب شهرستان خليل آباد,3
72010,شوراي حل اختلاف شهرستان خليل آباد,دادگستري كل استان خراسان رضوي > حوزه قضايي شهرستان خليل آباد > شوراي حل اختلاف شهرستان خليل آباد,3
00962,حوزه قضايي شهرستان خواف,دادگستري كل استان خراسان رضوي > حوزه قضايي شهرستان خواف,2
51786,دادسراي عمومي و انقلاب شهرستان خواف,دادگستري كل استان خراسان رضوي > حوزه قضايي شهرستان خواف > دادسراي عمومي و انقلاب شهرستان خواف,3
00516,دادگاه عمومي و انقلاب شهرستان خواف,دادگستري كل استان خراسان رضوي > حوزه قضايي شهرستان خواف > دادگاه عمومي و انقلاب شهرستان خواف,3
57655,شوراي حل اختلاف شهرستان خواف,دادگستري كل استان خراسان رضوي > حوزه قضايي شهرستان خواف > شوراي حل اختلاف شهرستان خواف,3
52041,حوزه قضايي شهرستان خوشاب,دادگستري كل استان خراسان رضوي > حوزه قضايي شهرستان خوشاب,2
52042,دادگاه عمومي و انقلاب  شهرستان خوشاب,دادگستري كل استان خراسان رضوي > حوزه قضايي شهرستان خوشاب > دادگاه عمومي و انقلاب  شهرستان خوشاب,3
57630,شوراي حل اختلاف شهرستان خوشاب,دادگستري كل استان خراسان رضوي > حوزه قضايي شهرستان خوشاب > شوراي حل اختلاف شهرستان خوشاب,3
52051,حوزه قضايي شهرستان داورزن,دادگستري كل استان خراسان رضوي > حوزه قضايي شهرستان داورزن,2
52053,دادسراي عمومي و انقلاب شهرستان داورزن,دادگستري كل استان خراسان رضوي > حوزه قضايي شهرستان داورزن > دادسراي عمومي و انقلاب شهرستان داورزن,3
52052,دادگاه عمومي و انقلاب شهرستان داورزن,دادگستري كل استان خراسان رضوي > حوزه قضايي شهرستان داورزن > دادگاه عمومي و انقلاب شهرستان داورزن,3
57624,شوراي حل اختلاف شهرستان داورزن,دادگستري كل استان خراسان رضوي > حوزه قضايي شهرستان داورزن > شوراي حل اختلاف شهرستان داورزن,3
00960,حوزه قضايي شهرستان درگز,دادگستري كل استان خراسان رضوي > حوزه قضايي شهرستان درگز,2
51796,دادسراي عمومي و انقلاب شهرستان درگز,دادگستري كل استان خراسان رضوي > حوزه قضايي شهرستان درگز > دادسراي عمومي و انقلاب شهرستان درگز,3
00514,دادگاه عمومي و انقلاب شهرستان درگز,دادگستري كل استان خراسان رضوي > حوزه قضايي شهرستان درگز > دادگاه عمومي و انقلاب شهرستان درگز,3
57670,شوراي حل اختلاف شهرستان درگز,دادگستري كل استان خراسان رضوي > حوزه قضايي شهرستان درگز > شوراي حل اختلاف شهرستان درگز,3
00953,حوزه قضايي شهرستان رشتخوار,دادگستري كل استان خراسان رضوي > حوزه قضايي شهرستان رشتخوار,2
00325,دادگاه عمومي و انقلاب شهرستان رشتخوار,دادگستري كل استان خراسان رضوي > حوزه قضايي شهرستان رشتخوار > دادگاه عمومي و انقلاب شهرستان رشتخوار,3
52450,شوراهاي حل اختلاف رشتخوار,دادگستري كل استان خراسان رضوي > حوزه قضايي شهرستان رشتخوار > شوراهاي حل اختلاف رشتخوار,3
56050,حوزه قضايي شهرستان زاوه,دادگستري كل استان خراسان رضوي > حوزه قضايي شهرستان زاوه,2
56052,دادسراي عمومي و انقلاب شهرستان زاوه,دادگستري كل استان خراسان رضوي > حوزه قضايي شهرستان زاوه > دادسراي عمومي و انقلاب شهرستان زاوه,3
56051,دادگاه عمومي و انقلاب شهرستان زاوه,دادگستري كل استان خراسان رضوي > حوزه قضايي شهرستان زاوه > دادگاه عمومي و انقلاب شهرستان زاوه,3
57140,شوراهاي حل اختلاف زاوه,دادگستري كل استان خراسان رضوي > حوزه قضايي شهرستان زاوه > شوراهاي حل اختلاف زاوه,3
52061,حوزه قضايي شهرستان زبرخان,دادگستري كل استان خراسان رضوي > حوزه قضايي شهرستان زبرخان,2
52063,دادسراي عمومي و انقلاب شهرستان زبرخان,دادگستري كل استان خراسان رضوي > حوزه قضايي شهرستان زبرخان > دادسراي عمومي و انقلاب شهرستان زبرخان,3
52062,دادگاه عمومي و انقلاب شهرستان زبرخان,دادگستري كل استان خراسان رضوي > حوزه قضايي شهرستان زبرخان > دادگاه عمومي و انقلاب شهرستان زبرخان,3
52065,شوراي حل اختلاف حوزه زبرخان,دادگستري كل استان خراسان رضوي > حوزه قضايي شهرستان زبرخان > شوراي حل اختلاف حوزه زبرخان,3
00946,حوزه قضايي شهرستان سبزوار,دادگستري كل استان خراسان رضوي > حوزه قضايي شهرستان سبزوار,2
51821,دادسراي عمومي و انقلاب شهرستان سبزوار,دادگستري كل استان خراسان رضوي > حوزه قضايي شهرستان سبزوار > دادسراي عمومي و انقلاب شهرستان سبزوار,3
00195,دادگاه عمومي و انقلاب شهرستان سبزوار,دادگستري كل استان خراسان رضوي > حوزه قضايي شهرستان سبزوار > دادگاه عمومي و انقلاب شهرستان سبزوار,3
57550,شوراي حل اختلاف شهرستان سبزوار,دادگستري كل استان خراسان رضوي > حوزه قضايي شهرستان سبزوار > شوراي حل اختلاف شهرستان سبزوار,3
00947,حوزه قضايي شهرستان سرخس,دادگستري كل استان خراسان رضوي > حوزه قضايي شهرستان سرخس,2
51851,دادسراي عمومي و انقلاب شهرستان سرخس,دادگستري كل استان خراسان رضوي > حوزه قضايي شهرستان سرخس > دادسراي عمومي و انقلاب شهرستان سرخس,3
00318,دادگاه عمومي و انقلاب شهرستان سرخس,دادگستري كل استان خراسان رضوي > حوزه قضايي شهرستان سرخس > دادگاه عمومي و انقلاب شهرستان سرخس,3
57300,شوراي حل اختلاف شهرستان سرخس,دادگستري كل استان خراسان رضوي > حوزه قضايي شهرستان سرخس > شوراي حل اختلاف شهرستان سرخس,3
52081,حوزه قضايي شهرستان ششتمد,دادگستري كل استان خراسان رضوي > حوزه قضايي شهرستان ششتمد,2
52082,دادگاه عمومي و انقلاب شهرستان ششتمد,دادگستري كل استان خراسان رضوي > حوزه قضايي شهرستان ششتمد > دادگاه عمومي و انقلاب شهرستان ششتمد,3
57320,شوراي حل اختلاف شهرستان ششتمد,دادگستري كل استان خراسان رضوي > حوزه قضايي شهرستان ششتمد > شوراي حل اختلاف شهرستان ششتمد,3
52091,حوزه قضايي شهرستان صالح آباد استان خراسان رضوي,دادگستري كل استان خراسان رضوي > حوزه قضايي شهرستان صالح آباد استان خراسان رضوي,2
52092,دادگاه هاي عمومي و انقلاب شهرستان صالح آباد استان خراسان رضوي,دادگستري كل استان خراسان رضوي > حوزه قضايي شهرستان صالح آباد استان خراسان رضوي > دادگاه هاي عمومي و انقلاب شهرستان صالح آباد استان خراسان رضوي,3
52095,شوراي حل اختلاف شهرستان صالح آباد استان خراسان رضوي,دادگستري كل استان خراسان رضوي > حوزه قضايي شهرستان صالح آباد استان خراسان رضوي > شوراي حل اختلاف شهرستان صالح آباد استان خراسان رضوي,3
57100,حوزه قضايي شهرستان طرقبه شانديز,دادگستري كل استان خراسان رضوي > حوزه قضايي شهرستان طرقبه شانديز,2
57102,دادسراي عمومي و انقلاب شهرستان طرقبه شانديز,دادگستري كل استان خراسان رضوي > حوزه قضايي شهرستان طرقبه شانديز > دادسراي عمومي و انقلاب شهرستان طرقبه شانديز,3
57101,دادگاه عمومي و انقلاب شهرستان طرقبه شانديز,دادگستري كل استان خراسان رضوي > حوزه قضايي شهرستان طرقبه شانديز > دادگاه عمومي و انقلاب شهرستان طرقبه شانديز,3
57103,شوراي حل اختلاف شهرستان طرقبه شانديز,دادگستري كل استان خراسان رضوي > حوزه قضايي شهرستان طرقبه شانديز > شوراي حل اختلاف شهرستان طرقبه شانديز,3
00948,حوزه قضايي شهرستان فريمان,دادگستري كل استان خراسان رضوي > حوزه قضايي شهرستان فريمان,2
51861,دادسراي عمومي و انقلاب شهرستان فريمان,دادگستري كل استان خراسان رضوي > حوزه قضايي شهرستان فريمان > دادسراي عمومي و انقلاب شهرستان فريمان,3
00319,دادگاه عمومي و انقلاب شهرستان فريمان,دادگستري كل استان خراسان رضوي > حوزه قضايي شهرستان فريمان > دادگاه عمومي و انقلاب شهرستان فريمان,3
57330,شوراي حل اختلاف شهرستان فريمان,دادگستري كل استان خراسان رضوي > حوزه قضايي شهرستان فريمان > شوراي حل اختلاف شهرستان فريمان,3
05670,حوزه قضايي شهرستان فيروزه,دادگستري كل استان خراسان رضوي > حوزه قضايي شهرستان فيروزه,2
05671,دادگاه عمومي و انقلاب شهرستان فيروزه,دادگستري كل استان خراسان رضوي > حوزه قضايي شهرستان فيروزه > دادگاه عمومي و انقلاب شهرستان فيروزه,3
79930,شوراي حل اختلاف شهرستان فيروزه,دادگستري كل استان خراسان رضوي > حوزه قضايي شهرستان فيروزه > شوراي حل اختلاف شهرستان فيروزه,3
00949,حوزه قضايي شهرستان قوچان,دادگستري كل استان خراسان رضوي > حوزه قضايي شهرستان قوچان,2
51881,دادسراي عمومي و انقلاب شهرستان قوچان,دادگستري كل استان خراسان رضوي > حوزه قضايي شهرستان قوچان > دادسراي عمومي و انقلاب شهرستان قوچان,3
00320,دادگاه عمومي و انقلاب شهرستان قوچان,دادگستري كل استان خراسان رضوي > حوزه قضايي شهرستان قوچان > دادگاه عمومي و انقلاب شهرستان قوچان,3
57360,شوراي حل اختلاف شهرستان قوچان,دادگستري كل استان خراسان رضوي > حوزه قضايي شهرستان قوچان > شوراي حل اختلاف شهرستان قوچان,3
00954,حوزه قضايي شهرستان كاشمر,دادگستري كل استان خراسان رضوي > حوزه قضايي شهرستان كاشمر,2
00613,دادسراي عمومي و انقلاب شهرستان كاشمر,دادگستري كل استان خراسان رضوي > حوزه قضايي شهرستان كاشمر > دادسراي عمومي و انقلاب شهرستان كاشمر,3
00326,دادگاه عمومي و انقلاب شهرستان كاشمر,دادگستري كل استان خراسان رضوي > حوزه قضايي شهرستان كاشمر > دادگاه عمومي و انقلاب شهرستان كاشمر,3
57380,شوراي حل اختلاف شهرستان كاشمر,دادگستري كل استان خراسان رضوي > حوزه قضايي شهرستان كاشمر > شوراي حل اختلاف شهرستان كاشمر,3
00963,حوزه قضايي شهرستان كلات,دادگستري كل استان خراسان رضوي > حوزه قضايي شهرستان كلات,2
51931,دادسراي عمومي و انقلاب شهرستان كلات,دادگستري كل استان خراسان رضوي > حوزه قضايي شهرستان كلات > دادسراي عمومي و انقلاب شهرستان كلات,3
00517,دادگاه عمومي و انقلاب شهرستان كلات,دادگستري كل استان خراسان رضوي > حوزه قضايي شهرستان كلات > دادگاه عمومي و انقلاب شهرستان كلات,3
57400,شوراي حل اختلاف شهرستان كلات,دادگستري كل استان خراسان رضوي > حوزه قضايي شهرستان كلات > شوراي حل اختلاف شهرستان كلات,3
53001,حوزه قضايي شهرستان كوهسرخ,دادگستري كل استان خراسان رضوي > حوزه قضايي شهرستان كوهسرخ,2
53004,دادگاه عمومي و انقلاب شهرستان كوهسرخ,دادگستري كل استان خراسان رضوي > حوزه قضايي شهرستان كوهسرخ > دادگاه عمومي و انقلاب شهرستان كوهسرخ,3
05280,شوراي حل اختلاف حوزه كوهسرخ,دادگستري كل استان خراسان رضوي > حوزه قضايي شهرستان كوهسرخ > شوراي حل اختلاف حوزه كوهسرخ,3
77950,حوزه قضايي شهرستان گلبهار,دادگستري كل استان خراسان رضوي > حوزه قضايي شهرستان گلبهار,2
77952,دادسراي عمومي و انقلاب شهرستان گلبهار,دادگستري كل استان خراسان رضوي > حوزه قضايي شهرستان گلبهار > دادسراي عمومي و انقلاب شهرستان گلبهار,3
77951,دادگاه عمومي و انقلاب شهرستان گلبهار,دادگستري كل استان خراسان رضوي > حوزه قضايي شهرستان گلبهار > دادگاه عمومي و انقلاب شهرستان گلبهار,3
79950,شوراي حل اختلاف شهرستان گلبهار,دادگستري كل استان خراسان رضوي > حوزه قضايي شهرستان گلبهار > شوراي حل اختلاف شهرستان گلبهار,3
00956,حوزه قضايي شهرستان گناباد,دادگستري كل استان خراسان رضوي > حوزه قضايي شهرستان گناباد,2
51941,دادسراي عمومي و انقلاب شهرستان گناباد,دادگستري كل استان خراسان رضوي > حوزه قضايي شهرستان گناباد > دادسراي عمومي و انقلاب شهرستان گناباد,3
00328,دادگاه عمومي و انقلاب شهرستان گناباد,دادگستري كل استان خراسان رضوي > حوزه قضايي شهرستان گناباد > دادگاه عمومي و انقلاب شهرستان گناباد,3
57420,شوراي حل اختلاف شهرستان گناباد,دادگستري كل استان خراسان رضوي > حوزه قضايي شهرستان گناباد > شوراي حل اختلاف شهرستان گناباد,3
00945,حوزه قضايي شهرستان مشهد,دادگستري كل استان خراسان رضوي > حوزه قضايي شهرستان مشهد,2
51200,دادسراي عمومي و انقلاب شهرستان مشهد,دادگستري كل استان خراسان رضوي > حوزه قضايي شهرستان مشهد > دادسراي عمومي و انقلاب شهرستان مشهد,3
51486,دادسراي عمومي و انقلاب (ناحيه 4) مجتمع شهيد بهشتي شهرستان مشهد,دادگستري كل استان خراسان رضوي > حوزه قضايي شهرستان مشهد > دادسراي عمومي و انقلاب شهرستان مشهد > دادسراي عمومي و انقلاب (ناحيه 4) مجتمع شهيد بهشتي شهرستان مشهد,4
80047,دادسراي عمومي و انقلاب (ناحيه 5) مجتمع شهيد قدوسي شهرستان مشهد,دادگستري كل استان خراسان رضوي > حوزه قضايي شهرستان مشهد > دادسراي عمومي و انقلاب شهرستان مشهد > دادسراي عمومي و انقلاب (ناحيه 5) مجتمع شهيد قدوسي شهرستان مشهد,4
51369,دادسراي عمومي و انقلاب (ناحيه 6) مجتمع شهيدكامياب شهرستان مشهد,دادگستري كل استان خراسان رضوي > حوزه قضايي شهرستان مشهد > دادسراي عمومي و انقلاب شهرستان مشهد > دادسراي عمومي و انقلاب (ناحيه 6) مجتمع شهيدكامياب شهرستان مشهد,4
79982,دادسراي عمومي و انقلاب (ناحيه 8) مجتمع هاشمي شاهرودي شهرستان مشهد,دادگستري كل استان خراسان رضوي > حوزه قضايي شهرستان مشهد > دادسراي عمومي و انقلاب شهرستان مشهد > دادسراي عمومي و انقلاب (ناحيه 8) مجتمع هاشمي شاهرودي شهرستان مشهد,4
54100,دادسراي عمومي و انقلاب ناحيه 10 شهرستان مشهد,دادگستري كل استان خراسان رضوي > حوزه قضايي شهرستان مشهد > دادسراي عمومي و انقلاب شهرستان مشهد > دادسراي عمومي و انقلاب ناحيه 10 شهرستان مشهد,4
76090,دادسراي عمومي و انقلاب ناحيه 11 شهرستان مشهد (شعب نظارت بر زندان),دادگستري كل استان خراسان رضوي > حوزه قضايي شهرستان مشهد > دادسراي عمومي و انقلاب شهرستان مشهد > دادسراي عمومي و انقلاب ناحيه 11 شهرستان مشهد (شعب نظارت بر زندان),4
51610,دادسراي عمومي و انقلاب ناحيه 2 شهرستان مشهد,دادگستري كل استان خراسان رضوي > حوزه قضايي شهرستان مشهد > دادسراي عمومي و انقلاب شهرستان مشهد > دادسراي عمومي و انقلاب ناحيه 2 شهرستان مشهد,4
51482,دادسراي عمومي و انقلاب ناحيه 3 شهرستان مشهد,دادگستري كل استان خراسان رضوي > حوزه قضايي شهرستان مشهد > دادسراي عمومي و انقلاب شهرستان مشهد > دادسراي عمومي و انقلاب ناحيه 3 شهرستان مشهد,4
51484,دادسراي عمومي و انقلاب ناحيه 7 شهرستان مشهد,دادگستري كل استان خراسان رضوي > حوزه قضايي شهرستان مشهد > دادسراي عمومي و انقلاب شهرستان مشهد > دادسراي عمومي و انقلاب ناحيه 7 شهرستان مشهد,4
79980,دادسراي عمومي و انقلاب ويژه نوجوانان شهرستان مشهد,دادگستري كل استان خراسان رضوي > حوزه قضايي شهرستان مشهد > دادسراي عمومي و انقلاب شهرستان مشهد > دادسراي عمومي و انقلاب ويژه نوجوانان شهرستان مشهد,4
00146,دادگاه عمومي و انقلاب شهرستان مشهد,دادگستري كل استان خراسان رضوي > حوزه قضايي شهرستان مشهد > دادگاه عمومي و انقلاب شهرستان مشهد,3
80046,دادگاههاي حقوقي صلح مجتمع قضايي كوثر شهرستان مشهد,دادگستري كل استان خراسان رضوي > حوزه قضايي شهرستان مشهد > دادگاه عمومي و انقلاب شهرستان مشهد > دادگاههاي حقوقي صلح مجتمع قضايي كوثر شهرستان مشهد,4
51368,دادگاههاي حقوقي مجتمع قضايي امام خميني شهرستان مشهد,دادگستري كل استان خراسان رضوي > حوزه قضايي شهرستان مشهد > دادگاه عمومي و انقلاب شهرستان مشهد > دادگاههاي حقوقي مجتمع قضايي امام خميني شهرستان مشهد,4
80056,دادگاههاي حقوقي مجتمع قضايي كوثر شهرستان مشهد,دادگستري كل استان خراسان رضوي > حوزه قضايي شهرستان مشهد > دادگاه عمومي و انقلاب شهرستان مشهد > دادگاههاي حقوقي مجتمع قضايي كوثر شهرستان مشهد,4
79922,دادگاههاي صلح مجتمع قضايي امام خميني شهرستان مشهد,دادگستري كل استان خراسان رضوي > حوزه قضايي شهرستان مشهد > دادگاه عمومي و انقلاب شهرستان مشهد > دادگاههاي صلح مجتمع قضايي امام خميني شهرستان مشهد,4
80049,دادگاههاي كيفري دو مجتمع شهيد بهشتي شهرستان مشهد,دادگستري كل استان خراسان رضوي > حوزه قضايي شهرستان مشهد > دادگاه عمومي و انقلاب شهرستان مشهد > دادگاههاي كيفري دو مجتمع شهيد بهشتي شهرستان مشهد,4
80055,دادگاههاي كيفري دو مجتمع شهيد رئيسي شهرستان مشهد,دادگستري كل استان خراسان رضوي > حوزه قضايي شهرستان مشهد > دادگاه عمومي و انقلاب شهرستان مشهد > دادگاههاي كيفري دو مجتمع شهيد رئيسي شهرستان مشهد,4
79920,دادگاههاي كيفري دو مجتمع شهيد قدوسي شهرستان مشهد (مجتمع عدالت سابق),دادگستري كل استان خراسان رضوي > حوزه قضايي شهرستان مشهد > دادگاه عمومي و انقلاب شهرستان مشهد > دادگاههاي كيفري دو مجتمع شهيد قدوسي شهرستان مشهد (مجتمع عدالت سابق),4
80048,دادگاههاي كيفري دو مجتمع شهيد كامياب شهرستان مشهد,دادگستري كل استان خراسان رضوي > حوزه قضايي شهرستان مشهد > دادگاه عمومي و انقلاب شهرستان مشهد > دادگاههاي كيفري دو مجتمع شهيد كامياب شهرستان مشهد,4
79933,دادگاههاي كيفري دو مجتمع قضايي هاشمي شاهرودي شهرستان مشهد,دادگستري كل استان خراسان رضوي > حوزه قضايي شهرستان مشهد > دادگاه عمومي و انقلاب شهرستان مشهد > دادگاههاي كيفري دو مجتمع قضايي هاشمي شاهرودي شهرستان مشهد,4
51497,مجتمع انقلاب اسلامي شهرستان مشهد(شعب دادگاه),دادگستري كل استان خراسان رضوي > حوزه قضايي شهرستان مشهد > دادگاه عمومي و انقلاب شهرستان مشهد > مجتمع انقلاب اسلامي شهرستان مشهد(شعب دادگاه),4
51361,مجتمع قضايي شهيد مطهري (ويژه دعاوي خانواده ) دادگستري شهرستان مشهد,دادگستري كل استان خراسان رضوي > حوزه قضايي شهرستان مشهد > دادگاه عمومي و انقلاب شهرستان مشهد > مجتمع قضايي شهيد مطهري (ويژه دعاوي خانواده ) دادگستري شهرستان مشهد,4
79921,مجتمع قضايي ويژه اطفال ونوجوانان شهرستان مشهد,دادگستري كل استان خراسان رضوي > حوزه قضايي شهرستان مشهد > دادگاه عمومي و انقلاب شهرستان مشهد > مجتمع قضايي ويژه اطفال ونوجوانان شهرستان مشهد,4
54086,شوراي حل اختلاف شهرستان مشهد,دادگستري كل استان خراسان رضوي > حوزه قضايي شهرستان مشهد > شوراي حل اختلاف شهرستان مشهد,3
74580,مجتمع تخصصي پيوند خانواده شوراي حل اختلاف شهرستان مشهد,دادگستري كل استان خراسان رضوي > حوزه قضايي شهرستان مشهد > شوراي حل اختلاف شهرستان مشهد > مجتمع تخصصي پيوند خانواده شوراي حل اختلاف شهرستان مشهد,4
54077,مجتمع شماره پنج شوراي حل اختلاف شهرستان مشهد,دادگستري كل استان خراسان رضوي > حوزه قضايي شهرستان مشهد > شوراي حل اختلاف شهرستان مشهد > مجتمع شماره پنج شوراي حل اختلاف شهرستان مشهد,4
54076,مجتمع شماره دو ويژه حصروراثت شوراي حل اختلاف شهرستان مشهد (مجتمع بهداشت سابق),دادگستري كل استان خراسان رضوي > حوزه قضايي شهرستان مشهد > شوراي حل اختلاف شهرستان مشهد > مجتمع شماره دو ويژه حصروراثت شوراي حل اختلاف شهرستان مشهد (مجتمع بهداشت سابق),4
75000,مجتمع شهداء شوراي حل اختلاف شهرستان مشهد (مجتمع شماره يك سابق),دادگستري كل استان خراسان رضوي > حوزه قضايي شهرستان مشهد > شوراي حل اختلاف شهرستان مشهد > مجتمع شهداء شوراي حل اختلاف شهرستان مشهد (مجتمع شماره يك سابق),4
54073,مجتمع قضايي امام خميني دادگستري شهرستان مشهد (شعب شوراي حل اختلاف),دادگستري كل استان خراسان رضوي > حوزه قضايي شهرستان مشهد > شوراي حل اختلاف شهرستان مشهد > مجتمع قضايي امام خميني دادگستري شهرستان مشهد (شعب شوراي حل اختلاف),4
54074,مجتمع قضايي ثامن دادگستري شهرستان مشهد (شعب شوراي حل اختلاف),دادگستري كل استان خراسان رضوي > حوزه قضايي شهرستان مشهد > شوراي حل اختلاف شهرستان مشهد > مجتمع قضايي ثامن دادگستري شهرستان مشهد (شعب شوراي حل اختلاف),4
54068,مجتمع قضايي شهيد بهشتي شهرستان مشهد (شعب شوراي حل اختلاف),دادگستري كل استان خراسان رضوي > حوزه قضايي شهرستان مشهد > شوراي حل اختلاف شهرستان مشهد > مجتمع قضايي شهيد بهشتي شهرستان مشهد (شعب شوراي حل اختلاف),4
54071,مجتمع قضايي شهيد رجائي دادگستري شهرستان مشهد (شعب شوراي حل اختلاف),دادگستري كل استان خراسان رضوي > حوزه قضايي شهرستان مشهد > شوراي حل اختلاف شهرستان مشهد > مجتمع قضايي شهيد رجائي دادگستري شهرستان مشهد (شعب شوراي حل اختلاف),4
54070,مجتمع قضايي شهيد كامياب شهرستان مشهد(شعب شوراي حل اختلاف),دادگستري كل استان خراسان رضوي > حوزه قضايي شهرستان مشهد > شوراي حل اختلاف شهرستان مشهد > مجتمع قضايي شهيد كامياب شهرستان مشهد(شعب شوراي حل اختلاف),4
54069,مجتمع قضايي شهيد مطهري شهرستان مشهد(شعب شوراي حل اختلاف),دادگستري كل استان خراسان رضوي > حوزه قضايي شهرستان مشهد > شوراي حل اختلاف شهرستان مشهد > مجتمع قضايي شهيد مطهري شهرستان مشهد(شعب شوراي حل اختلاف),4
76098,مجتمع قضايي كوثر شهرستان مشهد (شعب شوراي حل اختلاف),دادگستري كل استان خراسان رضوي > حوزه قضايي شهرستان مشهد > شوراي حل اختلاف شهرستان مشهد > مجتمع قضايي كوثر شهرستان مشهد (شعب شوراي حل اختلاف),4
75030,مجتمع قضايي هاشمي شاهرودي شهرستان مشهد (شعب شوراي حل اختلاف),دادگستري كل استان خراسان رضوي > حوزه قضايي شهرستان مشهد > شوراي حل اختلاف شهرستان مشهد > مجتمع قضايي هاشمي شاهرودي شهرستان مشهد (شعب شوراي حل اختلاف),4
75130,مجتمع كيفري شوراي حل اختلاف (ويژه صلح وسازش)شهرستان مشهد(مجتمع شماره شش سابق),دادگستري كل استان خراسان رضوي > حوزه قضايي شهرستان مشهد > شوراي حل اختلاف شهرستان مشهد > مجتمع كيفري شوراي حل اختلاف (ويژه صلح وسازش)شهرستان مشهد(مجتمع شماره شش سابق),4
75060,مجتمع وفاق شوراي حل اختلاف شهرستان مشهد (مجتمع شماره چهارسابق),دادگستري كل استان خراسان رضوي > حوزه قضايي شهرستان مشهد > شوراي حل اختلاف شهرستان مشهد > مجتمع وفاق شوراي حل اختلاف شهرستان مشهد (مجتمع شماره چهارسابق),4
00951,حوزه قضايي شهرستان مه ولات,دادگستري كل استان خراسان رضوي > حوزه قضايي شهرستان مه ولات,2
51872,دادسراي عمومي و انقلاب شهرستان مه ولات,دادگستري كل استان خراسان رضوي > حوزه قضايي شهرستان مه ولات > دادسراي عمومي و انقلاب شهرستان مه ولات,3
00322,دادگاه عمومي و انقلاب شهرستان مه ولات,دادگستري كل استان خراسان رضوي > حوزه قضايي شهرستان مه ولات > دادگاه عمومي و انقلاب شهرستان مه ولات,3
56070,شوراي حل اختلاف شهرستان مه ولات,دادگستري كل استان خراسان رضوي > حوزه قضايي شهرستان مه ولات > شوراي حل اختلاف شهرستان مه ولات,3
53021,حوزه قضايي شهرستان ميان جلگه,دادگستري كل استان خراسان رضوي > حوزه قضايي شهرستان ميان جلگه,2
53022,دادگاه عمومي و انقلاب شهرستان ميان جلگه,دادگستري كل استان خراسان رضوي > حوزه قضايي شهرستان ميان جلگه > دادگاه عمومي و انقلاب شهرستان ميان جلگه,3
53030,شوراي حل اختلاف حوزه ميان جلگه,دادگستري كل استان خراسان رضوي > حوزه قضايي شهرستان ميان جلگه > شوراي حل اختلاف حوزه ميان جلگه,3
00959,حوزه قضايي شهرستان نيشابور,دادگستري كل استان خراسان رضوي > حوزه قضايي شهرستان نيشابور,2
51961,دادسراي عمومي و انقلاب شهرستان نيشابور,دادگستري كل استان خراسان رضوي > حوزه قضايي شهرستان نيشابور > دادسراي عمومي و انقلاب شهرستان نيشابور,3
00331,دادگاه عمومي و انقلاب شهرستان نيشابور,دادگستري كل استان خراسان رضوي > حوزه قضايي شهرستان نيشابور > دادگاه عمومي و انقلاب شهرستان نيشابور,3
57440,شوراي حل اختلاف شهرستان نيشابور,دادگستري كل استان خراسان رضوي > حوزه قضايي شهرستان نيشابور > شوراي حل اختلاف شهرستان نيشابور,3
51480,مجتمع دادگاههاي تجديدنظر استان خراسان رضوي,دادگستري كل استان خراسان رضوي > مجتمع دادگاههاي تجديدنظر استان خراسان رضوي,2
51600,مجتمع دادگاههاي كيفري يك استان خراسان رضوي,دادگستري كل استان خراسان رضوي > مجتمع دادگاههاي كيفري يك استان خراسان رضوي,2
00201,دادگستري كل استان خراسان شمالي,دادگستري كل استان خراسان شمالي,1
59300,حوزه قضايي بخش جلگه شوقان,دادگستري كل استان خراسان شمالي > حوزه قضايي بخش جلگه شوقان,2
59301,دادگاه عمومي و انقلاب بخش جلگه شوقان,دادگستري كل استان خراسان شمالي > حوزه قضايي بخش جلگه شوقان > دادگاه عمومي و انقلاب بخش جلگه شوقان,3
59320,شوراي حل اختلاف بخش جلگه شوقان,دادگستري كل استان خراسان شمالي > حوزه قضايي بخش جلگه شوقان > شوراي حل اختلاف بخش جلگه شوقان,3
59260,حوزه قضايي بخش سرحد و قوشخانه,دادگستري كل استان خراسان شمالي > حوزه قضايي بخش سرحد و قوشخانه,2
59261,دادگاه عمومي و انقلاب بخش سرحد و قوشخانه,دادگستري كل استان خراسان شمالي > حوزه قضايي بخش سرحد و قوشخانه > دادگاه عمومي و انقلاب بخش سرحد و قوشخانه,3
59280,شوراي حل اختلاف بخش سرحد و قوشخانه,دادگستري كل استان خراسان شمالي > حوزه قضايي بخش سرحد و قوشخانه > شوراي حل اختلاف بخش سرحد و قوشخانه,3
59210,حوزه قضايي بخش سملقان (قاضي),دادگستري كل استان خراسان شمالي > حوزه قضايي بخش سملقان (قاضي),2
59211,دادگاه عمومي و انقلاب بخش سملقان (قاضي),دادگستري كل استان خراسان شمالي > حوزه قضايي بخش سملقان (قاضي) > دادگاه عمومي و انقلاب بخش سملقان (قاضي),3
59240,شوراي حل اختلاف بخش سملقان (قاضي),دادگستري كل استان خراسان شمالي > حوزه قضايي بخش سملقان (قاضي) > شوراي حل اختلاف بخش سملقان (قاضي),3
00967,حوزه قضايي شهرستان اسفراين,دادگستري كل استان خراسان شمالي > حوزه قضايي شهرستان اسفراين,2
58530,دادسراي عمومي و انقلاب شهرستان اسفراين,دادگستري كل استان خراسان شمالي > حوزه قضايي شهرستان اسفراين > دادسراي عمومي و انقلاب شهرستان اسفراين,3
00334,دادگاه عمومي و انقلاب شهرستان اسفراين,دادگستري كل استان خراسان شمالي > حوزه قضايي شهرستان اسفراين > دادگاه عمومي و انقلاب شهرستان اسفراين,3
58960,شوراي حل اختلاف شهرستان اسفراين,دادگستري كل استان خراسان شمالي > حوزه قضايي شهرستان اسفراين > شوراي حل اختلاف شهرستان اسفراين,3
59170,حوزه قضايي شهرستان بام و صفي آباد,دادگستري كل استان خراسان شمالي > حوزه قضايي شهرستان بام و صفي آباد,2
59171,دادگاه عمومي و انقلاب شهرستان بام و صفي آباد,دادگستري كل استان خراسان شمالي > حوزه قضايي شهرستان بام و صفي آباد > دادگاه عمومي و انقلاب شهرستان بام و صفي آباد,3
59196,شوراي حل اختلاف شهرستان بام و صفي آباد,دادگستري كل استان خراسان شمالي > حوزه قضايي شهرستان بام و صفي آباد > شوراي حل اختلاف شهرستان بام و صفي آباد,3
00966,حوزه قضايي شهرستان بجنورد,دادگستري كل استان خراسان شمالي > حوزه قضايي شهرستان بجنورد,2
58418,دادسراي عمومي و انقلاب شهرستان بجنورد,دادگستري كل استان خراسان شمالي > حوزه قضايي شهرستان بجنورد > دادسراي عمومي و انقلاب شهرستان بجنورد,3
58417,مجتمع دادسراي عمومي و انقلاب شهرستان بجنورد,دادگستري كل استان خراسان شمالي > حوزه قضايي شهرستان بجنورد > دادسراي عمومي و انقلاب شهرستان بجنورد > مجتمع دادسراي عمومي و انقلاب شهرستان بجنورد,4
58400,دادگاه عمومي و انقلاب شهرستان بجنورد,دادگستري كل استان خراسان شمالي > حوزه قضايي شهرستان بجنورد > دادگاه عمومي و انقلاب شهرستان بجنورد,3
58435,مجتمع انقلاب اسلامي شهرستان بجنورد,دادگستري كل استان خراسان شمالي > حوزه قضايي شهرستان بجنورد > دادگاه عمومي و انقلاب شهرستان بجنورد > مجتمع انقلاب اسلامي شهرستان بجنورد,4
58491,مجتمع دادگاه هاي خانواده شهيد رازيني شهرستان بجنورد,دادگستري كل استان خراسان شمالي > حوزه قضايي شهرستان بجنورد > دادگاه عمومي و انقلاب شهرستان بجنورد > مجتمع دادگاه هاي خانواده شهيد رازيني شهرستان بجنورد,4
58490,مجتمع دادگاه هاي صلح شهيد رئيسي شهرستان بجنورد,دادگستري كل استان خراسان شمالي > حوزه قضايي شهرستان بجنورد > دادگاه عمومي و انقلاب شهرستان بجنورد > مجتمع دادگاه هاي صلح شهيد رئيسي شهرستان بجنورد,4
58399,مجتمع شهيد بهشتي شهرستان بجنورد,دادگستري كل استان خراسان شمالي > حوزه قضايي شهرستان بجنورد > دادگاه عمومي و انقلاب شهرستان بجنورد > مجتمع شهيد بهشتي شهرستان بجنورد,4
58398,مجتمع شهيد لاجوردي شهرستان بجنورد,دادگستري كل استان خراسان شمالي > حوزه قضايي شهرستان بجنورد > دادگاه عمومي و انقلاب شهرستان بجنورد > مجتمع شهيد لاجوردي شهرستان بجنورد,4
58700,شوراي حل اختلاف شهرستان بجنورد,دادگستري كل استان خراسان شمالي > حوزه قضايي شهرستان بجنورد > شوراي حل اختلاف شهرستان بجنورد,3
00971,حوزه قضايي شهرستان جاجرم,دادگستري كل استان خراسان شمالي > حوزه قضايي شهرستان جاجرم,2
58595,دادسراي عمومي و انقلاب شهرستان جاجرم,دادگستري كل استان خراسان شمالي > حوزه قضايي شهرستان جاجرم > دادسراي عمومي و انقلاب شهرستان جاجرم,3
00338,دادگاه عمومي و انقلاب شهرستان جاجرم,دادگستري كل استان خراسان شمالي > حوزه قضايي شهرستان جاجرم > دادگاه عمومي و انقلاب شهرستان جاجرم,3
58910,شوراي حل اختلاف شهرستان جاجرم,دادگستري كل استان خراسان شمالي > حوزه قضايي شهرستان جاجرم > شوراي حل اختلاف شهرستان جاجرم,3
58650,حوزه قضايي شهرستان راز و جرگلان,دادگستري كل استان خراسان شمالي > حوزه قضايي شهرستان راز و جرگلان,2
58652,دادسراي عمومي و انقلاب شهرستان راز و جرگلان,دادگستري كل استان خراسان شمالي > حوزه قضايي شهرستان راز و جرگلان > دادسراي عمومي و انقلاب شهرستان راز و جرگلان,3
58651,دادگاه عمومي و انقلاب شهرستان راز و جرگلان,دادگستري كل استان خراسان شمالي > حوزه قضايي شهرستان راز و جرگلان > دادگاه عمومي و انقلاب شهرستان راز و جرگلان,3
58920,شوراي حل اختلاف شهرستان راز و جرگلان,دادگستري كل استان خراسان شمالي > حوزه قضايي شهرستان راز و جرگلان > شوراي حل اختلاف شهرستان راز و جرگلان,3
00968,حوزه قضايي شهرستان سملقان (آشخانه),دادگستري كل استان خراسان شمالي > حوزه قضايي شهرستان سملقان (آشخانه),2
58572,دادسراي عمومي و انقلاب شهرستان سملقان (آشخانه),دادگستري كل استان خراسان شمالي > حوزه قضايي شهرستان سملقان (آشخانه) > دادسراي عمومي و انقلاب شهرستان سملقان (آشخانه),3
00335,دادگاه عمومي و انقلاب شهرستان سملقان (آشخانه),دادگستري كل استان خراسان شمالي > حوزه قضايي شهرستان سملقان (آشخانه) > دادگاه عمومي و انقلاب شهرستان سملقان (آشخانه),3
58950,شوراي حل اختلاف شهرستان سملقان (آشخانه),دادگستري كل استان خراسان شمالي > حوزه قضايي شهرستان سملقان (آشخانه) > شوراي حل اختلاف شهرستان سملقان (آشخانه),3
00970,حوزه قضايي شهرستان شيروان,دادگستري كل استان خراسان شمالي > حوزه قضايي شهرستان شيروان,2
58500,دادسراي عمومي و انقلاب شهرستان شيروان,دادگستري كل استان خراسان شمالي > حوزه قضايي شهرستان شيروان > دادسراي عمومي و انقلاب شهرستان شيروان,3
00337,دادگاه عمومي و انقلاب شهرستان شيروان,دادگستري كل استان خراسان شمالي > حوزه قضايي شهرستان شيروان > دادگاه عمومي و انقلاب شهرستان شيروان,3
58930,شوراي حل اختلاف شهرستان شيروان,دادگستري كل استان خراسان شمالي > حوزه قضايي شهرستان شيروان > شوراي حل اختلاف شهرستان شيروان,3
00969,حوزه قضايي شهرستان فاروج,دادگستري كل استان خراسان شمالي > حوزه قضايي شهرستان فاروج,2
58620,دادسراي عمومي و انقلاب شهرستان فاروج,دادگستري كل استان خراسان شمالي > حوزه قضايي شهرستان فاروج > دادسراي عمومي و انقلاب شهرستان فاروج,3
00336,دادگاه عمومي و انقلاب شهرستان فاروج,دادگستري كل استان خراسان شمالي > حوزه قضايي شهرستان فاروج > دادگاه عمومي و انقلاب شهرستان فاروج,3
59080,شوراي حل اختلاف شهرستان فاروج,دادگستري كل استان خراسان شمالي > حوزه قضايي شهرستان فاروج > شوراي حل اختلاف شهرستان فاروج,3
58800,حوزه قضايي شهرستان گرمه,دادگستري كل استان خراسان شمالي > حوزه قضايي شهرستان گرمه,2
58802,دادسراي عمومي و انقلاب شهرستان گرمه,دادگستري كل استان خراسان شمالي > حوزه قضايي شهرستان گرمه > دادسراي عمومي و انقلاب شهرستان گرمه,3
58801,دادگاه عمومي و انقلاب شهرستان گرمه,دادگستري كل استان خراسان شمالي > حوزه قضايي شهرستان گرمه > دادگاه عمومي و انقلاب شهرستان گرمه,3
59190,شوراي حل اختلاف شهرستان گرمه,دادگستري كل استان خراسان شمالي > حوزه قضايي شهرستان گرمه > شوراي حل اختلاف شهرستان گرمه,3
58925,حوزه قضايي شهرستان مانه,دادگستري كل استان خراسان شمالي > حوزه قضايي شهرستان مانه,2
58926,دادگاه عمومي و انقلاب شهرستان مانه,دادگستري كل استان خراسان شمالي > حوزه قضايي شهرستان مانه > دادگاه عمومي و انقلاب شهرستان مانه,3
58936,شوراي حل اختلاف شهرستان مانه,دادگستري كل استان خراسان شمالي > حوزه قضايي شهرستان مانه > شوراي حل اختلاف شهرستان مانه,3
58440,ساختمان دادگستري كل استان خراسان شمالي(شعب تجديدنظر),دادگستري كل استان خراسان شمالي > ساختمان دادگستري كل استان خراسان شمالي(شعب تجديدنظر),2
00242,دادگستري كل استان خوزستان,دادگستري كل استان خوزستان,1
00834,حوزه قضايي  شهرستان رامهرمز,دادگستري كل استان خوزستان > حوزه قضايي  شهرستان رامهرمز,2
61530,دادسراي عمومي و انقلاب شهرستان رامهرمز,دادگستري كل استان خوزستان > حوزه قضايي  شهرستان رامهرمز > دادسراي عمومي و انقلاب شهرستان رامهرمز,3
00402,دادگاه عمومي و انقلاب شهرستان رامهرمز,دادگستري كل استان خوزستان > حوزه قضايي  شهرستان رامهرمز > دادگاه عمومي و انقلاب شهرستان رامهرمز,3
70110,شوراي حل اختلاف شهرستان رامهرمز,دادگستري كل استان خوزستان > حوزه قضايي  شهرستان رامهرمز > شوراي حل اختلاف شهرستان رامهرمز,3
69400,حوزه قضايي بخش اروندكنار,دادگستري كل استان خوزستان > حوزه قضايي بخش اروندكنار,2
69401,دادگاه عمومي و انقلاب بخش اروندكنار,دادگستري كل استان خوزستان > حوزه قضايي بخش اروندكنار > دادگاه عمومي و انقلاب بخش اروندكنار,3
70630,شوراي حل اختلاف شهرستان اروندكنار,دادگستري كل استان خوزستان > حوزه قضايي بخش اروندكنار > شوراي حل اختلاف شهرستان اروندكنار,3
64240,حوزه قضايي بخش الوار گرمسيري,دادگستري كل استان خوزستان > حوزه قضايي بخش الوار گرمسيري,2
64241,دادگاه عمومي و انقلاب بخش الوار گرمسيري,دادگستري كل استان خوزستان > حوزه قضايي بخش الوار گرمسيري > دادگاه عمومي و انقلاب بخش الوار گرمسيري,3
64270,شوراي حل اختلاف بخش الوار گرمسيري,دادگستري كل استان خوزستان > حوزه قضايي بخش الوار گرمسيري > شوراي حل اختلاف بخش الوار گرمسيري,3
61320,حوزه قضايي بخش بندر امام خميني (ره),دادگستري كل استان خوزستان > حوزه قضايي بخش بندر امام خميني (ره),2
61322,دادسراي عمومي و انقلاب بخش بندر امام خميني (ره),دادگستري كل استان خوزستان > حوزه قضايي بخش بندر امام خميني (ره) > دادسراي عمومي و انقلاب بخش بندر امام خميني (ره),3
61321,دادگاه عمومي و انقلاب بخش بندر امام خميني (ره),دادگستري كل استان خوزستان > حوزه قضايي بخش بندر امام خميني (ره) > دادگاه عمومي و انقلاب بخش بندر امام خميني (ره),3
70840,شوراي حل اختلاف بخش بندر امام خميني (ره),دادگستري كل استان خوزستان > حوزه قضايي بخش بندر امام خميني (ره) > شوراي حل اختلاف بخش بندر امام خميني (ره),3
70990,حوزه قضايي بخش سردشت استان خوزستان,دادگستري كل استان خوزستان > حوزه قضايي بخش سردشت استان خوزستان,2
70991,دادگاه عمومي و انقلاب بخش سردشت,دادگستري كل استان خوزستان > حوزه قضايي بخش سردشت استان خوزستان > دادگاه عمومي و انقلاب بخش سردشت,3
70650,حوزه قضايي بخش صيدون,دادگستري كل استان خوزستان > حوزه قضايي بخش صيدون,2
70651,دادگاه عمومي و انقلاب بخش صيدون,دادگستري كل استان خوزستان > حوزه قضايي بخش صيدون > دادگاه عمومي و انقلاب بخش صيدون,3
70663,شوراي حل اختلاف بخش صيدون,دادگستري كل استان خوزستان > حوزه قضايي بخش صيدون > شوراي حل اختلاف بخش صيدون,3
00819,حوزه قضايي شهرستان آبادان,دادگستري كل استان خوزستان > حوزه قضايي شهرستان آبادان,2
63100,دادسراي عمومي و انقلاب شهرستان آبادان,دادگستري كل استان خوزستان > حوزه قضايي شهرستان آبادان > دادسراي عمومي و انقلاب شهرستان آبادان,3
00387,دادگاه عمومي و انقلاب شهرستان آبادان,دادگستري كل استان خوزستان > حوزه قضايي شهرستان آبادان > دادگاه عمومي و انقلاب شهرستان آبادان,3
63160,مجتمع قضايي دادگاه انقلاب اسلامي شهرستان آبادان,دادگستري كل استان خوزستان > حوزه قضايي شهرستان آبادان > دادگاه عمومي و انقلاب شهرستان آبادان > مجتمع قضايي دادگاه انقلاب اسلامي شهرستان آبادان,4
70720,شوراي حل اختلاف شهرستان آبادان,دادگستري كل استان خوزستان > حوزه قضايي شهرستان آبادان > شوراي حل اختلاف شهرستان آبادان,3
61402,حوزه قضايي شهرستان آغاجاري,دادگستري كل استان خوزستان > حوزه قضايي شهرستان آغاجاري,2
61403,دادگاه عمومي و انقلاب شهرستان آغاجاري,دادگستري كل استان خوزستان > حوزه قضايي شهرستان آغاجاري > دادگاه عمومي و انقلاب شهرستان آغاجاري,3
70440,شوراي حل اختلاف شهرستان آغاجاري,دادگستري كل استان خوزستان > حوزه قضايي شهرستان آغاجاري > شوراي حل اختلاف شهرستان آغاجاري,3
00824,حوزه قضايي شهرستان اميديه,دادگستري كل استان خوزستان > حوزه قضايي شهرستان اميديه,2
61360,دادسراي عمومي و انقلاب شهرستان اميديه,دادگستري كل استان خوزستان > حوزه قضايي شهرستان اميديه > دادسراي عمومي و انقلاب شهرستان اميديه,3
00392,دادگاه عمومي و انقلاب شهرستان اميديه,دادگستري كل استان خوزستان > حوزه قضايي شهرستان اميديه > دادگاه عمومي و انقلاب شهرستان اميديه,3
69840,شوراي حل اختلاف اميديه,دادگستري كل استان خوزستان > حوزه قضايي شهرستان اميديه > شوراي حل اختلاف اميديه,3
61730,حوزه قضايي شهرستان انديكا,دادگستري كل استان خوزستان > حوزه قضايي شهرستان انديكا,2
61732,دادسراي عمومي و انقلاب شهرستان انديكا,دادگستري كل استان خوزستان > حوزه قضايي شهرستان انديكا > دادسراي عمومي و انقلاب شهرستان انديكا,3
61731,دادگاه عمومي و انقلاب شهرستان انديكا,دادگستري كل استان خوزستان > حوزه قضايي شهرستان انديكا > دادگاه عمومي و انقلاب شهرستان انديكا,3
69880,شوراي حل اختلاف شهرستان انديكا,دادگستري كل استان خوزستان > حوزه قضايي شهرستان انديكا > شوراي حل اختلاف شهرستان انديكا,3
00820,حوزه قضايي شهرستان انديمشك,دادگستري كل استان خوزستان > حوزه قضايي شهرستان انديمشك,2
64200,دادسراي عمومي و انقلاب شهرستان انديمشك,دادگستري كل استان خوزستان > حوزه قضايي شهرستان انديمشك > دادسراي عمومي و انقلاب شهرستان انديمشك,3
00388,دادگاه عمومي و انقلاب شهرستان انديمشك,دادگستري كل استان خوزستان > حوزه قضايي شهرستان انديمشك > دادگاه عمومي و انقلاب شهرستان انديمشك,3
70580,شوراي حل اختلاف شهرستان انديمشك,دادگستري كل استان خوزستان > حوزه قضايي شهرستان انديمشك > شوراي حل اختلاف شهرستان انديمشك,3
00837,حوزه قضايي شهرستان اهواز,دادگستري كل استان خوزستان > حوزه قضايي شهرستان اهواز,2
61100,دادسراي عمومي و انقلاب شهرستان اهواز,دادگستري كل استان خوزستان > حوزه قضايي شهرستان اهواز > دادسراي عمومي و انقلاب شهرستان اهواز,3
61138,مجتمع قضايي شماره يك شهرستان اهواز(شعب دادسرا),دادگستري كل استان خوزستان > حوزه قضايي شهرستان اهواز > دادسراي عمومي و انقلاب شهرستان اهواز > مجتمع قضايي شماره يك شهرستان اهواز(شعب دادسرا),4
70273,مجتمع قضايي شهيد باهنر اهواز (شعب دادسرا و اجراي احكام),دادگستري كل استان خوزستان > حوزه قضايي شهرستان اهواز > دادسراي عمومي و انقلاب شهرستان اهواز > مجتمع قضايي شهيد باهنر اهواز (شعب دادسرا و اجراي احكام),4
70272,مجتمع قضايي شهيد باهنر اهواز - شعب دادسرا,دادگستري كل استان خوزستان > حوزه قضايي شهرستان اهواز > دادسراي عمومي و انقلاب شهرستان اهواز > مجتمع قضايي شهيد باهنر اهواز (شعب دادسرا و اجراي احكام) > مجتمع قضايي شهيد باهنر اهواز - شعب دادسرا,5
61139,مجتمع قضايي قدس شهرستان اهواز - شعب دادسرا,دادگستري كل استان خوزستان > حوزه قضايي شهرستان اهواز > دادسراي عمومي و انقلاب شهرستان اهواز > مجتمع قضايي قدس شهرستان اهواز - شعب دادسرا,4
61219,مجتمع قضايي ويژه رسيدگي به امور جنايي و انقلاب اهواز-شعب دادسرا,دادگستري كل استان خوزستان > حوزه قضايي شهرستان اهواز > دادسراي عمومي و انقلاب شهرستان اهواز > مجتمع قضايي ويژه رسيدگي به امور جنايي و انقلاب اهواز-شعب دادسرا,4
01808,دادگاه عمومي و انقلاب شهرستان اهواز,دادگستري كل استان خوزستان > حوزه قضايي شهرستان اهواز > دادگاه عمومي و انقلاب شهرستان اهواز,3
70708,مجتمع قضايي تجاري و بازرگاني شهرستان اهواز,دادگستري كل استان خوزستان > حوزه قضايي شهرستان اهواز > دادگاه عمومي و انقلاب شهرستان اهواز > مجتمع قضايي تجاري و بازرگاني شهرستان اهواز,4
69927,مجتمع قضايي تصادفات و امور بيمه شهرستان اهواز - شعب دادگاه,دادگستري كل استان خوزستان > حوزه قضايي شهرستان اهواز > دادگاه عمومي و انقلاب شهرستان اهواز > مجتمع قضايي تصادفات و امور بيمه شهرستان اهواز - شعب دادگاه,4
63294,مجتمع قضايي دادگاههاي صلح شهرستان اهواز,دادگستري كل استان خوزستان > حوزه قضايي شهرستان اهواز > دادگاه عمومي و انقلاب شهرستان اهواز > مجتمع قضايي دادگاههاي صلح شهرستان اهواز,4
61101,مجتمع قضايي دز شهرستان اهواز (خانواده سابق),دادگستري كل استان خوزستان > حوزه قضايي شهرستان اهواز > دادگاه عمومي و انقلاب شهرستان اهواز > مجتمع قضايي دز شهرستان اهواز (خانواده سابق),4
70271,مجتمع قضايي شهيد باهنر شهرستان اهواز - شعب دادگاه,دادگستري كل استان خوزستان > حوزه قضايي شهرستان اهواز > دادگاه عمومي و انقلاب شهرستان اهواز > مجتمع قضايي شهيد باهنر شهرستان اهواز - شعب دادگاه,4
69920,مجتمع قضايي شهيد تندگويان (انرژي) شهرستان اهواز - شعب دادگاه,دادگستري كل استان خوزستان > حوزه قضايي شهرستان اهواز > دادگاه عمومي و انقلاب شهرستان اهواز > مجتمع قضايي شهيد تندگويان (انرژي) شهرستان اهواز - شعب دادگاه,4
61102,مجتمع قضايي قدس شهرستان اهواز-شعب دادگاه,دادگستري كل استان خوزستان > حوزه قضايي شهرستان اهواز > دادگاه عمومي و انقلاب شهرستان اهواز > مجتمع قضايي قدس شهرستان اهواز-شعب دادگاه,4
61220,مجتمع قضايي ويژه رسيدگي به امورجنايي و انقلاب شهرستان اهواز - شعب دادگاه,دادگستري كل استان خوزستان > حوزه قضايي شهرستان اهواز > دادگاه عمومي و انقلاب شهرستان اهواز > مجتمع قضايي ويژه رسيدگي به امورجنايي و انقلاب شهرستان اهواز - شعب دادگاه,4
01810,شوراي حل اختلاف شهرستان اهواز,دادگستري كل استان خوزستان > حوزه قضايي شهرستان اهواز > شوراي حل اختلاف شهرستان اهواز,3
69257,مجتمع شماره پنج شوراي حل اختلاف اهواز,دادگستري كل استان خوزستان > حوزه قضايي شهرستان اهواز > شوراي حل اختلاف شهرستان اهواز > مجتمع شماره پنج شوراي حل اختلاف اهواز,4
69254,مجتمع شماره چهار شوراي حل اختلاف اهواز,دادگستري كل استان خوزستان > حوزه قضايي شهرستان اهواز > شوراي حل اختلاف شهرستان اهواز > مجتمع شماره چهار شوراي حل اختلاف اهواز,4
69252,مجتمع شماره دو شوراي حل اختلاف اهواز,دادگستري كل استان خوزستان > حوزه قضايي شهرستان اهواز > شوراي حل اختلاف شهرستان اهواز > مجتمع شماره دو شوراي حل اختلاف اهواز,4
69253,مجتمع شماره سه شوراي حل اختلاف اهواز,دادگستري كل استان خوزستان > حوزه قضايي شهرستان اهواز > شوراي حل اختلاف شهرستان اهواز > مجتمع شماره سه شوراي حل اختلاف اهواز,4
69250,مجتمع شماره يك شوراي حل اختلاف اهواز,دادگستري كل استان خوزستان > حوزه قضايي شهرستان اهواز > شوراي حل اختلاف شهرستان اهواز > مجتمع شماره يك شوراي حل اختلاف اهواز,4
00821,حوزه قضايي شهرستان ايذه,دادگستري كل استان خوزستان > حوزه قضايي شهرستان ايذه,2
69200,دادسراي عمومي و انقلاب شهرستان ايذه,دادگستري كل استان خوزستان > حوزه قضايي شهرستان ايذه > دادسراي عمومي و انقلاب شهرستان ايذه,3
00389,دادگاه عمومي و انقلاب شهرستان ايذه,دادگستري كل استان خوزستان > حوزه قضايي شهرستان ايذه > دادگاه عمومي و انقلاب شهرستان ايذه,3
70820,شوراي حل اختلاف شهرستان ايذه,دادگستري كل استان خوزستان > حوزه قضايي شهرستان ايذه > شوراي حل اختلاف شهرستان ايذه,3
00822,حوزه قضايي شهرستان باغملك,دادگستري كل استان خوزستان > حوزه قضايي شهرستان باغملك,2
61270,دادسراي عمومي و انقلاب شهرستان باغملك,دادگستري كل استان خوزستان > حوزه قضايي شهرستان باغملك > دادسراي عمومي و انقلاب شهرستان باغملك,3
00390,دادگاه عمومي و انقلاب شهرستان باغملك,دادگستري كل استان خوزستان > حوزه قضايي شهرستان باغملك > دادگاه عمومي و انقلاب شهرستان باغملك,3
70480,شوراي حل اختلاف شهرستان باغملك,دادگستري كل استان خوزستان > حوزه قضايي شهرستان باغملك > شوراي حل اختلاف شهرستان باغملك,3
61230,حوزه قضايي شهرستان باوي,دادگستري كل استان خوزستان > حوزه قضايي شهرستان باوي,2
61232,دادسراي عمومي و انقلاب شهرستان باوي,دادگستري كل استان خوزستان > حوزه قضايي شهرستان باوي > دادسراي عمومي و انقلاب شهرستان باوي,3
61231,دادگاه عمومي و انقلاب شهرستان باوي,دادگستري كل استان خوزستان > حوزه قضايي شهرستان باوي > دادگاه عمومي و انقلاب شهرستان باوي,3
70830,شوراي حل اختلاف شهرستان باوي,دادگستري كل استان خوزستان > حوزه قضايي شهرستان باوي > شوراي حل اختلاف شهرستان باوي,3
00823,حوزه قضايي شهرستان بندر ماهشهر,دادگستري كل استان خوزستان > حوزه قضايي شهرستان بندر ماهشهر,2
61300,دادسراي عمومي و انقلاب شهرستان بندر ماهشهر,دادگستري كل استان خوزستان > حوزه قضايي شهرستان بندر ماهشهر > دادسراي عمومي و انقلاب شهرستان بندر ماهشهر,3
00391,دادگاه عمومي و انقلاب شهرستان بندر ماهشهر,دادگستري كل استان خوزستان > حوزه قضايي شهرستان بندر ماهشهر > دادگاه عمومي و انقلاب شهرستان بندر ماهشهر,3
70490,شوراي حل اختلاف شهرستان بندر ماهشهر,دادگستري كل استان خوزستان > حوزه قضايي شهرستان بندر ماهشهر > شوراي حل اختلاف شهرستان بندر ماهشهر,3
00833,حوزه قضايي شهرستان بهبهان,دادگستري كل استان خوزستان > حوزه قضايي شهرستان بهبهان,2
61380,دادسراي عمومي و انقلاب شهرستان بهبهان,دادگستري كل استان خوزستان > حوزه قضايي شهرستان بهبهان > دادسراي عمومي و انقلاب شهرستان بهبهان,3
00401,دادگاه عمومي و انقلاب شهرستان بهبهان,دادگستري كل استان خوزستان > حوزه قضايي شهرستان بهبهان > دادگاه عمومي و انقلاب شهرستان بهبهان,3
70760,شوراي حل اختلاف شهرستان بهبهان,دادگستري كل استان خوزستان > حوزه قضايي شهرستان بهبهان > شوراي حل اختلاف شهرستان بهبهان,3
61244,حوزه قضايي شهرستان حميديه,دادگستري كل استان خوزستان > حوزه قضايي شهرستان حميديه,2
61246,دادسراي عمومي و انقلاب شهرستان حميديه,دادگستري كل استان خوزستان > حوزه قضايي شهرستان حميديه > دادسراي عمومي و انقلاب شهرستان حميديه,3
61245,دادگاه عمومي و انقلاب شهرستان حميديه,دادگستري كل استان خوزستان > حوزه قضايي شهرستان حميديه > دادگاه عمومي و انقلاب شهرستان حميديه,3
70410,شوراي حل اختلاف شهرستان حميديه,دادگستري كل استان خوزستان > حوزه قضايي شهرستان حميديه > شوراي حل اختلاف شهرستان حميديه,3
00826,حوزه قضايي شهرستان خرمشهر,دادگستري كل استان خوزستان > حوزه قضايي شهرستان خرمشهر,2
61410,دادسراي عمومي و انقلاب شهرستان خرمشهر,دادگستري كل استان خوزستان > حوزه قضايي شهرستان خرمشهر > دادسراي عمومي و انقلاب شهرستان خرمشهر,3
00394,دادگاه عمومي و انقلاب شهرستان خرمشهر,دادگستري كل استان خوزستان > حوزه قضايي شهرستان خرمشهر > دادگاه عمومي و انقلاب شهرستان خرمشهر,3
70520,شوراي حل اختلاف شهرستان خرمشهر,دادگستري كل استان خوزستان > حوزه قضايي شهرستان خرمشهر > شوراي حل اختلاف شهرستان خرمشهر,3
61260,حوزه قضايي شهرستان دزپارت,دادگستري كل استان خوزستان > حوزه قضايي شهرستان دزپارت,2
61261,دادگاه عمومي و انقلاب شهرستان دزپارت,دادگستري كل استان خوزستان > حوزه قضايي شهرستان دزپارت > دادگاه عمومي و انقلاب شهرستان دزپارت,3
00827,حوزه قضايي شهرستان دزفول,دادگستري كل استان خوزستان > حوزه قضايي شهرستان دزفول,2
61440,دادسراي عمومي و انقلاب شهرستان دزفول,دادگستري كل استان خوزستان > حوزه قضايي شهرستان دزفول > دادسراي عمومي و انقلاب شهرستان دزفول,3
61939,مجتمع قضايي شهيد بهشتي(صفي آباد) شهرستان دزفول- شعب دادسرا,دادگستري كل استان خوزستان > حوزه قضايي شهرستان دزفول > دادسراي عمومي و انقلاب شهرستان دزفول > مجتمع قضايي شهيد بهشتي(صفي آباد) شهرستان دزفول- شعب دادسرا,4
00395,دادگاه عمومي و انقلاب شهرستان دزفول,دادگستري كل استان خوزستان > حوزه قضايي شهرستان دزفول > دادگاه عمومي و انقلاب شهرستان دزفول,3
70579,مجتمع قضايي شهيد بهشتي(صفي آباد) شهرستان دزفول- شعب دادگاه,دادگستري كل استان خوزستان > حوزه قضايي شهرستان دزفول > دادگاه عمومي و انقلاب شهرستان دزفول > مجتمع قضايي شهيد بهشتي(صفي آباد) شهرستان دزفول- شعب دادگاه,4
70780,شوراي حل اختلاف شهرستان دزفول,دادگستري كل استان خوزستان > حوزه قضايي شهرستان دزفول > شوراي حل اختلاف شهرستان دزفول,3
00831,حوزه قضايي شهرستان دشت آزادگان,دادگستري كل استان خوزستان > حوزه قضايي شهرستان دشت آزادگان,2
61500,دادسراي عمومي و انقلاب شهرستان دشت آزادگان,دادگستري كل استان خوزستان > حوزه قضايي شهرستان دشت آزادگان > دادسراي عمومي و انقلاب شهرستان دشت آزادگان,3
00399,دادگاه عمومي و انقلاب شهرستان دشت آزادگان,دادگستري كل استان خوزستان > حوزه قضايي شهرستان دشت آزادگان > دادگاه عمومي و انقلاب شهرستان دشت آزادگان,3
61540,شوراي حل اختلاف شهرستان دشت آزادگان,دادگستري كل استان خوزستان > حوزه قضايي شهرستان دشت آزادگان > شوراي حل اختلاف شهرستان دشت آزادگان,3
00817,حوزه قضايي شهرستان رامشير,دادگستري كل استان خوزستان > حوزه قضايي شهرستان رامشير,2
61570,دادسراي عمومي و انقلاب شهرستان رامشير,دادگستري كل استان خوزستان > حوزه قضايي شهرستان رامشير > دادسراي عمومي و انقلاب شهرستان رامشير,3
00274,دادگاه عمومي و انقلاب شهرستان رامشير,دادگستري كل استان خوزستان > حوزه قضايي شهرستان رامشير > دادگاه عمومي و انقلاب شهرستان رامشير,3
70125,شوراي حل اختلاف شهرستان رامشير,دادگستري كل استان خوزستان > حوزه قضايي شهرستان رامشير > شوراي حل اختلاف شهرستان رامشير,3
00835,حوزه قضايي شهرستان شادگان,دادگستري كل استان خوزستان > حوزه قضايي شهرستان شادگان,2
61590,دادسراي عمومي و انقلاب شهرستان شادگان,دادگستري كل استان خوزستان > حوزه قضايي شهرستان شادگان > دادسراي عمومي و انقلاب شهرستان شادگان,3
00403,دادگاه عمومي و انقلاب شهرستان شادگان,دادگستري كل استان خوزستان > حوزه قضايي شهرستان شادگان > دادگاه عمومي و انقلاب شهرستان شادگان,3
70460,شوراي حل اختلاف شهرستان شادگان,دادگستري كل استان خوزستان > حوزه قضايي شهرستان شادگان > شوراي حل اختلاف شهرستان شادگان,3
00832,حوزه قضايي شهرستان شوش,دادگستري كل استان خوزستان > حوزه قضايي شهرستان شوش,2
61610,دادسراي عمومي و انقلاب شهرستان شوش,دادگستري كل استان خوزستان > حوزه قضايي شهرستان شوش > دادسراي عمومي و انقلاب شهرستان شوش,3
00400,دادگاه عمومي و انقلاب شهرستان شوش,دادگستري كل استان خوزستان > حوزه قضايي شهرستان شوش > دادگاه عمومي و انقلاب شهرستان شوش,3
69301,شوراي حل اختلاف شهرستان شوش,دادگستري كل استان خوزستان > حوزه قضايي شهرستان شوش > شوراي حل اختلاف شهرستان شوش,3
00830,حوزه قضايي شهرستان شوشتر,دادگستري كل استان خوزستان > حوزه قضايي شهرستان شوشتر,2
61650,دادسراي عمومي و انقلاب شهرستان شوشتر,دادگستري كل استان خوزستان > حوزه قضايي شهرستان شوشتر > دادسراي عمومي و انقلاب شهرستان شوشتر,3
00398,دادگاه عمومي و انقلاب شهرستان شوشتر,دادگستري كل استان خوزستان > حوزه قضايي شهرستان شوشتر > دادگاه عمومي و انقلاب شهرستان شوشتر,3
69312,شوراي حل اختلاف شهرستان شوشتر,دادگستري كل استان خوزستان > حوزه قضايي شهرستان شوشتر > شوراي حل اختلاف شهرستان شوشتر,3
70950,حوزه قضايي شهرستان كارون,دادگستري كل استان خوزستان > حوزه قضايي شهرستان كارون,2
70960,دادسراي عمومي و انقلاب شهرستان كارون,دادگستري كل استان خوزستان > حوزه قضايي شهرستان كارون > دادسراي عمومي و انقلاب شهرستان كارون,3
70951,دادگاه عمومي و انقلاب شهرستان كارون,دادگستري كل استان خوزستان > حوزه قضايي شهرستان كارون > دادگاه عمومي و انقلاب شهرستان كارون,3
69256,شوراي حل اختلاف شهرستان كارون,دادگستري كل استان خوزستان > حوزه قضايي شهرستان كارون > شوراي حل اختلاف شهرستان كارون,3
61640,حوزه قضايي شهرستان كرخه,دادگستري كل استان خوزستان > حوزه قضايي شهرستان كرخه,2
61642,دادسراي عمومي و انقلاب شهرستان كرخه,دادگستري كل استان خوزستان > حوزه قضايي شهرستان كرخه > دادسراي عمومي و انقلاب شهرستان كرخه,3
61641,دادگاه عمومي و انقلاب شهرستان كرخه,دادگستري كل استان خوزستان > حوزه قضايي شهرستان كرخه > دادگاه عمومي و انقلاب شهرستان كرخه,3
70930,شوراي حل اختلاف شهرستان كرخه,دادگستري كل استان خوزستان > حوزه قضايي شهرستان كرخه > شوراي حل اختلاف شهرستان كرخه,3
00818,حوزه قضايي شهرستان گتوند,دادگستري كل استان خوزستان > حوزه قضايي شهرستان گتوند,2
61680,دادسراي عمومي و انقلاب شهرستان گتوند,دادگستري كل استان خوزستان > حوزه قضايي شهرستان گتوند > دادسراي عمومي و انقلاب شهرستان گتوند,3
00275,دادگاه عمومي و انقلاب شهرستان گتوند,دادگستري كل استان خوزستان > حوزه قضايي شهرستان گتوند > دادگاه عمومي و انقلاب شهرستان گتوند,3
69700,شوراي حل اختلاف شهرستان گتوند,دادگستري كل استان خوزستان > حوزه قضايي شهرستان گتوند > شوراي حل اختلاف شهرستان گتوند,3
00829,حوزه قضايي شهرستان لالي,دادگستري كل استان خوزستان > حوزه قضايي شهرستان لالي,2
61780,دادسراي عمومي و انقلاب شهرستان لالي,دادگستري كل استان خوزستان > حوزه قضايي شهرستان لالي > دادسراي عمومي و انقلاب شهرستان لالي,3
00397,دادگاه عمومي و انقلاب شهرستان لالي,دادگستري كل استان خوزستان > حوزه قضايي شهرستان لالي > دادگاه عمومي و انقلاب شهرستان لالي,3
69730,شوراي حل اختلاف شهرستان لالي,دادگستري كل استان خوزستان > حوزه قضايي شهرستان لالي > شوراي حل اختلاف شهرستان لالي,3
00825,حوزه قضايي شهرستان مسجد سليمان,دادگستري كل استان خوزستان > حوزه قضايي شهرستان مسجد سليمان,2
61700,دادسراي عمومي و انقلاب شهرستان مسجد سليمان,دادگستري كل استان خوزستان > حوزه قضايي شهرستان مسجد سليمان > دادسراي عمومي و انقلاب شهرستان مسجد سليمان,3
00393,دادگاه عمومي و انقلاب شهرستان مسجد سليمان,دادگستري كل استان خوزستان > حوزه قضايي شهرستان مسجد سليمان > دادگاه عمومي و انقلاب شهرستان مسجد سليمان,3
69770,شوراي حل اختلاف شهرستان مسجد سليمان,دادگستري كل استان خوزستان > حوزه قضايي شهرستان مسجد سليمان > شوراي حل اختلاف شهرستان مسجد سليمان,3
61560,حوزه قضايي شهرستان هفتكل,دادگستري كل استان خوزستان > حوزه قضايي شهرستان هفتكل,2
61561,دادگاه عمومي و انقلاب شهرستان هفتكل,دادگستري كل استان خوزستان > حوزه قضايي شهرستان هفتكل > دادگاه عمومي و انقلاب شهرستان هفتكل,3
69810,شوراي حل اختلاف شهرستان هفتكل,دادگستري كل استان خوزستان > حوزه قضايي شهرستان هفتكل > شوراي حل اختلاف شهرستان هفتكل,3
00828,حوزه قضايي شهرستان هنديجان,دادگستري كل استان خوزستان > حوزه قضايي شهرستان هنديجان,2
61340,دادسراي عمومي و انقلاب شهرستان هنديجان,دادگستري كل استان خوزستان > حوزه قضايي شهرستان هنديجان > دادسراي عمومي و انقلاب شهرستان هنديجان,3
00396,دادگاه عمومي و انقلاب شهرستان هنديجان,دادگستري كل استان خوزستان > حوزه قضايي شهرستان هنديجان > دادگاه عمومي و انقلاب شهرستان هنديجان,3
69830,شوراي حل اختلاف شهرستان هنديجان,دادگستري كل استان خوزستان > حوزه قضايي شهرستان هنديجان > شوراي حل اختلاف شهرستان هنديجان,3
69900,حوزه قضايي شهرستان هويزه,دادگستري كل استان خوزستان > حوزه قضايي شهرستان هويزه,2
69902,دادسراي عمومي و انقلاب شهرستان هويزه,دادگستري كل استان خوزستان > حوزه قضايي شهرستان هويزه > دادسراي عمومي و انقلاب شهرستان هويزه,3
69901,دادگاه عمومي و انقلاب شهرستان هويزه,دادگستري كل استان خوزستان > حوزه قضايي شهرستان هويزه > دادگاه عمومي و انقلاب شهرستان هويزه,3
69903,شوراي حل اختلاف شهرستان هويزه,دادگستري كل استان خوزستان > حوزه قضايي شهرستان هويزه > شوراي حل اختلاف شهرستان هويزه,3
70620,دادگاههاي كيفري يك استان خوزستان,دادگستري كل استان خوزستان > دادگاههاي كيفري يك استان خوزستان,2
61233,مجتمع قضايي تجديدنظر دادگستري كل استان خوزستان (دادگاههاي تجديدنظر),دادگستري كل استان خوزستان > مجتمع قضايي تجديدنظر دادگستري كل استان خوزستان (دادگاههاي تجديدنظر),2
00253,دادگستري كل استان زنجان,دادگستري كل استان زنجان,1
24120,حوزه قضايي بخش افشار,دادگستري كل استان زنجان > حوزه قضايي بخش افشار,2
24121,دادگاه عمومي و انقلاب بخش افشار,دادگستري كل استان زنجان > حوزه قضايي بخش افشار > دادگاه عمومي و انقلاب بخش افشار,3
24140,شوراي حل اختلاف افشار,دادگستري كل استان زنجان > حوزه قضايي بخش افشار > شوراي حل اختلاف افشار,3
24090,حوزه قضايي بخش انگوران,دادگستري كل استان زنجان > حوزه قضايي بخش انگوران,2
24091,دادگاه عمومي و انقلاب بخش انگوران,دادگستري كل استان زنجان > حوزه قضايي بخش انگوران > دادگاه عمومي و انقلاب بخش انگوران,3
24395,شوراي حل اختلاف بخش انگوران,دادگستري كل استان زنجان > حوزه قضايي بخش انگوران > شوراي حل اختلاف بخش انگوران,3
24100,حوزه قضايي بخش بزينه رود,دادگستري كل استان زنجان > حوزه قضايي بخش بزينه رود,2
24101,دادگاه عمومي و انقلاب بخش بزينه رود,دادگستري كل استان زنجان > حوزه قضايي بخش بزينه رود > دادگاه عمومي و انقلاب بخش بزينه رود,3
24145,شوراي حل اختلاف بزينه رود,دادگستري كل استان زنجان > حوزه قضايي بخش بزينه رود > شوراي حل اختلاف بزينه رود,3
24130,حوزه قضايي بخش چورزق,دادگستري كل استان زنجان > حوزه قضايي بخش چورزق,2
24131,دادگاه عمومي و انقلاب بخش چورزق,دادگستري كل استان زنجان > حوزه قضايي بخش چورزق > دادگاه عمومي و انقلاب بخش چورزق,3
24400,شوراي حل اختلاف بخش چورزق,دادگستري كل استان زنجان > حوزه قضايي بخش چورزق > شوراي حل اختلاف بخش چورزق,3
24110,حوزه قضايي بخش سجاسرود,دادگستري كل استان زنجان > حوزه قضايي بخش سجاسرود,2
24111,دادگاه عمومي و انقلاب بخش سجاسرود,دادگستري كل استان زنجان > حوزه قضايي بخش سجاسرود > دادگاه عمومي و انقلاب بخش سجاسرود,3
24385,شوراي حل اختلاف بخش سجاسرود,دادگستري كل استان زنجان > حوزه قضايي بخش سجاسرود > شوراي حل اختلاف بخش سجاسرود,3
00912,حوزه قضايي شهرستان ابهر,دادگستري كل استان زنجان > حوزه قضايي شهرستان ابهر,2
24240,دادسراي عمومي و انقلاب شهرستان ابهر,دادگستري كل استان زنجان > حوزه قضايي شهرستان ابهر > دادسراي عمومي و انقلاب شهرستان ابهر,3
00342,دادگاه عمومي و انقلاب شهرستان ابهر,دادگستري كل استان زنجان > حوزه قضايي شهرستان ابهر > دادگاه عمومي و انقلاب شهرستان ابهر,3
24258,شوراي حل اختلاف شهرستان ابهر,دادگستري كل استان زنجان > حوزه قضايي شهرستان ابهر > شوراي حل اختلاف شهرستان ابهر,3
00909,حوزه قضايي شهرستان ايجرود,دادگستري كل استان زنجان > حوزه قضايي شهرستان ايجرود,2
00339,دادگاه عمومي و انقلاب شهرستان ايجرود,دادگستري كل استان زنجان > حوزه قضايي شهرستان ايجرود > دادگاه عمومي و انقلاب شهرستان ايجرود,3
24370,شوراي حل اختلاف شهرستان ايجرود,دادگستري كل استان زنجان > حوزه قضايي شهرستان ايجرود > شوراي حل اختلاف شهرستان ايجرود,3
00911,حوزه قضايي شهرستان خدابنده,دادگستري كل استان زنجان > حوزه قضايي شهرستان خدابنده,2
24220,دادسراي عمومي و انقلاب شهرستان خدابنده,دادگستري كل استان زنجان > حوزه قضايي شهرستان خدابنده > دادسراي عمومي و انقلاب شهرستان خدابنده,3
00341,دادگاه عمومي و انقلاب شهرستان خدابنده,دادگستري كل استان زنجان > حوزه قضايي شهرستان خدابنده > دادگاه عمومي و انقلاب شهرستان خدابنده,3
24350,شوراي حل اختلاف شهرستان خدابنده,دادگستري كل استان زنجان > حوزه قضايي شهرستان خدابنده > شوراي حل اختلاف شهرستان خدابنده,3
00913,حوزه قضايي شهرستان خرمدره,دادگستري كل استان زنجان > حوزه قضايي شهرستان خرمدره,2
24200,دادسراي عمومي و انقلاب شهرستان خرمدره,دادگستري كل استان زنجان > حوزه قضايي شهرستان خرمدره > دادسراي عمومي و انقلاب شهرستان خرمدره,3
00343,دادگاه عمومي و انقلاب شهرستان خرمدره,دادگستري كل استان زنجان > حوزه قضايي شهرستان خرمدره > دادگاه عمومي و انقلاب شهرستان خرمدره,3
24160,شوراي حل اختلاف شهرستان خرمدره,دادگستري كل استان زنجان > حوزه قضايي شهرستان خرمدره > شوراي حل اختلاف شهرستان خرمدره,3
00908,حوزه قضايي شهرستان زنجان,دادگستري كل استان زنجان > حوزه قضايي شهرستان زنجان,2
24030,دادسراي عمومي و انقلاب زنجان,دادگستري كل استان زنجان > حوزه قضايي شهرستان زنجان > دادسراي عمومي و انقلاب زنجان,3
26005,مجتمع دادسراي عمومي و انقلاب شهرستان زنجان,دادگستري كل استان زنجان > حوزه قضايي شهرستان زنجان > دادسراي عمومي و انقلاب زنجان > مجتمع دادسراي عمومي و انقلاب شهرستان زنجان,4
24000,دادگاه عمومي و انقلاب شهرستان زنجان,دادگستري كل استان زنجان > حوزه قضايي شهرستان زنجان > دادگاه عمومي و انقلاب شهرستان زنجان,3
24551,مجتمع دادگاههاي صلح شهرستان زنجان,دادگستري كل استان زنجان > حوزه قضايي شهرستان زنجان > دادگاه عمومي و انقلاب شهرستان زنجان > مجتمع دادگاههاي صلح شهرستان زنجان,4
26003,مجتمع قضايي خانواده شهرستان زنجان,دادگستري كل استان زنجان > حوزه قضايي شهرستان زنجان > دادگاه عمومي و انقلاب شهرستان زنجان > مجتمع قضايي خانواده شهرستان زنجان,4
26000,شوراي حل اختلاف شهرستان زنجان,دادگستري كل استان زنجان > حوزه قضايي شهرستان زنجان > شوراي حل اختلاف شهرستان زنجان,3
26008,مجتمع شوراي حل اختلاف ويژه خانواده شهرستان زنجان,دادگستري كل استان زنجان > حوزه قضايي شهرستان زنجان > شوراي حل اختلاف شهرستان زنجان > مجتمع شوراي حل اختلاف ويژه خانواده شهرستان زنجان,4
26002,مجتمع مركزي شوراي حل اختلاف شهرستان زنجان,دادگستري كل استان زنجان > حوزه قضايي شهرستان زنجان > شوراي حل اختلاف شهرستان زنجان > مجتمع مركزي شوراي حل اختلاف شهرستان زنجان,4
24080,حوزه قضايي شهرستان سلطانيه,دادگستري كل استان زنجان > حوزه قضايي شهرستان سلطانيه,2
24081,دادگاه عمومي و انقلاب شهرستان سلطانيه,دادگستري كل استان زنجان > حوزه قضايي شهرستان سلطانيه > دادگاه عمومي و انقلاب شهرستان سلطانيه,3
24380,شوراي حل اختلاف شهرستان سلطانيه,دادگستري كل استان زنجان > حوزه قضايي شهرستان سلطانيه > شوراي حل اختلاف شهرستان سلطانيه,3
00910,حوزه قضايي شهرستان طارم,دادگستري كل استان زنجان > حوزه قضايي شهرستان طارم,2
00340,دادگاه عمومي و انقلاب شهرستان طارم,دادگستري كل استان زنجان > حوزه قضايي شهرستان طارم > دادگاه عمومي و انقلاب شهرستان طارم,3
24390,شوراي حل اختلاف شهرستان طارم,دادگستري كل استان زنجان > حوزه قضايي شهرستان طارم > شوراي حل اختلاف شهرستان طارم,3
00914,حوزه قضايي شهرستان ماهنشان,دادگستري كل استان زنجان > حوزه قضايي شهرستان ماهنشان,2
00344,دادگاه عمومي و انقلاب شهرستان ماهنشان,دادگستري كل استان زنجان > حوزه قضايي شهرستان ماهنشان > دادگاه عمومي و انقلاب شهرستان ماهنشان,3
24150,شوراي حل اختلاف شهرستان ماهنشان,دادگستري كل استان زنجان > حوزه قضايي شهرستان ماهنشان > شوراي حل اختلاف شهرستان ماهنشان,3
26098,مجتمع دادگاههاي تجديدنظر استان زنجان,دادگستري كل استان زنجان > مجتمع دادگاههاي تجديدنظر استان زنجان,2
00255,دادگستري كل استان سمنان,دادگستري كل استان سمنان,1
00934,حوزه قضايي بخش اميرآباد,دادگستري كل استان سمنان > حوزه قضايي بخش اميرآباد,2
23270,دادگاه عمومي و انقلاب بخش اميرآباد,دادگستري كل استان سمنان > حوزه قضايي بخش اميرآباد > دادگاه عمومي و انقلاب بخش اميرآباد,3
23278,شوراي حل اختلاف بخش اميرآباد,دادگستري كل استان سمنان > حوزه قضايي بخش اميرآباد > شوراي حل اختلاف بخش اميرآباد,3
00936,حوزه قضايي بخش ايوانكي,دادگستري كل استان سمنان > حوزه قضايي بخش ايوانكي,2
23600,دادگاه عمومي و انقلاب بخش ايوانكي,دادگستري كل استان سمنان > حوزه قضايي بخش ايوانكي > دادگاه عمومي و انقلاب بخش ايوانكي,3
23615,شوراي حل اختلاف بخش ايوانكي,دادگستري كل استان سمنان > حوزه قضايي بخش ايوانكي > شوراي حل اختلاف بخش ايوانكي,3
00930,حوزه قضايي بخش بسطام,دادگستري كل استان سمنان > حوزه قضايي بخش بسطام,2
22600,دادگاه عمومي و انقلاب بخش بسطام,دادگستري كل استان سمنان > حوزه قضايي بخش بسطام > دادگاه عمومي و انقلاب بخش بسطام,3
22620,شوراي حل اختلاف بخش بسطام,دادگستري كل استان سمنان > حوزه قضايي بخش بسطام > شوراي حل اختلاف بخش بسطام,3
00932,حوزه قضايي بخش بيارجمند,دادگستري كل استان سمنان > حوزه قضايي بخش بيارجمند,2
23230,دادگاه عمومي و انقلاب بخش بيارجمند,دادگستري كل استان سمنان > حوزه قضايي بخش بيارجمند > دادگاه عمومي و انقلاب بخش بيارجمند,3
23248,شوراي حل اختلاف بخش بيارجمند,دادگستري كل استان سمنان > حوزه قضايي بخش بيارجمند > شوراي حل اختلاف بخش بيارجمند,3
62650,حوزه قضايي بخش كالپوش,دادگستري كل استان سمنان > حوزه قضايي بخش كالپوش,2
62651,دادگاه عمومي و انقلاب بخش كالپوش,دادگستري كل استان سمنان > حوزه قضايي بخش كالپوش > دادگاه عمومي و انقلاب بخش كالپوش,3
62656,شوراي حل اختلاف بخش كالپوش,دادگستري كل استان سمنان > حوزه قضايي بخش كالپوش > شوراي حل اختلاف بخش كالپوش,3
00935,حوزه قضايي شهرستان آرادان,دادگستري كل استان سمنان > حوزه قضايي شهرستان آرادان,2
23290,دادگاه عمومي و انقلاب شهرستان آرادان,دادگستري كل استان سمنان > حوزه قضايي شهرستان آرادان > دادگاه عمومي و انقلاب شهرستان آرادان,3
23299,شوراي حل اختلاف شهرستان آرادان,دادگستري كل استان سمنان > حوزه قضايي شهرستان آرادان > شوراي حل اختلاف شهرستان آرادان,3
00927,حوزه قضايي شهرستان دامغان,دادگستري كل استان سمنان > حوزه قضايي شهرستان دامغان,2
23300,دادسراي عمومي و انقلاب شهرستان دامغان,دادگستري كل استان سمنان > حوزه قضايي شهرستان دامغان > دادسراي عمومي و انقلاب شهرستان دامغان,3
00368,دادگاه عمومي و انقلاب شهرستان دامغان,دادگستري كل استان سمنان > حوزه قضايي شهرستان دامغان > دادگاه عمومي و انقلاب شهرستان دامغان,3
23360,شوراي حل اختلاف شهرستان دامغان,دادگستري كل استان سمنان > حوزه قضايي شهرستان دامغان > شوراي حل اختلاف شهرستان دامغان,3
27470,حوزه قضايي شهرستان سرخه,دادگستري كل استان سمنان > حوزه قضايي شهرستان سرخه,2
27471,دادگاه عمومي و انقلاب شهرستان  سرخه,دادگستري كل استان سمنان > حوزه قضايي شهرستان سرخه > دادگاه عمومي و انقلاب شهرستان  سرخه,3
27490,مجتمع شوراهاي حل اختلاف شهرستان سرخه,دادگستري كل استان سمنان > حوزه قضايي شهرستان سرخه > مجتمع شوراهاي حل اختلاف شهرستان سرخه,3
00926,حوزه قضايي شهرستان سمنان,دادگستري كل استان سمنان > حوزه قضايي شهرستان سمنان,2
23126,دادسراي عمومي و انقلاب شهرستان سمنان,دادگستري كل استان سمنان > حوزه قضايي شهرستان سمنان > دادسراي عمومي و انقلاب شهرستان سمنان,3
23127,مجتمع دادسراي عمومي و انقلاب شهرستان سمنان,دادگستري كل استان سمنان > حوزه قضايي شهرستان سمنان > دادسراي عمومي و انقلاب شهرستان سمنان > مجتمع دادسراي عمومي و انقلاب شهرستان سمنان,4
01812,دادگاه عمومي و انقلاب شهرستان سمنان,دادگستري كل استان سمنان > حوزه قضايي شهرستان سمنان > دادگاه عمومي و انقلاب شهرستان سمنان,3
23100,مجتمع دادگاههاي عمومي و انقلاب شهرستان سمنان,دادگستري كل استان سمنان > حوزه قضايي شهرستان سمنان > دادگاه عمومي و انقلاب شهرستان سمنان > مجتمع دادگاههاي عمومي و انقلاب شهرستان سمنان,4
23190,شوراي حل اختلاف شهرستان سمنان,دادگستري كل استان سمنان > حوزه قضايي شهرستان سمنان > شوراي حل اختلاف شهرستان سمنان,3
27430,مجتمع شوراي حل اختلاف شهر سمنان,دادگستري كل استان سمنان > حوزه قضايي شهرستان سمنان > شوراي حل اختلاف شهرستان سمنان > مجتمع شوراي حل اختلاف شهر سمنان,4
00928,حوزه قضايي شهرستان شاهرود استان سمنان,دادگستري كل استان سمنان > حوزه قضايي شهرستان شاهرود استان سمنان,2
27350,دادسراي عمومي و انقلاب شهرستان شاهرود,دادگستري كل استان سمنان > حوزه قضايي شهرستان شاهرود استان سمنان > دادسراي عمومي و انقلاب شهرستان شاهرود,3
00369,دادگاه عمومي و انقلاب شهرستان شاهرود,دادگستري كل استان سمنان > حوزه قضايي شهرستان شاهرود استان سمنان > دادگاه عمومي و انقلاب شهرستان شاهرود,3
27420,شوراي حل اختلاف شهرستان شاهرود,دادگستري كل استان سمنان > حوزه قضايي شهرستان شاهرود استان سمنان > شوراي حل اختلاف شهرستان شاهرود,3
00929,حوزه قضايي شهرستان گرمسار,دادگستري كل استان سمنان > حوزه قضايي شهرستان گرمسار,2
22500,دادسراي عمومي و انقلاب شهرستان گرمسار,دادگستري كل استان سمنان > حوزه قضايي شهرستان گرمسار > دادسراي عمومي و انقلاب شهرستان گرمسار,3
00370,دادگاه عمومي و انقلاب شهرستان گرمسار(شعب دادگاه),دادگستري كل استان سمنان > حوزه قضايي شهرستان گرمسار > دادگاه عمومي و انقلاب شهرستان گرمسار(شعب دادگاه),3
22559,شوراي حل اختلاف شهرستان گرمسار,دادگستري كل استان سمنان > حوزه قضايي شهرستان گرمسار > شوراي حل اختلاف شهرستان گرمسار,3
00931,حوزه قضايي شهرستان مهديشهر,دادگستري كل استان سمنان > حوزه قضايي شهرستان مهديشهر,2
23210,دادگاه عمومي و انقلاب شهرستان مهديشهر,دادگستري كل استان سمنان > حوزه قضايي شهرستان مهديشهر > دادگاه عمومي و انقلاب شهرستان مهديشهر,3
27580,شوراي حل اختلاف بخش شهميرزاد,دادگستري كل استان سمنان > حوزه قضايي شهرستان مهديشهر > شوراي حل اختلاف بخش شهميرزاد,3
23228,شوراي حل اختلاف شهرستان مهديشهر,دادگستري كل استان سمنان > حوزه قضايي شهرستان مهديشهر > شوراي حل اختلاف شهرستان مهديشهر,3
00933,حوزه قضايي شهرستان ميامي,دادگستري كل استان سمنان > حوزه قضايي شهرستان ميامي,2
23260,دادسراي عمومي و انقلاب شهرستان ميامي,دادگستري كل استان سمنان > حوزه قضايي شهرستان ميامي > دادسراي عمومي و انقلاب شهرستان ميامي,3
23250,دادگاه عمومي و انقلاب شهرستان ميامي,دادگستري كل استان سمنان > حوزه قضايي شهرستان ميامي > دادگاه عمومي و انقلاب شهرستان ميامي,3
23268,شوراي حل اختلاف شهرستان ميامي,دادگستري كل استان سمنان > حوزه قضايي شهرستان ميامي > شوراي حل اختلاف شهرستان ميامي,3
23168,دادگاههاي كيفري يك استان سمنان,دادگستري كل استان سمنان > دادگاههاي كيفري يك استان سمنان,2
23150,مجتمع دادگاههاي تجديدنظر استان سمنان,دادگستري كل استان سمنان > مجتمع دادگاههاي تجديدنظر استان سمنان,2
00248,دادگستري كل استان سيستان و بلوچستان,دادگستري كل استان سيستان و بلوچستان,1
54740,حوزه قضايي بخش بزمان,دادگستري كل استان سيستان و بلوچستان > حوزه قضايي بخش بزمان,2
54743,دادگاه عمومي و انقلاب بخش بزمان,دادگستري كل استان سيستان و بلوچستان > حوزه قضايي بخش بزمان > دادگاه عمومي و انقلاب بخش بزمان,3
95130,شوراي حل اختلاف بزمان,دادگستري كل استان سيستان و بلوچستان > حوزه قضايي بخش بزمان > شوراي حل اختلاف بزمان,3
00765,حوزه قضايي شهرستان ايرانشهر,دادگستري كل استان سيستان و بلوچستان > حوزه قضايي شهرستان ايرانشهر,2
54700,دادسراي عمومي و انقلاب شهرستان ايرانشهر,دادگستري كل استان سيستان و بلوچستان > حوزه قضايي شهرستان ايرانشهر > دادسراي عمومي و انقلاب شهرستان ايرانشهر,3
00476,دادگاه عمومي و انقلاب شهرستان ايرانشهر,دادگستري كل استان سيستان و بلوچستان > حوزه قضايي شهرستان ايرانشهر > دادگاه عمومي و انقلاب شهرستان ايرانشهر,3
95050,شوراي حل اختلاف شهرستان ايرانشهر,دادگستري كل استان سيستان و بلوچستان > حوزه قضايي شهرستان ايرانشهر > شوراي حل اختلاف شهرستان ايرانشهر,3
00770,حوزه قضايي شهرستان چابهار,دادگستري كل استان سيستان و بلوچستان > حوزه قضايي شهرستان چابهار,2
54500,دادسراي عمومي و انقلاب شهرستان چابهار,دادگستري كل استان سيستان و بلوچستان > حوزه قضايي شهرستان چابهار > دادسراي عمومي و انقلاب شهرستان چابهار,3
54520,دادگاه عمومي و انقلاب شهرستان چابهار,دادگستري كل استان سيستان و بلوچستان > حوزه قضايي شهرستان چابهار > دادگاه عمومي و انقلاب شهرستان چابهار,3
54560,شوراي حل اختلاف شهرستان چابهار,دادگستري كل استان سيستان و بلوچستان > حوزه قضايي شهرستان چابهار > شوراي حل اختلاف شهرستان چابهار,3
00768,حوزه قضايي شهرستان خاش,دادگستري كل استان سيستان و بلوچستان > حوزه قضايي شهرستان خاش,2
54300,دادسراي عمومي و انقلاب شهرستان خاش,دادگستري كل استان سيستان و بلوچستان > حوزه قضايي شهرستان خاش > دادسراي عمومي و انقلاب شهرستان خاش,3
00549,دادگاه عمومي و انقلاب شهرستان خاش,دادگستري كل استان سيستان و بلوچستان > حوزه قضايي شهرستان خاش > دادگاه عمومي و انقلاب شهرستان خاش,3
95040,شوراي حل اختلاف شهرستان خاش,دادگستري كل استان سيستان و بلوچستان > حوزه قضايي شهرستان خاش > شوراي حل اختلاف شهرستان خاش,3
54910,حوزه قضايي شهرستان دشتياري,دادگستري كل استان سيستان و بلوچستان > حوزه قضايي شهرستان دشتياري,2
54911,دادگاه عمومي و انقلاب شهرستان دشتياري,دادگستري كل استان سيستان و بلوچستان > حوزه قضايي شهرستان دشتياري > دادگاه عمومي و انقلاب شهرستان دشتياري,3
95100,شوراي حل اختلاف شهرستان دشتياري,دادگستري كل استان سيستان و بلوچستان > حوزه قضايي شهرستان دشتياري > شوراي حل اختلاف شهرستان دشتياري,3
54924,حوزه قضايي شهرستان دلگان,دادگستري كل استان سيستان و بلوچستان > حوزه قضايي شهرستان دلگان,2
54927,دادگاه عمومي و انقلاب شهرستان دلگان,دادگستري كل استان سيستان و بلوچستان > حوزه قضايي شهرستان دلگان > دادگاه عمومي و انقلاب شهرستان دلگان,3
95140,شوراي حل اختلاف دلگان,دادگستري كل استان سيستان و بلوچستان > حوزه قضايي شهرستان دلگان > شوراي حل اختلاف دلگان,3
00766,حوزه قضايي شهرستان راسك,دادگستري كل استان سيستان و بلوچستان > حوزه قضايي شهرستان راسك,2
54850,دادسراي عمومي و انقلاب شهرستان راسك,دادگستري كل استان سيستان و بلوچستان > حوزه قضايي شهرستان راسك > دادسراي عمومي و انقلاب شهرستان راسك,3
00546,دادگاه عمومي و انقلاب شهرستان راسك,دادگستري كل استان سيستان و بلوچستان > حوزه قضايي شهرستان راسك > دادگاه عمومي و انقلاب شهرستان راسك,3
95120,شوراي حل اختلاف شهرستان راسك,دادگستري كل استان سيستان و بلوچستان > حوزه قضايي شهرستان راسك > شوراي حل اختلاف شهرستان راسك,3
00764,حوزه قضايي شهرستان زابل,دادگستري كل استان سيستان و بلوچستان > حوزه قضايي شهرستان زابل,2
54770,دادسراي عمومي و انقلاب شهرستان زابل,دادگستري كل استان سيستان و بلوچستان > حوزه قضايي شهرستان زابل > دادسراي عمومي و انقلاب شهرستان زابل,3
00475,دادگاه عمومي و انقلاب شهرستان زابل,دادگستري كل استان سيستان و بلوچستان > حوزه قضايي شهرستان زابل > دادگاه عمومي و انقلاب شهرستان زابل,3
95020,شوراي حل اختلاف شهرستان زابل,دادگستري كل استان سيستان و بلوچستان > حوزه قضايي شهرستان زابل > شوراي حل اختلاف شهرستان زابل,3
00763,حوزه قضايي شهرستان زاهدان,دادگستري كل استان سيستان و بلوچستان > حوزه قضايي شهرستان زاهدان,2
54130,دادسراي عمومي و انقلاب زاهدان,دادگستري كل استان سيستان و بلوچستان > حوزه قضايي شهرستان زاهدان > دادسراي عمومي و انقلاب زاهدان,3
00621,دادگاه عمومي و انقلاب شهرستان زاهدان,دادگستري كل استان سيستان و بلوچستان > حوزه قضايي شهرستان زاهدان > دادگاه عمومي و انقلاب شهرستان زاهدان,3
54210,مجتمع دادگاههاي صلح شهرستان زاهدان,دادگستري كل استان سيستان و بلوچستان > حوزه قضايي شهرستان زاهدان > دادگاه عمومي و انقلاب شهرستان زاهدان > مجتمع دادگاههاي صلح شهرستان زاهدان,4
55000,شوراي حل اختلاف شهرستان زاهدان,دادگستري كل استان سيستان و بلوچستان > حوزه قضايي شهرستان زاهدان > شوراي حل اختلاف شهرستان زاهدان,3
54400,حوزه قضايي شهرستان زهك,دادگستري كل استان سيستان و بلوچستان > حوزه قضايي شهرستان زهك,2
54402,دادسراي عمومي و انقلاب شهرستان زهك,دادگستري كل استان سيستان و بلوچستان > حوزه قضايي شهرستان زهك > دادسراي عمومي و انقلاب شهرستان زهك,3
54401,دادگاه عمومي و انقلاب شهرستان زهك,دادگستري كل استان سيستان و بلوچستان > حوزه قضايي شهرستان زهك > دادگاه عمومي و انقلاب شهرستان زهك,3
54430,شوراي حل اختلاف شهرستان زهك,دادگستري كل استان سيستان و بلوچستان > حوزه قضايي شهرستان زهك > شوراي حل اختلاف شهرستان زهك,3
00769,حوزه قضايي شهرستان سراوان,دادگستري كل استان سيستان و بلوچستان > حوزه قضايي شهرستان سراوان,2
54800,دادسراي عمومي و انقلاب شهرستان سراوان,دادگستري كل استان سيستان و بلوچستان > حوزه قضايي شهرستان سراوان > دادسراي عمومي و انقلاب شهرستان سراوان,3
00550,دادگاه عمومي و انقلاب شهرستان سراوان,دادگستري كل استان سيستان و بلوچستان > حوزه قضايي شهرستان سراوان > دادگاه عمومي و انقلاب شهرستان سراوان,3
95010,شوراي حل اختلاف شهرستان سراوان,دادگستري كل استان سيستان و بلوچستان > حوزه قضايي شهرستان سراوان > شوراي حل اختلاف شهرستان سراوان,3
54895,حوزه قضايي شهرستان سيب سوران,دادگستري كل استان سيستان و بلوچستان > حوزه قضايي شهرستان سيب سوران,2
54896,دادگاه عمومي و انقلاب شهرستان سيب سوران,دادگستري كل استان سيستان و بلوچستان > حوزه قضايي شهرستان سيب سوران > دادگاه عمومي و انقلاب شهرستان سيب سوران,3
95090,شوراي حل اختلاف شهرستان سيب سوران,دادگستري كل استان سيستان و بلوچستان > حوزه قضايي شهرستان سيب سوران > شوراي حل اختلاف شهرستان سيب سوران,3
74770,حوزه قضايي شهرستان فنوج,دادگستري كل استان سيستان و بلوچستان > حوزه قضايي شهرستان فنوج,2
74771,دادگاه عمومي و انقلاب شهرستان فنوج,دادگستري كل استان سيستان و بلوچستان > حوزه قضايي شهرستان فنوج > دادگاه عمومي و انقلاب شهرستان فنوج,3
95110,شوراي حل اختلاف شهرستان فنوج,دادگستري كل استان سيستان و بلوچستان > حوزه قضايي شهرستان فنوج > شوراي حل اختلاف شهرستان فنوج,3
54630,حوزه قضايي شهرستان كنارك,دادگستري كل استان سيستان و بلوچستان > حوزه قضايي شهرستان كنارك,2
54632,دادسراي عمومي و انقلاب شهرستان كنارك,دادگستري كل استان سيستان و بلوچستان > حوزه قضايي شهرستان كنارك > دادسراي عمومي و انقلاب شهرستان كنارك,3
54631,دادگاه عمومي و انقلاب شهرستان كنارك,دادگستري كل استان سيستان و بلوچستان > حوزه قضايي شهرستان كنارك > دادگاه عمومي و انقلاب شهرستان كنارك,3
95060,شوراي حل اختلاف شهرستان كنارك,دادگستري كل استان سيستان و بلوچستان > حوزه قضايي شهرستان كنارك > شوراي حل اختلاف شهرستان كنارك,3
74730,حوزه قضايي شهرستان مهرستان,دادگستري كل استان سيستان و بلوچستان > حوزه قضايي شهرستان مهرستان,2
74731,دادگاه عمومي و انقلاب شهرستان مهرستان,دادگستري كل استان سيستان و بلوچستان > حوزه قضايي شهرستان مهرستان > دادگاه عمومي و انقلاب شهرستان مهرستان,3
95070,شوراي حل اختلاف شهرستان مهرستان,دادگستري كل استان سيستان و بلوچستان > حوزه قضايي شهرستان مهرستان > شوراي حل اختلاف شهرستان مهرستان,3
54755,حوزه قضايي شهرستان ميرجاوه,دادگستري كل استان سيستان و بلوچستان > حوزه قضايي شهرستان ميرجاوه,2
54756,دادگاه عمومي و انقلاب شهرستان ميرجاوه,دادگستري كل استان سيستان و بلوچستان > حوزه قضايي شهرستان ميرجاوه > دادگاه عمومي و انقلاب شهرستان ميرجاوه,3
95080,شوراي حل اختلاف شهرستان ميرجاوه,دادگستري كل استان سيستان و بلوچستان > حوزه قضايي شهرستان ميرجاوه > شوراي حل اختلاف شهرستان ميرجاوه,3
00767,حوزه قضايي شهرستان نيك شهر,دادگستري كل استان سيستان و بلوچستان > حوزه قضايي شهرستان نيك شهر,2
54600,دادسراي عمومي و انقلاب شهرستان نيك شهر,دادگستري كل استان سيستان و بلوچستان > حوزه قضايي شهرستان نيك شهر > دادسراي عمومي و انقلاب شهرستان نيك شهر,3
00548,دادگاه عمومي و انقلاب شهرستان نيك شهر,دادگستري كل استان سيستان و بلوچستان > حوزه قضايي شهرستان نيك شهر > دادگاه عمومي و انقلاب شهرستان نيك شهر,3
54680,شوراي حل اختلاف شهرستان نيك شهر,دادگستري كل استان سيستان و بلوچستان > حوزه قضايي شهرستان نيك شهر > شوراي حل اختلاف شهرستان نيك شهر,3
54923,حوزه قضايي شهرستان هامون,دادگستري كل استان سيستان و بلوچستان > حوزه قضايي شهرستان هامون,2
54925,دادگاه عمومي و انقلاب شهرستان هامون,دادگستري كل استان سيستان و بلوچستان > حوزه قضايي شهرستان هامون > دادگاه عمومي و انقلاب شهرستان هامون,3
95000,شوراي حل اختلاف شهرستان هامون,دادگستري كل استان سيستان و بلوچستان > حوزه قضايي شهرستان هامون > شوراي حل اختلاف شهرستان هامون,3
54880,حوزه قضايي شهرستان هيرمند,دادگستري كل استان سيستان و بلوچستان > حوزه قضايي شهرستان هيرمند,2
54882,دادسراي عمومي و انقلاب شهرستان هيرمند,دادگستري كل استان سيستان و بلوچستان > حوزه قضايي شهرستان هيرمند > دادسراي عمومي و انقلاب شهرستان هيرمند,3
54881,دادگاه عمومي و انقلاب شهرستان هيرمند,دادگستري كل استان سيستان و بلوچستان > حوزه قضايي شهرستان هيرمند > دادگاه عمومي و انقلاب شهرستان هيرمند,3
95030,شوراي حل اختلاف شهرستان هيرمند,دادگستري كل استان سيستان و بلوچستان > حوزه قضايي شهرستان هيرمند > شوراي حل اختلاف شهرستان هيرمند,3
74750,دادگاههاي كيفري يك دادگستري كل استان سيستان و بلوچستان,دادگستري كل استان سيستان و بلوچستان > دادگاههاي كيفري يك دادگستري كل استان سيستان و بلوچستان,2
54160,مجتمع دادگاههاي تجديدنظر استان سيستان و بلوچستان,دادگستري كل استان سيستان و بلوچستان > مجتمع دادگاههاي تجديدنظر استان سيستان و بلوچستان,2
00235,دادگستري كل استان فارس,دادگستري كل استان فارس,1
92421,حوزه قضايي بخش اشكنان,دادگستري كل استان فارس > حوزه قضايي بخش اشكنان,2
92422,دادگاه عمومي و انقلاب بخش اشكنان,دادگستري كل استان فارس > حوزه قضايي بخش اشكنان > دادگاه عمومي و انقلاب بخش اشكنان,3
92428,شوراي حل اختلاف بخش اشكنان,دادگستري كل استان فارس > حوزه قضايي بخش اشكنان > شوراي حل اختلاف بخش اشكنان,3
92470,حوزه قضايي بخش افزر,دادگستري كل استان فارس > حوزه قضايي بخش افزر,2
92471,دادگاه عمومي و انقلاب  بخش افزر,دادگستري كل استان فارس > حوزه قضايي بخش افزر > دادگاه عمومي و انقلاب  بخش افزر,3
92477,شوراي حل اختلاف بخش افزر,دادگستري كل استان فارس > حوزه قضايي بخش افزر > شوراي حل اختلاف بخش افزر,3
92485,حوزه قضايي بخش ايزدخواست,دادگستري كل استان فارس > حوزه قضايي بخش ايزدخواست,2
92486,دادگاه عمومي و انقلاب  بخش ايزدخواست,دادگستري كل استان فارس > حوزه قضايي بخش ايزدخواست > دادگاه عمومي و انقلاب  بخش ايزدخواست,3
92491,شوراي حل اختلاف بخش ايزدخواست,دادگستري كل استان فارس > حوزه قضايي بخش ايزدخواست > شوراي حل اختلاف بخش ايزدخواست,3
79140,حوزه قضايي بخش بنارويه,دادگستري كل استان فارس > حوزه قضايي بخش بنارويه,2
79141,دادگاه عمومي و انقلاب بخش بنارويه,دادگستري كل استان فارس > حوزه قضايي بخش بنارويه > دادگاه عمومي و انقلاب بخش بنارويه,3
79150,شوراي حل اختلاف بخش بنارويه,دادگستري كل استان فارس > حوزه قضايي بخش بنارويه > شوراي حل اختلاف بخش بنارويه,3
75240,حوزه قضايي بخش بيرم,دادگستري كل استان فارس > حوزه قضايي بخش بيرم,2
75241,دادگاه عمومي و انقلاب بخش بيرم,دادگستري كل استان فارس > حوزه قضايي بخش بيرم > دادگاه عمومي و انقلاب بخش بيرم,3
88367,شوراي حل اختلاف بخش بيرم,دادگستري كل استان فارس > حوزه قضايي بخش بيرم > شوراي حل اختلاف بخش بيرم,3
92525,حوزه قضايي بخش پشتكوه,دادگستري كل استان فارس > حوزه قضايي بخش پشتكوه,2
92526,دادگاه عمومي و انقلاب بخش پشتكوه,دادگستري كل استان فارس > حوزه قضايي بخش پشتكوه > دادگاه عمومي و انقلاب بخش پشتكوه,3
75260,حوزه قضايي بخش جره و بالا ده,دادگستري كل استان فارس > حوزه قضايي بخش جره و بالا ده,2
75261,دادگاه عمومي و انقلاب بخش جره و بالا ده,دادگستري كل استان فارس > حوزه قضايي بخش جره و بالا ده > دادگاه عمومي و انقلاب بخش جره و بالا ده,3
88364,شوراي حل اختلاف بخش جره و بالاده,دادگستري كل استان فارس > حوزه قضايي بخش جره و بالا ده > شوراي حل اختلاف بخش جره و بالاده,3
92505,حوزه قضايي بخش جنت,دادگستري كل استان فارس > حوزه قضايي بخش جنت,2
92506,دادگاه عمومي و انقلاب بخش جنت,دادگستري كل استان فارس > حوزه قضايي بخش جنت > دادگاه عمومي و انقلاب بخش جنت,3
92511,شوراي حل اختلاف بخش جنت,دادگستري كل استان فارس > حوزه قضايي بخش جنت > شوراي حل اختلاف بخش جنت,3
89070,حوزه قضايي بخش خشت,دادگستري كل استان فارس > حوزه قضايي بخش خشت,2
89071,دادگاه عمومي و انقلاب بخش خشت,دادگستري كل استان فارس > حوزه قضايي بخش خشت > دادگاه عمومي و انقلاب بخش خشت,3
89210,شوراي حل اختلاف بخش خشت,دادگستري كل استان فارس > حوزه قضايي بخش خشت > شوراي حل اختلاف بخش خشت,3
92451,حوزه قضايي بخش سده استان فارس,دادگستري كل استان فارس > حوزه قضايي بخش سده استان فارس,2
92452,دادگاه عمومي و انقلاب بخش سده استان فارس,دادگستري كل استان فارس > حوزه قضايي بخش سده استان فارس > دادگاه عمومي و انقلاب بخش سده استان فارس,3
92459,شوراي حل اختلاف بخش سده استان فارس,دادگستري كل استان فارس > حوزه قضايي بخش سده استان فارس > شوراي حل اختلاف بخش سده استان فارس,3
92436,حوزه قضايي بخش ششده و قره بلاغ,دادگستري كل استان فارس > حوزه قضايي بخش ششده و قره بلاغ,2
92437,دادگاه عمومي و انقلاب بخش ششده و قره بلاغ,دادگستري كل استان فارس > حوزه قضايي بخش ششده و قره بلاغ > دادگاه عمومي و انقلاب بخش ششده و قره بلاغ,3
92443,شوراي حل اختلاف بخش ششده و قره بلاغ,دادگستري كل استان فارس > حوزه قضايي بخش ششده و قره بلاغ > شوراي حل اختلاف بخش ششده و قره بلاغ,3
71710,حوزه قضايي بخش شيبكوه,دادگستري كل استان فارس > حوزه قضايي بخش شيبكوه,2
71711,دادگاه عمومي و انقلاب بخش شيبكوه,دادگستري كل استان فارس > حوزه قضايي بخش شيبكوه > دادگاه عمومي و انقلاب بخش شيبكوه,3
88357,شوراي حل اختلاف بخش شيبكوه,دادگستري كل استان فارس > حوزه قضايي بخش شيبكوه > شوراي حل اختلاف بخش شيبكوه,3
92495,حوزه قضايي بخش صحراي باغ,دادگستري كل استان فارس > حوزه قضايي بخش صحراي باغ,2
92496,دادگاه عمومي و انقلاب بخش صحراي باغ,دادگستري كل استان فارس > حوزه قضايي بخش صحراي باغ > دادگاه عمومي و انقلاب بخش صحراي باغ,3
92503,شوراي حل اختلاف بخش صحراي باغ,دادگستري كل استان فارس > حوزه قضايي بخش صحراي باغ > شوراي حل اختلاف بخش صحراي باغ,3
92151,حوزه قضايي بخش فورگ,دادگستري كل استان فارس > حوزه قضايي بخش فورگ,2
92153,دادگاه عمومي و انقلاب بخش فورگ,دادگستري كل استان فارس > حوزه قضايي بخش فورگ > دادگاه عمومي و انقلاب بخش فورگ,3
92163,شوراي حل اختلاف بخش فورگ,دادگستري كل استان فارس > حوزه قضايي بخش فورگ > شوراي حل اختلاف بخش فورگ,3
71840,حوزه قضايي بخش كامفيروز و كر,دادگستري كل استان فارس > حوزه قضايي بخش كامفيروز و كر,2
71841,دادگاه عمومي و انقلاب بخش كامفيروز و كر,دادگستري كل استان فارس > حوزه قضايي بخش كامفيروز و كر > دادگاه عمومي و انقلاب بخش كامفيروز و كر,3
88341,شوراي حل اختلاف بخش كامفيروز,دادگستري كل استان فارس > حوزه قضايي بخش كامفيروز و كر > شوراي حل اختلاف بخش كامفيروز,3
75280,حوزه قضايي بخش كنار تخته و كمارج,دادگستري كل استان فارس > حوزه قضايي بخش كنار تخته و كمارج,2
75281,دادگاه عمومي و انقلاب بخش كنار تخته و كمارج,دادگستري كل استان فارس > حوزه قضايي بخش كنار تخته و كمارج > دادگاه عمومي و انقلاب بخش كنار تخته و كمارج,3
88374,شوراي حل اختلاف بخش كنار تخته و كمارج,دادگستري كل استان فارس > حوزه قضايي بخش كنار تخته و كمارج > شوراي حل اختلاف بخش كنار تخته و كمارج,3
89310,حوزه قضايي بخش مشهد مرغاب,دادگستري كل استان فارس > حوزه قضايي بخش مشهد مرغاب,2
89311,دادگاه عمومي و انقلاب بخش مشهد مرغاب,دادگستري كل استان فارس > حوزه قضايي بخش مشهد مرغاب > دادگاه عمومي و انقلاب بخش مشهد مرغاب,3
89320,شوراي حل اختلاف بخش مشهد مرغاب,دادگستري كل استان فارس > حوزه قضايي بخش مشهد مرغاب > شوراي حل اختلاف بخش مشهد مرغاب,3
75100,حوزه قضايي شهرستان آباده,دادگستري كل استان فارس > حوزه قضايي شهرستان آباده,2
75102,دادسراي عمومي و انقلاب شهرستان آباده,دادگستري كل استان فارس > حوزه قضايي شهرستان آباده > دادسراي عمومي و انقلاب شهرستان آباده,3
75101,دادگاه عمومي و انقلاب شهرستان آباده,دادگستري كل استان فارس > حوزه قضايي شهرستان آباده > دادگاه عمومي و انقلاب شهرستان آباده,3
88440,شوراي حل اختلاف شهرستان آباده,دادگستري كل استان فارس > حوزه قضايي شهرستان آباده > شوراي حل اختلاف شهرستان آباده,3
01050,حوزه قضايي شهرستان ارسنجان,دادگستري كل استان فارس > حوزه قضايي شهرستان ارسنجان,2
71922,دادسراي عمومي و انقلاب شهرستان ارسنجان,دادگستري كل استان فارس > حوزه قضايي شهرستان ارسنجان > دادسراي عمومي و انقلاب شهرستان ارسنجان,3
00284,دادگاه عمومي و انقلاب شهرستان ارسنجان,دادگستري كل استان فارس > حوزه قضايي شهرستان ارسنجان > دادگاه عمومي و انقلاب شهرستان ارسنجان,3
88480,شوراي حل اختلاف شهرستان ارسنجان,دادگستري كل استان فارس > حوزه قضايي شهرستان ارسنجان > شوراي حل اختلاف شهرستان ارسنجان,3
01067,حوزه قضايي شهرستان استهبان,دادگستري كل استان فارس > حوزه قضايي شهرستان استهبان,2
73200,دادسراي عمومي و انقلاب شهرستان استهبان,دادگستري كل استان فارس > حوزه قضايي شهرستان استهبان > دادسراي عمومي و انقلاب شهرستان استهبان,3
00302,دادگاه عمومي و انقلاب شهرستان استهبان,دادگستري كل استان فارس > حوزه قضايي شهرستان استهبان > دادگاه عمومي و انقلاب شهرستان استهبان,3
88490,شوراي حل اختلاف شهرستان استهبان,دادگستري كل استان فارس > حوزه قضايي شهرستان استهبان > شوراي حل اختلاف شهرستان استهبان,3
01065,حوزه قضايي شهرستان اقليد,دادگستري كل استان فارس > حوزه قضايي شهرستان اقليد,2
75200,دادسراي عمومي و انقلاب شهرستان اقليد,دادگستري كل استان فارس > حوزه قضايي شهرستان اقليد > دادسراي عمومي و انقلاب شهرستان اقليد,3
00300,دادگاه عمومي و انقلاب شهرستان اقليد,دادگستري كل استان فارس > حوزه قضايي شهرستان اقليد > دادگاه عمومي و انقلاب شهرستان اقليد,3
88505,شوراي حل اختلاف شهرستان اقليد,دادگستري كل استان فارس > حوزه قضايي شهرستان اقليد > شوراي حل اختلاف شهرستان اقليد,3
92225,حوزه قضايي شهرستان اوز,دادگستري كل استان فارس > حوزه قضايي شهرستان اوز,2
92226,دادگاه عمومي و انقلاب شهرستان اوز,دادگستري كل استان فارس > حوزه قضايي شهرستان اوز > دادگاه عمومي و انقلاب شهرستان اوز,3
75120,حوزه قضايي شهرستان بختگان,دادگستري كل استان فارس > حوزه قضايي شهرستان بختگان,2
75121,دادگاه عمومي و انقلاب شهرستان بختگان,دادگستري كل استان فارس > حوزه قضايي شهرستان بختگان > دادگاه عمومي و انقلاب شهرستان بختگان,3
88360,شوراي حل اختلاف شهرستان بختگان,دادگستري كل استان فارس > حوزه قضايي شهرستان بختگان > شوراي حل اختلاف شهرستان بختگان,3
01068,حوزه قضايي شهرستان بوانات,دادگستري كل استان فارس > حوزه قضايي شهرستان بوانات,2
75220,دادسراي عمومي و انقلاب شهرستان بوانات,دادگستري كل استان فارس > حوزه قضايي شهرستان بوانات > دادسراي عمومي و انقلاب شهرستان بوانات,3
00303,دادگاه عمومي و انقلاب شهرستان بوانات,دادگستري كل استان فارس > حوزه قضايي شهرستان بوانات > دادگاه عمومي و انقلاب شهرستان بوانات,3
75227,شوراي حل اختلاف شهرستان بوانات,دادگستري كل استان فارس > حوزه قضايي شهرستان بوانات > شوراي حل اختلاف شهرستان بوانات,3
75250,حوزه قضايي شهرستان بيضاء,دادگستري كل استان فارس > حوزه قضايي شهرستان بيضاء,2
75251,دادگاه عمومي و انقلاب شهرستان بيضاء,دادگستري كل استان فارس > حوزه قضايي شهرستان بيضاء > دادگاه عمومي و انقلاب شهرستان بيضاء,3
88370,شوراي حل اختلاف شهرستان بيضاء,دادگستري كل استان فارس > حوزه قضايي شهرستان بيضاء > شوراي حل اختلاف شهرستان بيضاء,3
75300,حوزه قضايي شهرستان پاسارگاد,دادگستري كل استان فارس > حوزه قضايي شهرستان پاسارگاد,2
75318,دادسراي عمومي و انقلاب شهرستان پاسارگاد,دادگستري كل استان فارس > حوزه قضايي شهرستان پاسارگاد > دادسراي عمومي و انقلاب شهرستان پاسارگاد,3
75301,دادگاه عمومي و انقلاب شهرستان پاسارگاد,دادگستري كل استان فارس > حوزه قضايي شهرستان پاسارگاد > دادگاه عمومي و انقلاب شهرستان پاسارگاد,3
75312,شوراي حل اختلاف شهرستان پاسارگاد,دادگستري كل استان فارس > حوزه قضايي شهرستان پاسارگاد > شوراي حل اختلاف شهرستان پاسارگاد,3
01054,حوزه قضايي شهرستان جهرم,دادگستري كل استان فارس > حوزه قضايي شهرستان جهرم,2
79101,دادسراي عمومي و انقلاب شهرستان جهرم,دادگستري كل استان فارس > حوزه قضايي شهرستان جهرم > دادسراي عمومي و انقلاب شهرستان جهرم,3
00288,دادگاه عمومي و انقلاب شهرستان جهرم,دادگستري كل استان فارس > حوزه قضايي شهرستان جهرم > دادگاه عمومي و انقلاب شهرستان جهرم,3
88585,شوراي حل اختلاف شهرستان جهرم,دادگستري كل استان فارس > حوزه قضايي شهرستان جهرم > شوراي حل اختلاف شهرستان جهرم,3
75270,حوزه قضايي شهرستان جويم,دادگستري كل استان فارس > حوزه قضايي شهرستان جويم,2
75271,دادگاه عمومي و انقلاب شهرستان جويم,دادگستري كل استان فارس > حوزه قضايي شهرستان جويم > دادگاه عمومي و انقلاب شهرستان جويم,3
88332,شوراي حل اختلاف شهرستان جويم,دادگستري كل استان فارس > حوزه قضايي شهرستان جويم > شوراي حل اختلاف شهرستان جويم,3
01070,حوزه قضايي شهرستان خرامه,دادگستري كل استان فارس > حوزه قضايي شهرستان خرامه,2
71943,دادسراي عمومي و انقلاب شهرستان خرامه,دادگستري كل استان فارس > حوزه قضايي شهرستان خرامه > دادسراي عمومي و انقلاب شهرستان خرامه,3
71942,دادگاه عمومي و انقلاب شهرستان خرامه,دادگستري كل استان فارس > حوزه قضايي شهرستان خرامه > دادگاه عمومي و انقلاب شهرستان خرامه,3
88347,شوراي حل اختلاف شهرستان خرامه,دادگستري كل استان فارس > حوزه قضايي شهرستان خرامه > شوراي حل اختلاف شهرستان خرامه,3
71720,حوزه قضايي شهرستان خرم بيد,دادگستري كل استان فارس > حوزه قضايي شهرستان خرم بيد,2
71722,دادسراي عمومي و انقلاب شهرستان خرم بيد,دادگستري كل استان فارس > حوزه قضايي شهرستان خرم بيد > دادسراي عمومي و انقلاب شهرستان خرم بيد,3
71721,دادگاه عمومي و انقلاب شهرستان خرم بيد,دادگستري كل استان فارس > حوزه قضايي شهرستان خرم بيد > دادگاه عمومي و انقلاب شهرستان خرم بيد,3
71727,شوراي حل اختلاف شهرستان خرم بيد,دادگستري كل استان فارس > حوزه قضايي شهرستان خرم بيد > شوراي حل اختلاف شهرستان خرم بيد,3
75290,حوزه قضايي شهرستان خفر,دادگستري كل استان فارس > حوزه قضايي شهرستان خفر,2
75291,دادگاه عمومي و انقلاب شهرستان خفر,دادگستري كل استان فارس > حوزه قضايي شهرستان خفر > دادگاه عمومي و انقلاب شهرستان خفر,3
88377,شوراي حل اختلاف شهرستان خفر,دادگستري كل استان فارس > حوزه قضايي شهرستان خفر > شوراي حل اختلاف شهرستان خفر,3
78200,حوزه قضايي شهرستان خنج,دادگستري كل استان فارس > حوزه قضايي شهرستان خنج,2
78202,دادسراي عمومي و انقلاب شهرستان خنج,دادگستري كل استان فارس > حوزه قضايي شهرستان خنج > دادسراي عمومي و انقلاب شهرستان خنج,3
78201,دادگاه عمومي و انقلاب شهرستان خنج,دادگستري كل استان فارس > حوزه قضايي شهرستان خنج > دادگاه عمومي و انقلاب شهرستان خنج,3
88664,شوراي حل اختلاف شهرستان خنج,دادگستري كل استان فارس > حوزه قضايي شهرستان خنج > شوراي حل اختلاف شهرستان خنج,3
01066,حوزه قضايي شهرستان داراب,دادگستري كل استان فارس > حوزه قضايي شهرستان داراب,2
71280,دادسراي عمومي و انقلاب شهرستان داراب,دادگستري كل استان فارس > حوزه قضايي شهرستان داراب > دادسراي عمومي و انقلاب شهرستان داراب,3
00301,دادگاه عمومي و انقلاب شهرستان داراب,دادگستري كل استان فارس > حوزه قضايي شهرستان داراب > دادگاه عمومي و انقلاب شهرستان داراب,3
88675,شوراي حل اختلاف شهرستان داراب,دادگستري كل استان فارس > حوزه قضايي شهرستان داراب > شوراي حل اختلاف شهرستان داراب,3
71600,حوزه قضايي شهرستان رستم,دادگستري كل استان فارس > حوزه قضايي شهرستان رستم,2
71602,دادسراي عمومي و انقلاب شهرستان رستم,دادگستري كل استان فارس > حوزه قضايي شهرستان رستم > دادسراي عمومي و انقلاب شهرستان رستم,3
71601,دادگاه عمومي و انقلاب شهرستان رستم,دادگستري كل استان فارس > حوزه قضايي شهرستان رستم > دادگاه عمومي و انقلاب شهرستان رستم,3
88380,شوراي حل اختلاف شهرستان رستم,دادگستري كل استان فارس > حوزه قضايي شهرستان رستم > شوراي حل اختلاف شهرستان رستم,3
71620,حوزه قضايي شهرستان زرقان,دادگستري كل استان فارس > حوزه قضايي شهرستان زرقان,2
71621,دادگاه عمومي و انقلاب شهرستان زرقان,دادگستري كل استان فارس > حوزه قضايي شهرستان زرقان > دادگاه عمومي و انقلاب شهرستان زرقان,3
88338,شوراي حل اختلاف شهرستان زرقان,دادگستري كل استان فارس > حوزه قضايي شهرستان زرقان > شوراي حل اختلاف شهرستان زرقان,3
01063,حوزه قضايي شهرستان زرين دشت,دادگستري كل استان فارس > حوزه قضايي شهرستان زرين دشت,2
71640,دادسراي عمومي و انقلاب شهرستان زرين دشت,دادگستري كل استان فارس > حوزه قضايي شهرستان زرين دشت > دادسراي عمومي و انقلاب شهرستان زرين دشت,3
00298,دادگاه عمومي و انقلاب شهرستان زرين دشت,دادگستري كل استان فارس > حوزه قضايي شهرستان زرين دشت > دادگاه عمومي و انقلاب شهرستان زرين دشت,3
88350,شوراي حل اختلاف شهرستان زرين دشت,دادگستري كل استان فارس > حوزه قضايي شهرستان زرين دشت > شوراي حل اختلاف شهرستان زرين دشت,3
01062,حوزه قضايي شهرستان سپيدان,دادگستري كل استان فارس > حوزه قضايي شهرستان سپيدان,2
71660,دادسراي عمومي و انقلاب شهرستان سپيدان,دادگستري كل استان فارس > حوزه قضايي شهرستان سپيدان > دادسراي عمومي و انقلاب شهرستان سپيدان,3
00297,دادگاه عمومي و انقلاب شهرستان سپيدان,دادگستري كل استان فارس > حوزه قضايي شهرستان سپيدان > دادگاه عمومي و انقلاب شهرستان سپيدان,3
88740,شوراي حل اختلاف شهرستان سپيدان,دادگستري كل استان فارس > حوزه قضايي شهرستان سپيدان > شوراي حل اختلاف شهرستان سپيدان,3
92132,حوزه قضايي شهرستان سرچهان,دادگستري كل استان فارس > حوزه قضايي شهرستان سرچهان,2
92133,دادگاه عمومي و انقلاب شهرستان سرچهان,دادگستري كل استان فارس > حوزه قضايي شهرستان سرچهان > دادگاه عمومي و انقلاب شهرستان سرچهان,3
92141,شوراي حل اختلاف شهرستان سرچهان,دادگستري كل استان فارس > حوزه قضايي شهرستان سرچهان > شوراي حل اختلاف شهرستان سرچهان,3
71690,حوزه قضايي شهرستان سروستان,دادگستري كل استان فارس > حوزه قضايي شهرستان سروستان,2
71692,دادسراي عمومي و انقلاب شهرستان سروستان,دادگستري كل استان فارس > حوزه قضايي شهرستان سروستان > دادسراي عمومي و انقلاب شهرستان سروستان,3
71691,دادگاه عمومي و انقلاب شهرستان سروستان,دادگستري كل استان فارس > حوزه قضايي شهرستان سروستان > دادگاه عمومي و انقلاب شهرستان سروستان,3
88384,شوراي حل اختلاف شهرستان سروستان,دادگستري كل استان فارس > حوزه قضايي شهرستان سروستان > شوراي حل اختلاف شهرستان سروستان,3
01069,حوزه قضايي شهرستان شيراز,دادگستري كل استان فارس > حوزه قضايي شهرستان شيراز,2
07024,دادسراي عمومي و انقلاب شيراز,دادگستري كل استان فارس > حوزه قضايي شهرستان شيراز > دادسراي عمومي و انقلاب شيراز,3
89050,مجتمع دادسراي انقلاب شهرستان شيراز,دادگستري كل استان فارس > حوزه قضايي شهرستان شيراز > دادسراي عمومي و انقلاب شيراز > مجتمع دادسراي انقلاب شهرستان شيراز,4
71258,مجتمع دادسراي ناحيه دو شهرستان شيراز,دادگستري كل استان فارس > حوزه قضايي شهرستان شيراز > دادسراي عمومي و انقلاب شيراز > مجتمع دادسراي ناحيه دو شهرستان شيراز,4
71220,مجتمع دادسراي ناحيه يك (فرهنگ شهر) شهرستان شيراز,دادگستري كل استان فارس > حوزه قضايي شهرستان شيراز > دادسراي عمومي و انقلاب شيراز > مجتمع دادسراي ناحيه يك (فرهنگ شهر) شهرستان شيراز,4
71259,مجتمع دادسراي ويژه امور جنايي و جرايم امنيتي شهرستان شيراز,دادگستري كل استان فارس > حوزه قضايي شهرستان شيراز > دادسراي عمومي و انقلاب شيراز > مجتمع دادسراي ويژه امور جنايي و جرايم امنيتي شهرستان شيراز,4
07026,مجتمع سرپرستي دادسراي عمومي و انقلاب شيراز,دادگستري كل استان فارس > حوزه قضايي شهرستان شيراز > دادسراي عمومي و انقلاب شيراز > مجتمع سرپرستي دادسراي عمومي و انقلاب شيراز,4
89265,مجتمع قضايي صدرا- شعب دادسرا,دادگستري كل استان فارس > حوزه قضايي شهرستان شيراز > دادسراي عمومي و انقلاب شيراز > مجتمع قضايي صدرا- شعب دادسرا,4
89376,مجتمع ويژه رسيدگي به جرايم اقتصادي دادسراي عمومي و انقلاب شيراز,دادگستري كل استان فارس > حوزه قضايي شهرستان شيراز > دادسراي عمومي و انقلاب شيراز > مجتمع ويژه رسيدگي به جرايم اقتصادي دادسراي عمومي و انقلاب شيراز,4
89375,مجتمع ويژه رسيدگي به جرايم رايانه اي دادسراي عمومي و انقلاب شيراز,دادگستري كل استان فارس > حوزه قضايي شهرستان شيراز > دادسراي عمومي و انقلاب شيراز > مجتمع ويژه رسيدگي به جرايم رايانه اي دادسراي عمومي و انقلاب شيراز,4
07025,مجتمع ويژه نيابت تحقيق دادسراي عمومي و انقلاب شيراز (دادياري),دادگستري كل استان فارس > حوزه قضايي شهرستان شيراز > دادسراي عمومي و انقلاب شيراز > مجتمع ويژه نيابت تحقيق دادسراي عمومي و انقلاب شيراز (دادياري),4
00160,دادگاه عمومي و انقلاب شهرستان شيراز,دادگستري كل استان فارس > حوزه قضايي شهرستان شيراز > دادگاه عمومي و انقلاب شهرستان شيراز,3
89051,مجتمع دادگاههاي انقلاب شهرستان شيراز,دادگستري كل استان فارس > حوزه قضايي شهرستان شيراز > دادگاه عمومي و انقلاب شهرستان شيراز > مجتمع دادگاههاي انقلاب شهرستان شيراز,4
71256,مجتمع دادگاههاي حقوقي شهرستان شيراز,دادگستري كل استان فارس > حوزه قضايي شهرستان شيراز > دادگاه عمومي و انقلاب شهرستان شيراز > مجتمع دادگاههاي حقوقي شهرستان شيراز,4
89220,مجتمع دادگاههاي خانواده شهرستان شيراز,دادگستري كل استان فارس > حوزه قضايي شهرستان شيراز > دادگاه عمومي و انقلاب شهرستان شيراز > مجتمع دادگاههاي خانواده شهرستان شيراز,4
71110,مجتمع دادگاههاي كيفري دو شهرستان شيراز,دادگستري كل استان فارس > حوزه قضايي شهرستان شيراز > دادگاه عمومي و انقلاب شهرستان شيراز > مجتمع دادگاههاي كيفري دو شهرستان شيراز,4
89255,مجتمع شماره دو دادگاه هاي صلح شهرستان شيراز(ويژه خانواده- تامين دليل ، حصروراثت),دادگستري كل استان فارس > حوزه قضايي شهرستان شيراز > دادگاه عمومي و انقلاب شهرستان شيراز > مجتمع شماره دو دادگاه هاي صلح شهرستان شيراز(ويژه خانواده- تامين دليل ، حصروراثت),4
88390,مجتمع شماره سه دادگاه هاي صلح شهرستان شيراز(ويژه كيفري),دادگستري كل استان فارس > حوزه قضايي شهرستان شيراز > دادگاه عمومي و انقلاب شهرستان شيراز > مجتمع شماره سه دادگاه هاي صلح شهرستان شيراز(ويژه كيفري),4
89254,مجتمع شماره يك دادگاههاي صلح شهرستان شيراز (ويژه حقوقي),دادگستري كل استان فارس > حوزه قضايي شهرستان شيراز > دادگاه عمومي و انقلاب شهرستان شيراز > مجتمع شماره يك دادگاههاي صلح شهرستان شيراز (ويژه حقوقي),4
89235,مجتمع قضايي صدرا- شعب دادگاه,دادگستري كل استان فارس > حوزه قضايي شهرستان شيراز > دادگاه عمومي و انقلاب شهرستان شيراز > مجتمع قضايي صدرا- شعب دادگاه,4
71400,شوراي حل اختلاف شيراز,دادگستري كل استان فارس > حوزه قضايي شهرستان شيراز > شوراي حل اختلاف شيراز,3
71405,مجتمع شوراهاي حل اختلاف شماره پنج شيراز,دادگستري كل استان فارس > حوزه قضايي شهرستان شيراز > شوراي حل اختلاف شيراز > مجتمع شوراهاي حل اختلاف شماره پنج شيراز,4
71404,مجتمع شوراهاي حل اختلاف شماره چهار شيراز,دادگستري كل استان فارس > حوزه قضايي شهرستان شيراز > شوراي حل اختلاف شيراز > مجتمع شوراهاي حل اختلاف شماره چهار شيراز,4
71402,مجتمع شوراهاي حل اختلاف شماره دو شيراز,دادگستري كل استان فارس > حوزه قضايي شهرستان شيراز > شوراي حل اختلاف شيراز > مجتمع شوراهاي حل اختلاف شماره دو شيراز,4
71403,مجتمع شوراهاي حل اختلاف شماره سه شيراز,دادگستري كل استان فارس > حوزه قضايي شهرستان شيراز > شوراي حل اختلاف شيراز > مجتمع شوراهاي حل اختلاف شماره سه شيراز,4
71401,مجتمع شوراهاي حل اختلاف شماره يك شيراز,دادگستري كل استان فارس > حوزه قضايي شهرستان شيراز > شوراي حل اختلاف شيراز > مجتمع شوراهاي حل اختلاف شماره يك شيراز,4
01060,حوزه قضايي شهرستان فراشبند,دادگستري كل استان فارس > حوزه قضايي شهرستان فراشبند,2
71750,دادسراي عمومي و انقلاب شهرستان فراشبند,دادگستري كل استان فارس > حوزه قضايي شهرستان فراشبند > دادسراي عمومي و انقلاب شهرستان فراشبند,3
00295,دادگاه عمومي و انقلاب شهرستان فراشبند,دادگستري كل استان فارس > حوزه قضايي شهرستان فراشبند > دادگاه عمومي و انقلاب شهرستان فراشبند,3
88344,شوراي حل اختلاف شهرستان فراشبند,دادگستري كل استان فارس > حوزه قضايي شهرستان فراشبند > شوراي حل اختلاف شهرستان فراشبند,3
01071,حوزه قضايي شهرستان فسا,دادگستري كل استان فارس > حوزه قضايي شهرستان فسا,2
73120,دادسراي عمومي و انقلاب شهرستان فسا,دادگستري كل استان فارس > حوزه قضايي شهرستان فسا > دادسراي عمومي و انقلاب شهرستان فسا,3
73100,دادگاه عمومي و انقلاب شهرستان فسا,دادگستري كل استان فارس > حوزه قضايي شهرستان فسا > دادگاه عمومي و انقلاب شهرستان فسا,3
88354,شوراي حل اختلاف شهرستان فسا,دادگستري كل استان فارس > حوزه قضايي شهرستان فسا > شوراي حل اختلاف شهرستان فسا,3
01058,حوزه قضايي شهرستان فيروز آباد,دادگستري كل استان فارس > حوزه قضايي شهرستان فيروز آباد,2
71770,دادسراي عمومي و انقلاب شهرستان فيروز آباد,دادگستري كل استان فارس > حوزه قضايي شهرستان فيروز آباد > دادسراي عمومي و انقلاب شهرستان فيروز آباد,3
00292,دادگاه عمومي و انقلاب شهرستان فيروز آباد,دادگستري كل استان فارس > حوزه قضايي شهرستان فيروز آباد > دادگاه عمومي و انقلاب شهرستان فيروز آباد,3
88800,شوراي حل اختلاف شهرستان فيروز آباد,دادگستري كل استان فارس > حوزه قضايي شهرستان فيروز آباد > شوراي حل اختلاف شهرستان فيروز آباد,3
01057,حوزه قضايي شهرستان قيروكارزين,دادگستري كل استان فارس > حوزه قضايي شهرستان قيروكارزين,2
71901,دادسراي عمومي و انقلاب شهرستان قير و كارزين,دادگستري كل استان فارس > حوزه قضايي شهرستان قيروكارزين > دادسراي عمومي و انقلاب شهرستان قير و كارزين,3
00291,دادگاه عمومي و انقلاب شهرستان قير و كارزين,دادگستري كل استان فارس > حوزه قضايي شهرستان قيروكارزين > دادگاه عمومي و انقلاب شهرستان قير و كارزين,3
88820,شوراي حل اختلاف شهرستان قير و كارزين,دادگستري كل استان فارس > حوزه قضايي شهرستان قيروكارزين > شوراي حل اختلاف شهرستان قير و كارزين,3
01061,حوزه قضايي شهرستان كازرون,دادگستري كل استان فارس > حوزه قضايي شهرستان كازرون,2
71800,دادسراي عمومي و انقلاب شهرستان كازرون,دادگستري كل استان فارس > حوزه قضايي شهرستان كازرون > دادسراي عمومي و انقلاب شهرستان كازرون,3
00296,دادگاه عمومي و انقلاب شهرستان كازرون,دادگستري كل استان فارس > حوزه قضايي شهرستان كازرون > دادگاه عمومي و انقلاب شهرستان كازرون,3
71815,شوراي حل اختلاف شهرستان كازرون,دادگستري كل استان فارس > حوزه قضايي شهرستان كازرون > شوراي حل اختلاف شهرستان كازرون,3
71860,حوزه قضايي شهرستان كوار,دادگستري كل استان فارس > حوزه قضايي شهرستان كوار,2
71862,دادسراي عمومي و انقلاب شهرستان كوار,دادگستري كل استان فارس > حوزه قضايي شهرستان كوار > دادسراي عمومي و انقلاب شهرستان كوار,3
71861,دادگاه عمومي و انقلاب شهرستان كوار,دادگستري كل استان فارس > حوزه قضايي شهرستان كوار > دادگاه عمومي و انقلاب شهرستان كوار,3
71868,شوراي حل اختلاف شهرستان كوار,دادگستري كل استان فارس > حوزه قضايي شهرستان كوار > شوراي حل اختلاف شهرستان كوار,3
78230,حوزه قضايي شهرستان كوه چنار,دادگستري كل استان فارس > حوزه قضايي شهرستان كوه چنار,2
78232,دادسراي عمومي و انقلاب شهرستان كوه چنار,دادگستري كل استان فارس > حوزه قضايي شهرستان كوه چنار > دادسراي عمومي و انقلاب شهرستان كوه چنار,3
78231,دادگاه عمومي و انقلاب شهرستان كوه چنار,دادگستري كل استان فارس > حوزه قضايي شهرستان كوه چنار > دادگاه عمومي و انقلاب شهرستان كوه چنار,3
78260,شوراي حل اختلاف شهرستان كوه چنار,دادگستري كل استان فارس > حوزه قضايي شهرستان كوه چنار > شوراي حل اختلاف شهرستان كوه چنار,3
71880,حوزه قضايي شهرستان گراش,دادگستري كل استان فارس > حوزه قضايي شهرستان گراش,2
71882,دادسراي عمومي و انقلاب شهرستان گراش,دادگستري كل استان فارس > حوزه قضايي شهرستان گراش > دادسراي عمومي و انقلاب شهرستان گراش,3
71881,دادگاه عمومي و انقلاب شهرستان گراش,دادگستري كل استان فارس > حوزه قضايي شهرستان گراش > دادگاه عمومي و انقلاب شهرستان گراش,3
88335,شوراي حل اختلاف شهرستان گراش,دادگستري كل استان فارس > حوزه قضايي شهرستان گراش > شوراي حل اختلاف شهرستان گراش,3
01056,حوزه قضايي شهرستان لارستان,دادگستري كل استان فارس > حوزه قضايي شهرستان لارستان,2
71945,دادسراي عمومي و انقلاب شهرستان لارستان,دادگستري كل استان فارس > حوزه قضايي شهرستان لارستان > دادسراي عمومي و انقلاب شهرستان لارستان,3
00290,دادگاه عمومي و انقلاب شهرستان لارستان,دادگستري كل استان فارس > حوزه قضايي شهرستان لارستان > دادگاه عمومي و انقلاب شهرستان لارستان,3
88900,شوراي حل اختلاف شهرستان لارستان,دادگستري كل استان فارس > حوزه قضايي شهرستان لارستان > شوراي حل اختلاف شهرستان لارستان,3
01053,حوزه قضايي شهرستان لامرد,دادگستري كل استان فارس > حوزه قضايي شهرستان لامرد,2
71970,دادسراي عمومي و انقلاب شهرستان لامرد,دادگستري كل استان فارس > حوزه قضايي شهرستان لامرد > دادسراي عمومي و انقلاب شهرستان لامرد,3
00287,دادگاه عمومي و انقلاب شهرستان لامرد,دادگستري كل استان فارس > حوزه قضايي شهرستان لامرد > دادگاه عمومي و انقلاب شهرستان لامرد,3
88920,شوراي حل اختلاف شهرستان لامرد,دادگستري كل استان فارس > حوزه قضايي شهرستان لامرد > شوراي حل اختلاف شهرستان لامرد,3
01064,حوزه قضايي شهرستان مرودشت,دادگستري كل استان فارس > حوزه قضايي شهرستان مرودشت,2
71990,دادسراي عمومي و انقلاب شهرستان مرودشت,دادگستري كل استان فارس > حوزه قضايي شهرستان مرودشت > دادسراي عمومي و انقلاب شهرستان مرودشت,3
00299,دادگاه عمومي و انقلاب شهرستان مرودشت,دادگستري كل استان فارس > حوزه قضايي شهرستان مرودشت > دادگاه عمومي و انقلاب شهرستان مرودشت,3
88935,شوراي حل اختلاف شهرستان مرودشت,دادگستري كل استان فارس > حوزه قضايي شهرستان مرودشت > شوراي حل اختلاف شهرستان مرودشت,3
01055,حوزه قضايي شهرستان ممسني,دادگستري كل استان فارس > حوزه قضايي شهرستان ممسني,2
72200,دادسراي عمومي و انقلاب شهرستان ممسني,دادگستري كل استان فارس > حوزه قضايي شهرستان ممسني > دادسراي عمومي و انقلاب شهرستان ممسني,3
00289,دادگاه عمومي و انقلاب شهرستان ممسني,دادگستري كل استان فارس > حوزه قضايي شهرستان ممسني > دادگاه عمومي و انقلاب شهرستان ممسني,3
88460,شوراي حل اختلاف شهرستان ممسني,دادگستري كل استان فارس > حوزه قضايي شهرستان ممسني > شوراي حل اختلاف شهرستان ممسني,3
01051,حوزه قضايي شهرستان مهر,دادگستري كل استان فارس > حوزه قضايي شهرستان مهر,2
88200,دادسراي عمومي و انقلاب شهرستان مهر,دادگستري كل استان فارس > حوزه قضايي شهرستان مهر > دادسراي عمومي و انقلاب شهرستان مهر,3
00285,دادگاه عمومي و انقلاب شهرستان مهر,دادگستري كل استان فارس > حوزه قضايي شهرستان مهر > دادگاه عمومي و انقلاب شهرستان مهر,3
88208,شوراي حل اختلاف شهرستان مهر,دادگستري كل استان فارس > حوزه قضايي شهرستان مهر > شوراي حل اختلاف شهرستان مهر,3
01052,حوزه قضايي شهرستان ني ريز,دادگستري كل استان فارس > حوزه قضايي شهرستان ني ريز,2
71301,دادسراي عمومي و انقلاب شهرستان ني ريز,دادگستري كل استان فارس > حوزه قضايي شهرستان ني ريز > دادسراي عمومي و انقلاب شهرستان ني ريز,3
00286,دادگاه عمومي و انقلاب شهرستان ني ريز,دادگستري كل استان فارس > حوزه قضايي شهرستان ني ريز > دادگاه عمومي و انقلاب شهرستان ني ريز,3
88461,شوراي حل اختلاف شهرستان ني ريز,دادگستري كل استان فارس > حوزه قضايي شهرستان ني ريز > شوراي حل اختلاف شهرستان ني ريز,3
71190,مجتمع دادگاههاي تجديدنظر استان فارس,دادگستري كل استان فارس > مجتمع دادگاههاي تجديدنظر استان فارس,2
07090,مجتمع دادگاههاي كيفري يك استان فارس,دادگستري كل استان فارس > مجتمع دادگاههاي كيفري يك استان فارس,2
00177,دادگستري كل استان قزوين,دادگستري كل استان قزوين,1
00061,حوزه قضايي بخش آبگرم,دادگستري كل استان قزوين > حوزه قضايي بخش آبگرم,2
28198,دادگاه عمومي بخش آبگرم,دادگستري كل استان قزوين > حوزه قضايي بخش آبگرم > دادگاه عمومي بخش آبگرم,3
28490,شوراي حل اختلاف بخش آبگرم,دادگستري كل استان قزوين > حوزه قضايي بخش آبگرم > شوراي حل اختلاف بخش آبگرم,3
00062,حوزه قضايي بخش اسفرورين,دادگستري كل استان قزوين > حوزه قضايي بخش اسفرورين,2
28199,دادگاه عمومي و انقلاب بخش اسفرورين,دادگستري كل استان قزوين > حوزه قضايي بخش اسفرورين > دادگاه عمومي و انقلاب بخش اسفرورين,3
28492,شوراي حل اختلاف بخش اسفرورين,دادگستري كل استان قزوين > حوزه قضايي بخش اسفرورين > شوراي حل اختلاف بخش اسفرورين,3
00064,حوزه قضايي بخش الموت شرقي,دادگستري كل استان قزوين > حوزه قضايي بخش الموت شرقي,2
28201,دادگاه عمومي بخش الموت شرقي,دادگستري كل استان قزوين > حوزه قضايي بخش الموت شرقي > دادگاه عمومي بخش الموت شرقي,3
28496,شوراي حل اختلاف بخش الموت شرقي استان قزوين,دادگستري كل استان قزوين > حوزه قضايي بخش الموت شرقي > شوراي حل اختلاف بخش الموت شرقي استان قزوين,3
28450,حوزه قضايي بخش الموت غربي,دادگستري كل استان قزوين > حوزه قضايي بخش الموت غربي,2
28451,دادگاه عمومي و انقلاب بخش الموت غربي,دادگستري كل استان قزوين > حوزه قضايي بخش الموت غربي > دادگاه عمومي و انقلاب بخش الموت غربي,3
28495,شوراي حل اختلاف بخش الموت غربي,دادگستري كل استان قزوين > حوزه قضايي بخش الموت غربي > شوراي حل اختلاف بخش الموت غربي,3
28540,حوزه قضايي بخش بشاريات,دادگستري كل استان قزوين > حوزه قضايي بخش بشاريات,2
28541,دادگاه عمومي و انقلاب بخش بشاريات,دادگستري كل استان قزوين > حوزه قضايي بخش بشاريات > دادگاه عمومي و انقلاب بخش بشاريات,3
28560,شوراي حل اختلاف بخش بشاريات,دادگستري كل استان قزوين > حوزه قضايي بخش بشاريات > شوراي حل اختلاف بخش بشاريات,3
00060,حوزه قضايي بخش خرمدشت,دادگستري كل استان قزوين > حوزه قضايي بخش خرمدشت,2
28197,دادگاه عمومي و انقلاب بخش خرمدشت,دادگستري كل استان قزوين > حوزه قضايي بخش خرمدشت > دادگاه عمومي و انقلاب بخش خرمدشت,3
28491,شوراي حل اختلاف بخش خرمدشت,دادگستري كل استان قزوين > حوزه قضايي بخش خرمدشت > شوراي حل اختلاف بخش خرمدشت,3
29470,حوزه قضايي بخش دشتابي,دادگستري كل استان قزوين > حوزه قضايي بخش دشتابي,2
29471,دادگاه عمومي و انقلاب بخش دشتابي,دادگستري كل استان قزوين > حوزه قضايي بخش دشتابي > دادگاه عمومي و انقلاب بخش دشتابي,3
29490,شوراي حل اختلاف بخش دشتابي,دادگستري كل استان قزوين > حوزه قضايي بخش دشتابي > شوراي حل اختلاف بخش دشتابي,3
00063,حوزه قضايي بخش رامند,دادگستري كل استان قزوين > حوزه قضايي بخش رامند,2
28200,دادگاه عمومي بخش رامند,دادگستري كل استان قزوين > حوزه قضايي بخش رامند > دادگاه عمومي بخش رامند,3
28494,شوراي حل اختلاف بخش رامند,دادگستري كل استان قزوين > حوزه قضايي بخش رامند > شوراي حل اختلاف بخش رامند,3
00065,حوزه قضايي بخش شال,دادگستري كل استان قزوين > حوزه قضايي بخش شال,2
28203,دادگاه عمومي و انقلاب بخش شال,دادگستري كل استان قزوين > حوزه قضايي بخش شال > دادگاه عمومي و انقلاب بخش شال,3
28497,شوراي حل اختلاف بخش شال,دادگستري كل استان قزوين > حوزه قضايي بخش شال > شوراي حل اختلاف بخش شال,3
00066,حوزه قضايي بخش ضياء آباد,دادگستري كل استان قزوين > حوزه قضايي بخش ضياء آباد,2
28204,دادگاه عمومي بخش ضياء آباد,دادگستري كل استان قزوين > حوزه قضايي بخش ضياء آباد > دادگاه عمومي بخش ضياء آباد,3
28498,شوراي حل اختلاف بخش ضياء آباد,دادگستري كل استان قزوين > حوزه قضايي بخش ضياء آباد > شوراي حل اختلاف بخش ضياء آباد,3
29495,حوزه قضايي بخش طارم سفلي,دادگستري كل استان قزوين > حوزه قضايي بخش طارم سفلي,2
29496,دادگاه عمومي و انقلاب بخش طارم سفلي,دادگستري كل استان قزوين > حوزه قضايي بخش طارم سفلي > دادگاه عمومي و انقلاب بخش طارم سفلي,3
29619,شوراي حل اختلاف بخش طارم سفلي,دادگستري كل استان قزوين > حوزه قضايي بخش طارم سفلي > شوراي حل اختلاف بخش طارم سفلي,3
00067,حوزه قضايي بخش كوهين,دادگستري كل استان قزوين > حوزه قضايي بخش كوهين,2
28205,دادگاه عمومي و انقلاب بخش كوهين,دادگستري كل استان قزوين > حوزه قضايي بخش كوهين > دادگاه عمومي و انقلاب بخش كوهين,3
28499,شوراي حل اختلاف بخش كوهين,دادگستري كل استان قزوين > حوزه قضايي بخش كوهين > شوراي حل اختلاف بخش كوهين,3
00056,حوزه قضايي شهرستان آبيك,دادگستري كل استان قزوين > حوزه قضايي شهرستان آبيك,2
00616,دادسراي عمومي و انقلاب شهرستان آبيك,دادگستري كل استان قزوين > حوزه قضايي شهرستان آبيك > دادسراي عمومي و انقلاب شهرستان آبيك,3
00430,دادگاه عمومي و انقلاب شهرستان آبيك,دادگستري كل استان قزوين > حوزه قضايي شهرستان آبيك > دادگاه عمومي و انقلاب شهرستان آبيك,3
28500,شوراي حل اختلاف شهرستان آبيك,دادگستري كل استان قزوين > حوزه قضايي شهرستان آبيك > شوراي حل اختلاف شهرستان آبيك,3
00069,حوزه قضايي شهرستان البرز استان قزوين,دادگستري كل استان قزوين > حوزه قضايي شهرستان البرز استان قزوين,2
28300,دادسراي عمومي و انقلاب شهرستان البرز استان قزوين,دادگستري كل استان قزوين > حوزه قضايي شهرستان البرز استان قزوين > دادسراي عمومي و انقلاب شهرستان البرز استان قزوين,3
28196,دادگاه عمومي و انقلاب شهرستان البرز استان قزوين,دادگستري كل استان قزوين > حوزه قضايي شهرستان البرز استان قزوين > دادگاه عمومي و انقلاب شهرستان البرز استان قزوين,3
28501,شوراي حل اختلاف شهرستان البرز استان قزوين,دادگستري كل استان قزوين > حوزه قضايي شهرستان البرز استان قزوين > شوراي حل اختلاف شهرستان البرز استان قزوين,3
00068,حوزه قضايي شهرستان آوج,دادگستري كل استان قزوين > حوزه قضايي شهرستان آوج,2
28206,دادگاه عمومي و انقلاب شهرستان آوج,دادگستري كل استان قزوين > حوزه قضايي شهرستان آوج > دادگاه عمومي و انقلاب شهرستان آوج,3
28493,شوراي حل اختلاف شهرستان آوج,دادگستري كل استان قزوين > حوزه قضايي شهرستان آوج > شوراي حل اختلاف شهرستان آوج,3
00059,حوزه قضايي شهرستان بوئين زهرا,دادگستري كل استان قزوين > حوزه قضايي شهرستان بوئين زهرا,2
28311,دادسراي عمومي و انقلاب شهرستان بوئين زهرا,دادگستري كل استان قزوين > حوزه قضايي شهرستان بوئين زهرا > دادسراي عمومي و انقلاب شهرستان بوئين زهرا,3
01807,دادگاه عمومي و انقلاب شهرستان بويين زهرا,دادگستري كل استان قزوين > حوزه قضايي شهرستان بوئين زهرا > دادگاه عمومي و انقلاب شهرستان بويين زهرا,3
28502,شوراي حل اختلاف شهرستان بوئين زهرا,دادگستري كل استان قزوين > حوزه قضايي شهرستان بوئين زهرا > شوراي حل اختلاف شهرستان بوئين زهرا,3
00057,حوزه قضايي شهرستان تاكستان,دادگستري كل استان قزوين > حوزه قضايي شهرستان تاكستان,2
28330,دادسراي عمومي و انقلاب شهرستان تاكستان,دادگستري كل استان قزوين > حوزه قضايي شهرستان تاكستان > دادسراي عمومي و انقلاب شهرستان تاكستان,3
00431,دادگاه عمومي و انقلاب شهرستان تاكستان,دادگستري كل استان قزوين > حوزه قضايي شهرستان تاكستان > دادگاه عمومي و انقلاب شهرستان تاكستان,3
28503,شوراي حل اختلاف شهرستان تاكستان,دادگستري كل استان قزوين > حوزه قضايي شهرستان تاكستان > شوراي حل اختلاف شهرستان تاكستان,3
00058,حوزه قضايي شهرستان قزوين,دادگستري كل استان قزوين > حوزه قضايي شهرستان قزوين,2
28160,دادسراي عمومي و انقلاب قزوين,دادگستري كل استان قزوين > حوزه قضايي شهرستان قزوين > دادسراي عمومي و انقلاب قزوين,3
28159,مجتمع دادگاههاي انقلاب دادگستري شهرستان قزوين(شعب دادسرا),دادگستري كل استان قزوين > حوزه قضايي شهرستان قزوين > دادسراي عمومي و انقلاب قزوين > مجتمع دادگاههاي انقلاب دادگستري شهرستان قزوين(شعب دادسرا),4
28100,دادگاه عمومي و انقلاب شهرستان قزوين,دادگستري كل استان قزوين > حوزه قضايي شهرستان قزوين > دادگاه عمومي و انقلاب شهرستان قزوين,3
28113,دادگاههاي عمومي و حقوقي شهرستان قزوين,دادگستري كل استان قزوين > حوزه قضايي شهرستان قزوين > دادگاه عمومي و انقلاب شهرستان قزوين > دادگاههاي عمومي و حقوقي شهرستان قزوين,4
28115,مجتمع دادگاههاي جزايي و انقلاب شهرستان قزوين,دادگستري كل استان قزوين > حوزه قضايي شهرستان قزوين > دادگاه عمومي و انقلاب شهرستان قزوين > مجتمع دادگاههاي جزايي و انقلاب شهرستان قزوين,4
29633,دادگاههاي كيفري دو  شهرستان قزوين,دادگستري كل استان قزوين > حوزه قضايي شهرستان قزوين > دادگاه عمومي و انقلاب شهرستان قزوين > مجتمع دادگاههاي جزايي و انقلاب شهرستان قزوين > دادگاههاي كيفري دو  شهرستان قزوين,5
28190,مجتمع دادگاههاي انقلاب دادگستري شهرستان قزوين(شعب دادگاه),دادگستري كل استان قزوين > حوزه قضايي شهرستان قزوين > دادگاه عمومي و انقلاب شهرستان قزوين > مجتمع دادگاههاي جزايي و انقلاب شهرستان قزوين > مجتمع دادگاههاي انقلاب دادگستري شهرستان قزوين(شعب دادگاه),5
96300,مجتمع دادگاههاي صلح شهرستان قزوين,دادگستري كل استان قزوين > حوزه قضايي شهرستان قزوين > دادگاه عمومي و انقلاب شهرستان قزوين > مجتمع دادگاههاي صلح شهرستان قزوين,4
28114,محاكم خانواده دادگستري شهرستان قزوين,دادگستري كل استان قزوين > حوزه قضايي شهرستان قزوين > دادگاه عمومي و انقلاب شهرستان قزوين > محاكم خانواده دادگستري شهرستان قزوين,4
28210,شوراي حل اختلاف شهرستان قزوين,دادگستري كل استان قزوين > حوزه قضايي شهرستان قزوين > شوراي حل اختلاف شهرستان قزوين,3
28700,شوراي حل اختلاف بخش اقباليه,دادگستري كل استان قزوين > حوزه قضايي شهرستان قزوين > شوراي حل اختلاف شهرستان قزوين > شوراي حل اختلاف بخش اقباليه,4
28690,شوراي حل اختلاف بخش محمود آباد استان قزوين,دادگستري كل استان قزوين > حوزه قضايي شهرستان قزوين > شوراي حل اختلاف شهرستان قزوين > شوراي حل اختلاف بخش محمود آباد استان قزوين,4
29750,حوزه قضايي شهرستان محمديه,دادگستري كل استان قزوين > حوزه قضايي شهرستان محمديه,2
29770,دادسراي عمومي و انقلاب شهرستان محمديه,دادگستري كل استان قزوين > حوزه قضايي شهرستان محمديه > دادسراي عمومي و انقلاب شهرستان محمديه,3
29751,دادگاه عمومي و انقلاب شهرستان محمديه,دادگستري كل استان قزوين > حوزه قضايي شهرستان محمديه > دادگاه عمومي و انقلاب شهرستان محمديه,3
29753,شوراي حل اختلاف شهرستان محمديه,دادگستري كل استان قزوين > حوزه قضايي شهرستان محمديه > شوراي حل اختلاف شهرستان محمديه,3
29795,شوراي حل اختلاف بخش بيدستان,دادگستري كل استان قزوين > حوزه قضايي شهرستان محمديه > شوراي حل اختلاف شهرستان محمديه > شوراي حل اختلاف بخش بيدستان,4
29796,شوراي حل اختلاف بخش شريفيه استان قزوين,دادگستري كل استان قزوين > حوزه قضايي شهرستان محمديه > شوراي حل اختلاف شهرستان محمديه > شوراي حل اختلاف بخش شريفيه استان قزوين,4
00178,مجتمع دادگاههاي تجديدنظر استان قزوين,دادگستري كل استان قزوين > مجتمع دادگاههاي تجديدنظر استان قزوين,2
25000,دادگستري كل استان قم,دادگستري كل استان قم,1
00940,حوزه قضايي بخش خلجستان,دادگستري كل استان قم > حوزه قضايي بخش خلجستان,2
25400,دادگاه عمومي و انقلاب بخش خلجستان,دادگستري كل استان قم > حوزه قضايي بخش خلجستان > دادگاه عمومي و انقلاب بخش خلجستان,3
25740,شوراي حل اختلاف بخش خلجستان,دادگستري كل استان قم > حوزه قضايي بخش خلجستان > شوراي حل اختلاف بخش خلجستان,3
25752,حوزه قضايي بخش سلفچگان,دادگستري كل استان قم > حوزه قضايي بخش سلفچگان,2
25753,دادگاه عمومي و انقلاب بخش سلفچگان,دادگستري كل استان قم > حوزه قضايي بخش سلفچگان > دادگاه عمومي و انقلاب بخش سلفچگان,3
25759,شوراي حل اختلاف بخش سلفچگان,دادگستري كل استان قم > حوزه قضايي بخش سلفچگان > دادگاه عمومي و انقلاب بخش سلفچگان > شوراي حل اختلاف بخش سلفچگان,4
00938,حوزه قضايي شهرستان جعفرآباد,دادگستري كل استان قم > حوزه قضايي شهرستان جعفرآباد,2
25300,دادگاه عمومي و انقلاب شهرستان جعفرآباد,دادگستري كل استان قم > حوزه قضايي شهرستان جعفرآباد > دادگاه عمومي و انقلاب شهرستان جعفرآباد,3
25760,شوراي حل اختلاف شهرستان جعفرآباد,دادگستري كل استان قم > حوزه قضايي شهرستان جعفرآباد > شوراي حل اختلاف شهرستان جعفرآباد,3
00937,حوزه قضايي شهرستان قم,دادگستري كل استان قم > حوزه قضايي شهرستان قم,2
25002,دادسراي عمومي و انقلاب شهرستان قم,دادگستري كل استان قم > حوزه قضايي شهرستان قم > دادسراي عمومي و انقلاب شهرستان قم,3
25676,دادسراي عمومي و انقلاب ناحيه شماره 1 شهرستان قم,دادگستري كل استان قم > حوزه قضايي شهرستان قم > دادسراي عمومي و انقلاب شهرستان قم > دادسراي عمومي و انقلاب ناحيه شماره 1 شهرستان قم,4
25330,دادسراي عمومي و انقلاب ناحيه شماره 2 شهرستان قم,دادگستري كل استان قم > حوزه قضايي شهرستان قم > دادسراي عمومي و انقلاب شهرستان قم > دادسراي عمومي و انقلاب ناحيه شماره 2 شهرستان قم,4
25140,مجتمع قضايي دادسراي انقلاب اسلامي شهرستان قم,دادگستري كل استان قم > حوزه قضايي شهرستان قم > دادسراي عمومي و انقلاب شهرستان قم > مجتمع قضايي دادسراي انقلاب اسلامي شهرستان قم,4
25810,مجتمع قضايي دادسراي رسيدگي به جرايم رايانه اي شهرستان قم,دادگستري كل استان قم > حوزه قضايي شهرستان قم > دادسراي عمومي و انقلاب شهرستان قم > مجتمع قضايي دادسراي رسيدگي به جرايم رايانه اي شهرستان قم,4
25010,مجتمع قضايي دادسراي مركزي شهرستان قم,دادگستري كل استان قم > حوزه قضايي شهرستان قم > دادسراي عمومي و انقلاب شهرستان قم > مجتمع قضايي دادسراي مركزي شهرستان قم,4
25001,دادگاه عمومي و انقلاب شهرستان قم,دادگستري كل استان قم > حوزه قضايي شهرستان قم > دادگاه عمومي و انقلاب شهرستان قم,3
25790,مجتمع قضايي دادگاه هاي صلح شهرستان قم,دادگستري كل استان قم > حوزه قضايي شهرستان قم > دادگاه عمومي و انقلاب شهرستان قم > مجتمع قضايي دادگاه هاي صلح شهرستان قم,4
25005,مجتمع قضايي دادگاههاي انقلاب اسلامي شهرستان قم,دادگستري كل استان قم > حوزه قضايي شهرستان قم > دادگاه عمومي و انقلاب شهرستان قم > مجتمع قضايي دادگاههاي انقلاب اسلامي شهرستان قم,4
25100,مجتمع قضايي دادگاههاي حقوقي و جزايي شهرستان قم,دادگستري كل استان قم > حوزه قضايي شهرستان قم > دادگاه عمومي و انقلاب شهرستان قم > مجتمع قضايي دادگاههاي حقوقي و جزايي شهرستان قم,4
25048,مجتمع قضايي دادگاه هاي كيفري دو شهرستان قم,دادگستري كل استان قم > حوزه قضايي شهرستان قم > دادگاه عمومي و انقلاب شهرستان قم > مجتمع قضايي دادگاههاي حقوقي و جزايي شهرستان قم > مجتمع قضايي دادگاه هاي كيفري دو شهرستان قم,5
25047,مجتمع قضايي دادگاههاي حقوقي شهرستان قم,دادگستري كل استان قم > حوزه قضايي شهرستان قم > دادگاه عمومي و انقلاب شهرستان قم > مجتمع قضايي دادگاههاي حقوقي و جزايي شهرستان قم > مجتمع قضايي دادگاههاي حقوقي شهرستان قم,5
25695,مجتمع قضايي شهيد قدوسي شهرستان قم,دادگستري كل استان قم > حوزه قضايي شهرستان قم > دادگاه عمومي و انقلاب شهرستان قم > مجتمع قضايي شهيد قدوسي شهرستان قم,4
25150,مجتمع قضايي دادگاه هاي خانواده شهرستان قم,دادگستري كل استان قم > حوزه قضايي شهرستان قم > دادگاه عمومي و انقلاب شهرستان قم > مجتمع قضايي شهيد قدوسي شهرستان قم > مجتمع قضايي دادگاه هاي خانواده شهرستان قم,5
25200,شوراي حل اختلاف شهرستان قم,دادگستري كل استان قم > حوزه قضايي شهرستان قم > شوراي حل اختلاف شهرستان قم,3
25730,شعب كيفري شوراي حل اختلاف شهرستان قم,دادگستري كل استان قم > حوزه قضايي شهرستان قم > شوراي حل اختلاف شهرستان قم > شعب كيفري شوراي حل اختلاف شهرستان قم,4
25732,مجتمع شهيد بهشتي (ره) شوراي حل اختلاف شهرستان قم,دادگستري كل استان قم > حوزه قضايي شهرستان قم > شوراي حل اختلاف شهرستان قم > شعب كيفري شوراي حل اختلاف شهرستان قم > مجتمع شهيد بهشتي (ره) شوراي حل اختلاف شهرستان قم,5
25734,مجتمع شوراي حل اختلاف شماره 2 شهرستان قم,دادگستري كل استان قم > حوزه قضايي شهرستان قم > شوراي حل اختلاف شهرستان قم > شعب كيفري شوراي حل اختلاف شهرستان قم > مجتمع شوراي حل اختلاف شماره 2 شهرستان قم,5
25731,مجتمع شوراي حل اختلاف شماره 7 شهرستان قم,دادگستري كل استان قم > حوزه قضايي شهرستان قم > شوراي حل اختلاف شهرستان قم > شعب كيفري شوراي حل اختلاف شهرستان قم > مجتمع شوراي حل اختلاف شماره 7 شهرستان قم,5
25735,مجتمع شوراي حل اختلاف شماره 8 شهرستان قم,دادگستري كل استان قم > حوزه قضايي شهرستان قم > شوراي حل اختلاف شهرستان قم > شعب كيفري شوراي حل اختلاف شهرستان قم > مجتمع شوراي حل اختلاف شماره 8 شهرستان قم,5
25395,مجتمع اصناف و ادارات شوراي حل اختلاف شهرستان قم,دادگستري كل استان قم > حوزه قضايي شهرستان قم > شوراي حل اختلاف شهرستان قم > مجتمع اصناف و ادارات شوراي حل اختلاف شهرستان قم,4
25250,مجتمع حقوقي شوراي حل اختلاف شهرستان قم,دادگستري كل استان قم > حوزه قضايي شهرستان قم > شوراي حل اختلاف شهرستان قم > مجتمع حقوقي شوراي حل اختلاف شهرستان قم,4
25380,مجتمع خانواده شوراي حل اختلاف شهرستان قم,دادگستري كل استان قم > حوزه قضايي شهرستان قم > شوراي حل اختلاف شهرستان قم > مجتمع خانواده شوراي حل اختلاف شهرستان قم,4
25788,مجتمع شوراي حل اختلاف شماره 3 شهرستان قم,دادگستري كل استان قم > حوزه قضايي شهرستان قم > شوراي حل اختلاف شهرستان قم > مجتمع شوراي حل اختلاف شماره 3 شهرستان قم,4
25789,مجتمع شوراي حل اختلاف شماره 4 شهرستان قم,دادگستري كل استان قم > حوزه قضايي شهرستان قم > شوراي حل اختلاف شهرستان قم > مجتمع شوراي حل اختلاف شماره 4 شهرستان قم,4
25736,مجتمع شوراي حل اختلاف شماره 5 شهرستان قم,دادگستري كل استان قم > حوزه قضايي شهرستان قم > شوراي حل اختلاف شهرستان قم > مجتمع شوراي حل اختلاف شماره 5 شهرستان قم,4
25729,مجتمع صلحي حقوقي شوراي حل اختلاف شهرستان قم,دادگستري كل استان قم > حوزه قضايي شهرستان قم > شوراي حل اختلاف شهرستان قم > مجتمع صلحي حقوقي شوراي حل اختلاف شهرستان قم,4
00939,حوزه قضايي شهرستان كهك,دادگستري كل استان قم > حوزه قضايي شهرستان كهك,2
25351,دادسراي عمومي و انقلاب شهرستان كهك,دادگستري كل استان قم > حوزه قضايي شهرستان كهك > دادسراي عمومي و انقلاب شهرستان كهك,3
25350,دادگاه عمومي و انقلاب شهرستان كهك,دادگستري كل استان قم > حوزه قضايي شهرستان كهك > دادگاه عمومي و انقلاب شهرستان كهك,3
25750,شوراي حل اختلاف شهرستان كهك,دادگستري كل استان قم > حوزه قضايي شهرستان كهك > شوراي حل اختلاف شهرستان كهك,3
25180,مجتمع قضايي دادگاه هاي تجديدنظر استان قم,دادگستري كل استان قم > مجتمع قضايي دادگاه هاي تجديدنظر استان قم,2
25690,مجتمع قضايي دادگاههاي كيفري يك استان قم,دادگستري كل استان قم > مجتمع قضايي دادگاههاي كيفري يك استان قم,2
00254,دادگستري كل استان كردستان,دادگستري كل استان كردستان,1
89940,حوزه قضايي بخش اورامان,دادگستري كل استان كردستان > حوزه قضايي بخش اورامان,2
89941,دادگاه عمومي و انقلاب بخش اورامان,دادگستري كل استان كردستان > حوزه قضايي بخش اورامان > دادگاه عمومي و انقلاب بخش اورامان,3
89930,حوزه قضايي بخش حسين آباد,دادگستري كل استان كردستان > حوزه قضايي بخش حسين آباد,2
89931,دادگاه عمومي و انقلاب بخش حسين آباد,دادگستري كل استان كردستان > حوزه قضايي بخش حسين آباد > دادگاه عمومي و انقلاب بخش حسين آباد,3
87470,حوزه قضايي بخش سريش آباد,دادگستري كل استان كردستان > حوزه قضايي بخش سريش آباد,2
87471,دادگاه عمومي و انقلاب بخش سريش آباد,دادگستري كل استان كردستان > حوزه قضايي بخش سريش آباد > دادگاه عمومي و انقلاب بخش سريش آباد,3
08890,شوراي حل اختلاف بخش سريش آباد,دادگستري كل استان كردستان > حوزه قضايي بخش سريش آباد > شوراي حل اختلاف بخش سريش آباد,3
87500,حوزه قضايي بخش كراني,دادگستري كل استان كردستان > حوزه قضايي بخش كراني,2
87501,دادگاه عمومي و انقلاب بخش كراني,دادگستري كل استان كردستان > حوزه قضايي بخش كراني > دادگاه عمومي و انقلاب بخش كراني,3
89200,شوراي حل اختلاف بخش كراني,دادگستري كل استان كردستان > حوزه قضايي بخش كراني > شوراي حل اختلاف بخش كراني,3
89950,حوزه قضايي بخش كرفتو,دادگستري كل استان كردستان > حوزه قضايي بخش كرفتو,2
89951,دادگاه عمومي و انقلاب بخش كرفتو,دادگستري كل استان كردستان > حوزه قضايي بخش كرفتو > دادگاه عمومي و انقلاب بخش كرفتو,3
87650,حوزه قضايي بخش كلاترزان,دادگستري كل استان كردستان > حوزه قضايي بخش كلاترزان,2
87651,دادگاه عمومي و انقلاب بخش كلاترزان,دادگستري كل استان كردستان > حوزه قضايي بخش كلاترزان > دادگاه عمومي و انقلاب بخش كلاترزان,3
87670,شوراي حل اختلاف بخش كلاترزان,دادگستري كل استان كردستان > حوزه قضايي بخش كلاترزان > شوراي حل اختلاف بخش كلاترزان,3
00925,حوزه قضايي بخش موچش,دادگستري كل استان كردستان > حوزه قضايي بخش موچش,2
87201,دادگاه عمومي و انقلاب بخش موچش,دادگستري كل استان كردستان > حوزه قضايي بخش موچش > دادگاه عمومي و انقلاب بخش موچش,3
89580,شوراي حل اختلاف بخش موچش,دادگستري كل استان كردستان > حوزه قضايي بخش موچش > شوراي حل اختلاف بخش موچش,3
00916,حوزه قضايي شهرستان بانه,دادگستري كل استان كردستان > حوزه قضايي شهرستان بانه,2
87320,دادسراي عمومي و انقلاب شهرستان بانه,دادگستري كل استان كردستان > حوزه قضايي شهرستان بانه > دادسراي عمومي و انقلاب شهرستان بانه,3
00433,دادگاه عمومي و انقلاب شهرستان بانه,دادگستري كل استان كردستان > حوزه قضايي شهرستان بانه > دادگاه عمومي و انقلاب شهرستان بانه,3
88022,شوراي حل اختلاف شهرستان بانه,دادگستري كل استان كردستان > حوزه قضايي شهرستان بانه > شوراي حل اختلاف شهرستان بانه,3
00921,حوزه قضايي شهرستان بيجار,دادگستري كل استان كردستان > حوزه قضايي شهرستان بيجار,2
87230,دادسراي عمومي و انقلاب شهرستان بيجار,دادگستري كل استان كردستان > حوزه قضايي شهرستان بيجار > دادسراي عمومي و انقلاب شهرستان بيجار,3
00438,دادگاه عمومي و انقلاب شهرستان بيجار,دادگستري كل استان كردستان > حوزه قضايي شهرستان بيجار > دادگاه عمومي و انقلاب شهرستان بيجار,3
87690,شوراي حل اختلاف شهرستان بيجار,دادگستري كل استان كردستان > حوزه قضايي شهرستان بيجار > شوراي حل اختلاف شهرستان بيجار,3
00924,حوزه قضايي شهرستان دهگلان,دادگستري كل استان كردستان > حوزه قضايي شهرستان دهگلان,2
87450,دادسراي عمومي و انقلاب شهرستان دهگلان,دادگستري كل استان كردستان > حوزه قضايي شهرستان دهگلان > دادسراي عمومي و انقلاب شهرستان دهگلان,3
87200,دادگاه عمومي و انقلاب شهرستان دهگلان,دادگستري كل استان كردستان > حوزه قضايي شهرستان دهگلان > دادگاه عمومي و انقلاب شهرستان دهگلان,3
87680,شوراي حل اختلاف شهرستان دهگلان,دادگستري كل استان كردستان > حوزه قضايي شهرستان دهگلان > شوراي حل اختلاف شهرستان دهگلان,3
00922,حوزه قضايي شهرستان ديواندره,دادگستري كل استان كردستان > حوزه قضايي شهرستان ديواندره,2
87260,دادسراي عمومي و انقلاب شهرستان ديواندره,دادگستري كل استان كردستان > حوزه قضايي شهرستان ديواندره > دادسراي عمومي و انقلاب شهرستان ديواندره,3
00439,دادگاه عمومي و انقلاب شهرستان ديواندره,دادگستري كل استان كردستان > حوزه قضايي شهرستان ديواندره > دادگاه عمومي و انقلاب شهرستان ديواندره,3
89550,شوراي حل اختلاف شهرستان ديواندره,دادگستري كل استان كردستان > حوزه قضايي شهرستان ديواندره > شوراي حل اختلاف شهرستان ديواندره,3
00919,حوزه قضايي شهرستان سروآباد,دادگستري كل استان كردستان > حوزه قضايي شهرستان سروآباد,2
87430,دادسراي عمومي و انقلاب شهرستان سروآباد,دادگستري كل استان كردستان > حوزه قضايي شهرستان سروآباد > دادسراي عمومي و انقلاب شهرستان سروآباد,3
00436,دادگاه عمومي و انقلاب شهرستان سروآباد,دادگستري كل استان كردستان > حوزه قضايي شهرستان سروآباد > دادگاه عمومي و انقلاب شهرستان سروآباد,3
87660,شوراي حل اختلاف شهرستان سروآباد,دادگستري كل استان كردستان > حوزه قضايي شهرستان سروآباد > شوراي حل اختلاف شهرستان سروآباد,3
00917,حوزه قضايي شهرستان سقز,دادگستري كل استان كردستان > حوزه قضايي شهرستان سقز,2
87400,دادسراي عمومي و انقلاب شهرستان سقز,دادگستري كل استان كردستان > حوزه قضايي شهرستان سقز > دادسراي عمومي و انقلاب شهرستان سقز,3
00434,دادگاه عمومي و انقلاب شهرستان سقز,دادگستري كل استان كردستان > حوزه قضايي شهرستان سقز > دادگاه عمومي و انقلاب شهرستان سقز,3
87970,شوراي حل اختلاف شهرستان سقز,دادگستري كل استان كردستان > حوزه قضايي شهرستان سقز > شوراي حل اختلاف شهرستان سقز,3
00915,حوزه قضايي شهرستان سنندج,دادگستري كل استان كردستان > حوزه قضايي شهرستان سنندج,2
87128,دادسراي عمومي و انقلاب شهرستان سنندج,دادگستري كل استان كردستان > حوزه قضايي شهرستان سنندج > دادسراي عمومي و انقلاب شهرستان سنندج,3
87129,مجتمع قضايي شهرستان سنندج(شعب دادسرا),دادگستري كل استان كردستان > حوزه قضايي شهرستان سنندج > دادسراي عمومي و انقلاب شهرستان سنندج > مجتمع قضايي شهرستان سنندج(شعب دادسرا),4
87100,دادگاه عمومي و انقلاب شهرستان سنندج,دادگستري كل استان كردستان > حوزه قضايي شهرستان سنندج > دادگاه عمومي و انقلاب شهرستان سنندج,3
87101,مجتمع قضايي شهرستان سنندج(شعب دادگاه),دادگستري كل استان كردستان > حوزه قضايي شهرستان سنندج > دادگاه عمومي و انقلاب شهرستان سنندج > مجتمع قضايي شهرستان سنندج(شعب دادگاه),4
87520,شوراي حل اختلاف شهرستان سنندج,دادگستري كل استان كردستان > حوزه قضايي شهرستان سنندج > شوراي حل اختلاف شهرستان سنندج,3
00920,حوزه قضايي شهرستان قروه,دادگستري كل استان كردستان > حوزه قضايي شهرستان قروه,2
87340,دادسراي عمومي و انقلاب شهرستان قروه,دادگستري كل استان كردستان > حوزه قضايي شهرستان قروه > دادسراي عمومي و انقلاب شهرستان قروه,3
00437,دادگاه عمومي و انقلاب شهرستان قروه,دادگستري كل استان كردستان > حوزه قضايي شهرستان قروه > دادگاه عمومي و انقلاب شهرستان قروه,3
87645,شوراي حل اختلاف شهرستان قروه,دادگستري كل استان كردستان > حوزه قضايي شهرستان قروه > شوراي حل اختلاف شهرستان قروه,3
00918,حوزه قضايي شهرستان كامياران,دادگستري كل استان كردستان > حوزه قضايي شهرستان كامياران,2
87365,دادسراي عمومي و انقلاب شهرستان كامياران,دادگستري كل استان كردستان > حوزه قضايي شهرستان كامياران > دادسراي عمومي و انقلاب شهرستان كامياران,3
00435,دادگاه عمومي و انقلاب شهرستان كامياران,دادگستري كل استان كردستان > حوزه قضايي شهرستان كامياران > دادگاه عمومي و انقلاب شهرستان كامياران,3
87394,شوراي حل اختلاف شهرستان كامياران,دادگستري كل استان كردستان > حوزه قضايي شهرستان كامياران > شوراي حل اختلاف شهرستان كامياران,3
00923,حوزه قضايي شهرستان مريوان,دادگستري كل استان كردستان > حوزه قضايي شهرستان مريوان,2
87285,دادسراي عمومي و انقلاب شهرستان مريوان,دادگستري كل استان كردستان > حوزه قضايي شهرستان مريوان > دادسراي عمومي و انقلاب شهرستان مريوان,3
00440,دادگاه عمومي و انقلاب شهرستان مريوان,دادگستري كل استان كردستان > حوزه قضايي شهرستان مريوان > دادگاه عمومي و انقلاب شهرستان مريوان,3
88000,شوراي حل اختلاف شهرستان مريوان,دادگستري كل استان كردستان > حوزه قضايي شهرستان مريوان > شوراي حل اختلاف شهرستان مريوان,3
87162,مجتمع دادگاههاي تجديدنظر استان كردستان,دادگستري كل استان كردستان > مجتمع دادگاههاي تجديدنظر استان كردستان,2
00244,دادگستري كل استان كرمان,دادگستري كل استان كرمان,1
39170,حوزه قضايي بخش اسماعيلي,دادگستري كل استان كرمان > حوزه قضايي بخش اسماعيلي,2
39171,دادگاه عمومي و انقلاب بخش اسماعيلي,دادگستري كل استان كرمان > حوزه قضايي بخش اسماعيلي > دادگاه عمومي و انقلاب بخش اسماعيلي,3
39176,شوراي حل اختلاف بخش اسماعيلي,دادگستري كل استان كرمان > حوزه قضايي بخش اسماعيلي > شوراي حل اختلاف بخش اسماعيلي,3
39000,حوزه قضايي بخش بروات,دادگستري كل استان كرمان > حوزه قضايي بخش بروات,2
39001,دادگاه عمومي و انقلاب بخش بروات,دادگستري كل استان كرمان > حوزه قضايي بخش بروات > دادگاه عمومي و انقلاب بخش بروات,3
39040,شوراي حل اختلاف بروات,دادگستري كل استان كرمان > حوزه قضايي بخش بروات > شوراي حل اختلاف بروات,3
38660,حوزه قضايي بخش راين,دادگستري كل استان كرمان > حوزه قضايي بخش راين,2
38661,دادگاه عمومي و انقلاب بخش راين,دادگستري كل استان كرمان > حوزه قضايي بخش راين > دادگاه عمومي و انقلاب بخش راين,3
38980,شوراي حل اختلاف راين,دادگستري كل استان كرمان > حوزه قضايي بخش راين > شوراي حل اختلاف راين,3
39160,حوزه قضايي بخش روداب,دادگستري كل استان كرمان > حوزه قضايي بخش روداب,2
39161,دادگاه عمومي و انقلاب بخش روداب,دادگستري كل استان كرمان > حوزه قضايي بخش روداب > دادگاه عمومي و انقلاب بخش روداب,3
39166,شوراي حل اختلاف بخش روداب,دادگستري كل استان كرمان > حوزه قضايي بخش روداب > شوراي حل اختلاف بخش روداب,3
34810,حوزه قضايي بخش ساردوئيه,دادگستري كل استان كرمان > حوزه قضايي بخش ساردوئيه,2
34811,دادگاه عمومي و انقلاب بخش ساردوئيه,دادگستري كل استان كرمان > حوزه قضايي بخش ساردوئيه > دادگاه عمومي و انقلاب بخش ساردوئيه,3
39070,شوراي حل اختلاف بخش ساردوئيه,دادگستري كل استان كرمان > حوزه قضايي بخش ساردوئيه > شوراي حل اختلاف بخش ساردوئيه,3
34550,حوزه قضايي بخش شهداد,دادگستري كل استان كرمان > حوزه قضايي بخش شهداد,2
34551,دادگاه عمومي و انقلاب بخش شهداد,دادگستري كل استان كرمان > حوزه قضايي بخش شهداد > دادگاه عمومي و انقلاب بخش شهداد,3
38780,شوراي حل اختلاف بخش شهداد,دادگستري كل استان كرمان > حوزه قضايي بخش شهداد > شوراي حل اختلاف بخش شهداد,3
39090,حوزه قضايي بخش فردوس استان كرمان,دادگستري كل استان كرمان > حوزه قضايي بخش فردوس استان كرمان,2
39091,دادگاه عمومي و انقلاب بخش فردوس استان كرمان,دادگستري كل استان كرمان > حوزه قضايي بخش فردوس استان كرمان > دادگاه عمومي و انقلاب بخش فردوس استان كرمان,3
39110,شوراي حل اختلاف بخش فردوس استان كرمان,دادگستري كل استان كرمان > حوزه قضايي بخش فردوس استان كرمان > شوراي حل اختلاف بخش فردوس استان كرمان,3
39080,حوزه قضايي بخش كشكوئيه,دادگستري كل استان كرمان > حوزه قضايي بخش كشكوئيه,2
39081,دادگاه عمومي و انقلاب بخش كشكوئيه,دادگستري كل استان كرمان > حوزه قضايي بخش كشكوئيه > دادگاه عمومي و انقلاب بخش كشكوئيه,3
39083,شوراي حل اختلاف بخش كشكوئيه,دادگستري كل استان كرمان > حوزه قضايي بخش كشكوئيه > شوراي حل اختلاف بخش كشكوئيه,3
34570,حوزه قضايي بخش گلباف,دادگستري كل استان كرمان > حوزه قضايي بخش گلباف,2
34571,دادگاه عمومي و انقلاب بخش گلباف,دادگستري كل استان كرمان > حوزه قضايي بخش گلباف > دادگاه عمومي و انقلاب بخش گلباف,3
38950,شوراي حل اختلاف گلباف,دادگستري كل استان كرمان > حوزه قضايي بخش گلباف > شوراي حل اختلاف گلباف,3
00743,حوزه قضايي بخش ماهان,دادگستري كل استان كرمان > حوزه قضايي بخش ماهان,2
34201,دادسراي عمومي و انقلاب بخش ماهان,دادگستري كل استان كرمان > حوزه قضايي بخش ماهان > دادسراي عمومي و انقلاب بخش ماهان,3
34202,دادگاه عمومي و انقلاب بخش ماهان,دادگستري كل استان كرمان > حوزه قضايي بخش ماهان > دادگاه عمومي و انقلاب بخش ماهان,3
38820,شوراي حل اختلاف بخش ماهان,دادگستري كل استان كرمان > حوزه قضايي بخش ماهان > شوراي حل اختلاف بخش ماهان,3
39142,حوزه قضايي بخش نوق,دادگستري كل استان كرمان > حوزه قضايي بخش نوق,2
39143,دادگاه عمومي و انقلاب بخش نوق,دادگستري كل استان كرمان > حوزه قضايي بخش نوق > دادگاه عمومي و انقلاب بخش نوق,3
39152,شوراي حل اختلاف بخش نوق,دادگستري كل استان كرمان > حوزه قضايي بخش نوق > شوراي حل اختلاف بخش نوق,3
34610,حوزه قضايي شهرستان ارزوئيه,دادگستري كل استان كرمان > حوزه قضايي شهرستان ارزوئيه,2
34611,دادگاه عمومي و انقلاب شهرستان ارزوئيه,دادگستري كل استان كرمان > حوزه قضايي شهرستان ارزوئيه > دادگاه عمومي و انقلاب شهرستان ارزوئيه,3
38790,شوراي حل اختلاف شهرستان ارزوئيه,دادگستري كل استان كرمان > حوزه قضايي شهرستان ارزوئيه > شوراي حل اختلاف شهرستان ارزوئيه,3
34590,حوزه قضايي شهرستان انار,دادگستري كل استان كرمان > حوزه قضايي شهرستان انار,2
34592,دادسراي عمومي و انقلاب شهرستان انار,دادگستري كل استان كرمان > حوزه قضايي شهرستان انار > دادسراي عمومي و انقلاب شهرستان انار,3
34591,دادگاه عمومي و انقلاب شهرستان انار,دادگستري كل استان كرمان > حوزه قضايي شهرستان انار > دادگاه عمومي و انقلاب شهرستان انار,3
34950,شوراي حل اختلاف شهرستان انار,دادگستري كل استان كرمان > حوزه قضايي شهرستان انار > شوراي حل اختلاف شهرستان انار,3
00741,حوزه قضايي شهرستان بافت,دادگستري كل استان كرمان > حوزه قضايي شهرستان بافت,2
34700,دادسراي عمومي و انقلاب شهرستان بافت,دادگستري كل استان كرمان > حوزه قضايي شهرستان بافت > دادسراي عمومي و انقلاب شهرستان بافت,3
00489,دادگاه عمومي و انقلاب شهرستان بافت,دادگستري كل استان كرمان > حوزه قضايي شهرستان بافت > دادگاه عمومي و انقلاب شهرستان بافت,3
34940,شوراي حل اختلاف شهرستان بافت,دادگستري كل استان كرمان > حوزه قضايي شهرستان بافت > شوراي حل اختلاف شهرستان بافت,3
00731,حوزه قضايي شهرستان بردسير,دادگستري كل استان كرمان > حوزه قضايي شهرستان بردسير,2
34350,دادسراي عمومي و انقلاب شهرستان بردسير,دادگستري كل استان كرمان > حوزه قضايي شهرستان بردسير > دادسراي عمومي و انقلاب شهرستان بردسير,3
00479,دادگاه عمومي و انقلاب شهرستان بردسير,دادگستري كل استان كرمان > حوزه قضايي شهرستان بردسير > دادگاه عمومي و انقلاب شهرستان بردسير,3
34890,شوراي حل اختلاف شهرستان بردسير,دادگستري كل استان كرمان > حوزه قضايي شهرستان بردسير > شوراي حل اختلاف شهرستان بردسير,3
00736,حوزه قضايي شهرستان بم,دادگستري كل استان كرمان > حوزه قضايي شهرستان بم,2
34290,دادسراي عمومي و انقلاب شهرستان بم,دادگستري كل استان كرمان > حوزه قضايي شهرستان بم > دادسراي عمومي و انقلاب شهرستان بم,3
00484,دادگاه عمومي و انقلاب شهرستان بم,دادگستري كل استان كرمان > حوزه قضايي شهرستان بم > دادگاه عمومي و انقلاب شهرستان بم,3
34870,شوراي حل اختلاف شهرستان بم,دادگستري كل استان كرمان > حوزه قضايي شهرستان بم > شوراي حل اختلاف شهرستان بم,3
38830,حوزه قضايي شهرستان جازموريان,دادگستري كل استان كرمان > حوزه قضايي شهرستان جازموريان,2
38831,دادگاه عمومي و انقلاب شهرستان جازموريان,دادگستري كل استان كرمان > حوزه قضايي شهرستان جازموريان > دادگاه عمومي و انقلاب شهرستان جازموريان,3
39020,شوراي حل اختلاف جازموريان,دادگستري كل استان كرمان > حوزه قضايي شهرستان جازموريان > شوراي حل اختلاف جازموريان,3
00737,حوزه قضايي شهرستان جيرفت,دادگستري كل استان كرمان > حوزه قضايي شهرستان جيرفت,2
34238,دادسراي عمومي و انقلاب شهرستان جيرفت,دادگستري كل استان كرمان > حوزه قضايي شهرستان جيرفت > دادسراي عمومي و انقلاب شهرستان جيرفت,3
00485,دادگاه عمومي و انقلاب شهرستان جيرفت,دادگستري كل استان كرمان > حوزه قضايي شهرستان جيرفت > دادگاه عمومي و انقلاب شهرستان جيرفت,3
34900,شوراي حل اختلاف شهرستان جيرفت,دادگستري كل استان كرمان > حوزه قضايي شهرستان جيرفت > شوراي حل اختلاف شهرستان جيرفت,3
34530,حوزه قضايي شهرستان رابر,دادگستري كل استان كرمان > حوزه قضايي شهرستان رابر,2
34531,دادگاه عمومي و انقلاب شهرستان رابر,دادگستري كل استان كرمان > حوزه قضايي شهرستان رابر > دادگاه عمومي و انقلاب شهرستان رابر,3
38960,شوراي حل اختلاف رابر,دادگستري كل استان كرمان > حوزه قضايي شهرستان رابر > شوراي حل اختلاف رابر,3
00730,حوزه قضايي شهرستان راور,دادگستري كل استان كرمان > حوزه قضايي شهرستان راور,2
34440,دادسراي عمومي و انقلاب شهرستان راور,دادگستري كل استان كرمان > حوزه قضايي شهرستان راور > دادسراي عمومي و انقلاب شهرستان راور,3
00478,دادگاه عمومي و انقلاب شهرستان راور,دادگستري كل استان كرمان > حوزه قضايي شهرستان راور > دادگاه عمومي و انقلاب شهرستان راور,3
34490,شوراي حل اختلاف شهرستان راور,دادگستري كل استان كرمان > حوزه قضايي شهرستان راور > شوراي حل اختلاف شهرستان راور,3
00739,حوزه قضايي شهرستان رفسنجان,دادگستري كل استان كرمان > حوزه قضايي شهرستان رفسنجان,2
34270,دادسراي عمومي و انقلاب شهرستان رفسنجان,دادگستري كل استان كرمان > حوزه قضايي شهرستان رفسنجان > دادسراي عمومي و انقلاب شهرستان رفسنجان,3
00486,دادگاه عمومي و انقلاب شهرستان رفسنجان,دادگستري كل استان كرمان > حوزه قضايي شهرستان رفسنجان > دادگاه عمومي و انقلاب شهرستان رفسنجان,3
34920,شوراي حل اختلاف شهرستان رفسنجان,دادگستري كل استان كرمان > حوزه قضايي شهرستان رفسنجان > شوراي حل اختلاف شهرستان رفسنجان,3
34830,حوزه قضايي شهرستان رودبارجنوب,دادگستري كل استان كرمان > حوزه قضايي شهرستان رودبارجنوب,2
34831,دادسراي عمومي و انقلاب شهرستان رودبارجنوب,دادگستري كل استان كرمان > حوزه قضايي شهرستان رودبارجنوب > دادسراي عمومي و انقلاب شهرستان رودبارجنوب,3
34840,دادگاه عمومي و انقلاب شهرستان رودبارجنوب,دادگستري كل استان كرمان > حوزه قضايي شهرستان رودبارجنوب > دادگاه عمومي و انقلاب شهرستان رودبارجنوب,3
38870,شوراي حل اختلاف شهرستان رودبارجنوب,دادگستري كل استان كرمان > حوزه قضايي شهرستان رودبارجنوب > شوراي حل اختلاف شهرستان رودبارجنوب,3
34510,حوزه قضايي شهرستان ريگان,دادگستري كل استان كرمان > حوزه قضايي شهرستان ريگان,2
34514,دادسراي عمومي و انقلاب شهرستان ريگان,دادگستري كل استان كرمان > حوزه قضايي شهرستان ريگان > دادسراي عمومي و انقلاب شهرستان ريگان,3
34511,دادگاه عمومي و انقلاب شهرستان ريگان,دادگستري كل استان كرمان > حوزه قضايي شهرستان ريگان > دادگاه عمومي و انقلاب شهرستان ريگان,3
38920,شوراي حل اختلاف شهرستان ريگان,دادگستري كل استان كرمان > حوزه قضايي شهرستان ريگان > شوراي حل اختلاف شهرستان ريگان,3
00740,حوزه قضايي شهرستان زرند,دادگستري كل استان كرمان > حوزه قضايي شهرستان زرند,2
34370,دادسراي عمومي و انقلاب شهرستان زرند,دادگستري كل استان كرمان > حوزه قضايي شهرستان زرند > دادسراي عمومي و انقلاب شهرستان زرند,3
00487,دادگاه عمومي و انقلاب شهرستان زرند,دادگستري كل استان كرمان > حوزه قضايي شهرستان زرند > دادگاه عمومي و انقلاب شهرستان زرند,3
38600,شوراي حل اختلاف شهرستان زرند,دادگستري كل استان كرمان > حوزه قضايي شهرستان زرند > شوراي حل اختلاف شهرستان زرند,3
00729,حوزه قضايي شهرستان سيرجان,دادگستري كل استان كرمان > حوزه قضايي شهرستان سيرجان,2
34310,دادسراي عمومي و انقلاب شهرستان سيرجان,دادگستري كل استان كرمان > حوزه قضايي شهرستان سيرجان > دادسراي عمومي و انقلاب شهرستان سيرجان,3
00194,دادگاه عمومي و انقلاب شهرستان سيرجان,دادگستري كل استان كرمان > حوزه قضايي شهرستان سيرجان > دادگاه عمومي و انقلاب شهرستان سيرجان,3
34850,شوراي حل اختلاف شهرستان سيرجان,دادگستري كل استان كرمان > حوزه قضايي شهرستان سيرجان > شوراي حل اختلاف شهرستان سيرجان,3
00733,حوزه قضايي شهرستان شهر بابك,دادگستري كل استان كرمان > حوزه قضايي شهرستان شهر بابك,2
34330,دادسراي عمومي و انقلاب شهرستان شهر بابك,دادگستري كل استان كرمان > حوزه قضايي شهرستان شهر بابك > دادسراي عمومي و انقلاب شهرستان شهر بابك,3
00481,دادگاه عمومي و انقلاب شهرستان شهر بابك,دادگستري كل استان كرمان > حوزه قضايي شهرستان شهر بابك > دادگاه عمومي و انقلاب شهرستان شهر بابك,3
38630,شوراي حل اختلاف شهرستان شهر بابك,دادگستري كل استان كرمان > حوزه قضايي شهرستان شهر بابك > شوراي حل اختلاف شهرستان شهر بابك,3
00732,حوزه قضايي شهرستان عنبر آباد,دادگستري كل استان كرمان > حوزه قضايي شهرستان عنبر آباد,2
34259,دادسراي عمومي و انقلاب شهرستان عنبر آباد,دادگستري كل استان كرمان > حوزه قضايي شهرستان عنبر آباد > دادسراي عمومي و انقلاب شهرستان عنبر آباد,3
00480,دادگاه عمومي و انقلاب شهرستان عنبر آباد,دادگستري كل استان كرمان > حوزه قضايي شهرستان عنبر آباد > دادگاه عمومي و انقلاب شهرستان عنبر آباد,3
38800,شوراي حل اختلاف شهرستان عنبر آباد,دادگستري كل استان كرمان > حوزه قضايي شهرستان عنبر آباد > شوراي حل اختلاف شهرستان عنبر آباد,3
38760,حوزه قضايي شهرستان فارياب,دادگستري كل استان كرمان > حوزه قضايي شهرستان فارياب,2
38761,دادگاه عمومي و انقلاب شهرستان فارياب,دادگستري كل استان كرمان > حوزه قضايي شهرستان فارياب > دادگاه عمومي و انقلاب شهرستان فارياب,3
38890,شوراي حل اختلاف فارياب,دادگستري كل استان كرمان > حوزه قضايي شهرستان فارياب > شوراي حل اختلاف فارياب,3
34500,حوزه قضايي شهرستان فهرج,دادگستري كل استان كرمان > حوزه قضايي شهرستان فهرج,2
34501,دادگاه عمومي و انقلاب شهرستان فهرج,دادگستري كل استان كرمان > حوزه قضايي شهرستان فهرج > دادگاه عمومي و انقلاب شهرستان فهرج,3
38940,شوراي حل اختلاف فهرج,دادگستري كل استان كرمان > حوزه قضايي شهرستان فهرج > شوراي حل اختلاف فهرج,3
34480,حوزه قضايي شهرستان قلعه گنج,دادگستري كل استان كرمان > حوزه قضايي شهرستان قلعه گنج,2
34482,دادسراي عمومي و انقلاب شهرستان قلعه گنج,دادگستري كل استان كرمان > حوزه قضايي شهرستان قلعه گنج > دادسراي عمومي و انقلاب شهرستان قلعه گنج,3
34481,دادگاه عمومي و انقلاب شهرستان قلعه گنج,دادگستري كل استان كرمان > حوزه قضايي شهرستان قلعه گنج > دادگاه عمومي و انقلاب شهرستان قلعه گنج,3
38880,شوراي حل اختلاف شهرستان قلعه گنج,دادگستري كل استان كرمان > حوزه قضايي شهرستان قلعه گنج > شوراي حل اختلاف شهرستان قلعه گنج,3
00742,حوزه قضايي شهرستان كرمان,دادگستري كل استان كرمان > حوزه قضايي شهرستان كرمان,2
34150,دادسراي عمومي و انقلاب شهرستان كرمان,دادگستري كل استان كرمان > حوزه قضايي شهرستان كرمان > دادسراي عمومي و انقلاب شهرستان كرمان,3
34781,مجتمع قضايي 22 بهمن شهرستان كرمان,دادگستري كل استان كرمان > حوزه قضايي شهرستان كرمان > دادسراي عمومي و انقلاب شهرستان كرمان > مجتمع قضايي 22 بهمن شهرستان كرمان,4
39036,مجتمع قضايي شهيد قدوسي(ويژه رسيدگي به جرائم سرقت),دادگستري كل استان كرمان > حوزه قضايي شهرستان كرمان > دادسراي عمومي و انقلاب شهرستان كرمان > مجتمع قضايي شهيد قدوسي(ويژه رسيدگي به جرائم سرقت),4
34780,مجتمع قضايي مبارزه با مواد مخدر و امنيتي شهرستان كرمان,دادگستري كل استان كرمان > حوزه قضايي شهرستان كرمان > دادسراي عمومي و انقلاب شهرستان كرمان > مجتمع قضايي مبارزه با مواد مخدر و امنيتي شهرستان كرمان,4
34782,مجتمع ويژه نيابت دادسراي عمومي و انقلاب كرمان,دادگستري كل استان كرمان > حوزه قضايي شهرستان كرمان > دادسراي عمومي و انقلاب شهرستان كرمان > مجتمع ويژه نيابت دادسراي عمومي و انقلاب كرمان,4
34100,دادگاه عمومي و انقلاب شهرستان كرمان,دادگستري كل استان كرمان > حوزه قضايي شهرستان كرمان > دادگاه عمومي و انقلاب شهرستان كرمان,3
39033,مجتمع دادگاههاي صلح شهرستان كرمان,دادگستري كل استان كرمان > حوزه قضايي شهرستان كرمان > دادگاه عمومي و انقلاب شهرستان كرمان > مجتمع دادگاههاي صلح شهرستان كرمان,4
34656,مجتمع قضايي خانواده دادگستري شهرستان كرمان,دادگستري كل استان كرمان > حوزه قضايي شهرستان كرمان > دادگاه عمومي و انقلاب شهرستان كرمان > مجتمع قضايي خانواده دادگستري شهرستان كرمان,4
34657,مجتمع قضايي دادگاه انقلاب دادگستري شهرستان كرمان,دادگستري كل استان كرمان > حوزه قضايي شهرستان كرمان > دادگاه عمومي و انقلاب شهرستان كرمان > مجتمع قضايي دادگاه انقلاب دادگستري شهرستان كرمان,4
34659,مجتمع قضايي محاكم حقوقي شهرستان كرمان,دادگستري كل استان كرمان > حوزه قضايي شهرستان كرمان > دادگاه عمومي و انقلاب شهرستان كرمان > مجتمع قضايي محاكم حقوقي شهرستان كرمان,4
34658,محاكم كيفري دو دادگستري شهرستان كرمان,دادگستري كل استان كرمان > حوزه قضايي شهرستان كرمان > دادگاه عمومي و انقلاب شهرستان كرمان > محاكم كيفري دو دادگستري شهرستان كرمان,4
34660,شوراي حل اختلاف حوزه قضايي شهرستان كرمان,دادگستري كل استان كرمان > حوزه قضايي شهرستان كرمان > شوراي حل اختلاف حوزه قضايي شهرستان كرمان,3
00734,حوزه قضايي شهرستان كهنوج,دادگستري كل استان كرمان > حوزه قضايي شهرستان كهنوج,2
34400,دادسراي عمومي و انقلاب شهرستان كهنوج,دادگستري كل استان كرمان > حوزه قضايي شهرستان كهنوج > دادسراي عمومي و انقلاب شهرستان كهنوج,3
00482,دادگاه عمومي و انقلاب شهرستان كهنوج,دادگستري كل استان كرمان > حوزه قضايي شهرستان كهنوج > دادگاه عمومي و انقلاب شهرستان كهنوج,3
38640,شوراي حل اختلاف شهرستان كهنوج,دادگستري كل استان كرمان > حوزه قضايي شهرستان كهنوج > شوراي حل اختلاف شهرستان كهنوج,3
34460,حوزه قضايي شهرستان كوهبنان,دادگستري كل استان كرمان > حوزه قضايي شهرستان كوهبنان,2
34461,دادگاه عمومي و انقلاب شهرستان كوهبنان,دادگستري كل استان كرمان > حوزه قضايي شهرستان كوهبنان > دادگاه عمومي و انقلاب شهرستان كوهبنان,3
38860,شوراي حل اختلاف شهرستان كوهبنان,دادگستري كل استان كرمان > حوزه قضايي شهرستان كوهبنان > شوراي حل اختلاف شهرستان كوهبنان,3
00735,حوزه قضايي شهرستان منوجان,دادگستري كل استان كرمان > حوزه قضايي شهرستان منوجان,2
34420,دادسراي عمومي و انقلاب شهرستان منوجان,دادگستري كل استان كرمان > حوزه قضايي شهرستان منوجان > دادسراي عمومي و انقلاب شهرستان منوجان,3
00483,دادگاه عمومي و انقلاب شهرستان منوجان,دادگستري كل استان كرمان > حوزه قضايي شهرستان منوجان > دادگاه عمومي و انقلاب شهرستان منوجان,3
38910,شوراي حل اختلاف شهرستان منوجان,دادگستري كل استان كرمان > حوزه قضايي شهرستان منوجان > شوراي حل اختلاف شهرستان منوجان,3
34520,حوزه قضايي شهرستان نرماشير,دادگستري كل استان كرمان > حوزه قضايي شهرستان نرماشير,2
34521,دادگاه عمومي و انقلاب شهرستان نرماشير,دادگستري كل استان كرمان > حوزه قضايي شهرستان نرماشير > دادگاه عمومي و انقلاب شهرستان نرماشير,3
38930,شوراي حل اختلاف نرماشير,دادگستري كل استان كرمان > حوزه قضايي شهرستان نرماشير > شوراي حل اختلاف نرماشير,3
34130,مجتمع دادگاههاي تجديدنظر و كيفري استان كرمان,دادگستري كل استان كرمان > مجتمع دادگاههاي تجديدنظر و كيفري استان كرمان,2
00241,دادگستري كل استان كرمانشاه,دادگستري كل استان كرمانشاه,1
00808,حوزه قضايي بخش بيستون,دادگستري كل استان كرمانشاه > حوزه قضايي بخش بيستون,2
83400,دادگاه عمومي و انقلاب بخش بيستون,دادگستري كل استان كرمانشاه > حوزه قضايي بخش بيستون > دادگاه عمومي و انقلاب بخش بيستون,3
89560,شوراي حل اختلاف بخش بيستون,دادگستري كل استان كرمانشاه > حوزه قضايي بخش بيستون > شوراي حل اختلاف بخش بيستون,3
00810,حوزه قضايي بخش حميل,دادگستري كل استان كرمانشاه > حوزه قضايي بخش حميل,2
83800,دادگاه عمومي و انقلاب بخش حميل,دادگستري كل استان كرمانشاه > حوزه قضايي بخش حميل > دادگاه عمومي و انقلاب بخش حميل,3
89850,شوراي حل اختلاف بخش حميل,دادگستري كل استان كرمانشاه > حوزه قضايي بخش حميل > شوراي حل اختلاف بخش حميل,3
86062,حوزه قضايي بخش كوزران,دادگستري كل استان كرمانشاه > حوزه قضايي بخش كوزران,2
86063,دادگاه عمومي و انقلاب بخش كوزران,دادگستري كل استان كرمانشاه > حوزه قضايي بخش كوزران > دادگاه عمومي و انقلاب بخش كوزران,3
89680,شوراي حل اختلاف بخش كوزران,دادگستري كل استان كرمانشاه > حوزه قضايي بخش كوزران > شوراي حل اختلاف بخش كوزران,3
86060,حوزه قضايي بخش گهواره,دادگستري كل استان كرمانشاه > حوزه قضايي بخش گهواره,2
86061,دادگاه عمومي و انقلاب بخش گهواره,دادگستري كل استان كرمانشاه > حوزه قضايي بخش گهواره > دادگاه عمومي و انقلاب بخش گهواره,3
89500,شوراي حل اختلاف بخش گهواره,دادگستري كل استان كرمانشاه > حوزه قضايي بخش گهواره > شوراي حل اختلاف بخش گهواره,3
85030,حوزه قضايي بخش گواور,دادگستري كل استان كرمانشاه > حوزه قضايي بخش گواور,2
85031,دادگاه عمومي و انقلاب بخش گواور,دادگستري كل استان كرمانشاه > حوزه قضايي بخش گواور > دادگاه عمومي و انقلاب بخش گواور,3
89860,شوراي حل اختلاف بخش گواور,دادگستري كل استان كرمانشاه > حوزه قضايي بخش گواور > شوراي حل اختلاف بخش گواور,3
00815,حوزه قضايي بخش ماهيدشت,دادگستري كل استان كرمانشاه > حوزه قضايي بخش ماهيدشت,2
84800,دادگاه عمومي و انقلاب بخش ماهيدشت,دادگستري كل استان كرمانشاه > حوزه قضايي بخش ماهيدشت > دادگاه عمومي و انقلاب بخش ماهيدشت,3
84870,شوراي حل اختلاف بخش ماهيدشت,دادگستري كل استان كرمانشاه > حوزه قضايي بخش ماهيدشت > شوراي حل اختلاف بخش ماهيدشت,3
00807,حوزه قضايي شهرستان اسلام آبادغرب,دادگستري كل استان كرمانشاه > حوزه قضايي شهرستان اسلام آبادغرب,2
83300,دادسراي عمومي و انقلاب شهرستان اسلام آبادغرب,دادگستري كل استان كرمانشاه > حوزه قضايي شهرستان اسلام آبادغرب > دادسراي عمومي و انقلاب شهرستان اسلام آبادغرب,3
83302,مجتمع مركزي شهرستان اسلام آبادغرب(شعب دادسرا),دادگستري كل استان كرمانشاه > حوزه قضايي شهرستان اسلام آبادغرب > دادسراي عمومي و انقلاب شهرستان اسلام آبادغرب > مجتمع مركزي شهرستان اسلام آبادغرب(شعب دادسرا),4
00464,دادگاه عمومي و انقلاب شهرستان اسلام آبادغرب,دادگستري كل استان كرمانشاه > حوزه قضايي شهرستان اسلام آبادغرب > دادگاه عمومي و انقلاب شهرستان اسلام آبادغرب,3
83301,مجتمع مركزي شهرستان اسلام آبادغرب(شعب دادگاه),دادگستري كل استان كرمانشاه > حوزه قضايي شهرستان اسلام آبادغرب > دادگاه عمومي و انقلاب شهرستان اسلام آبادغرب > مجتمع مركزي شهرستان اسلام آبادغرب(شعب دادگاه),4
89570,شوراي حل اختلاف شهرستان اسلام آبادغرب,دادگستري كل استان كرمانشاه > حوزه قضايي شهرستان اسلام آبادغرب > شوراي حل اختلاف شهرستان اسلام آبادغرب,3
00813,حوزه قضايي شهرستان پاوه,دادگستري كل استان كرمانشاه > حوزه قضايي شهرستان پاوه,2
84500,دادسراي عمومي و انقلاب شهرستان پاوه,دادگستري كل استان كرمانشاه > حوزه قضايي شهرستان پاوه > دادسراي عمومي و انقلاب شهرستان پاوه,3
84502,مجتمع مركزي شهرستان پاوه(شعب دادسرا),دادگستري كل استان كرمانشاه > حوزه قضايي شهرستان پاوه > دادسراي عمومي و انقلاب شهرستان پاوه > مجتمع مركزي شهرستان پاوه(شعب دادسرا),4
00536,دادگاه عمومي و انقلاب شهرستان پاوه,دادگستري كل استان كرمانشاه > حوزه قضايي شهرستان پاوه > دادگاه عمومي و انقلاب شهرستان پاوه,3
84501,مجتمع مركزي شهرستان پاوه(شعب دادگاه),دادگستري كل استان كرمانشاه > حوزه قضايي شهرستان پاوه > دادگاه عمومي و انقلاب شهرستان پاوه > مجتمع مركزي شهرستان پاوه(شعب دادگاه),4
89690,شوراي حل اختلاف شهرستان پاوه,دادگستري كل استان كرمانشاه > حوزه قضايي شهرستان پاوه > شوراي حل اختلاف شهرستان پاوه,3
00809,حوزه قضايي شهرستان ثلاث باباجاني,دادگستري كل استان كرمانشاه > حوزه قضايي شهرستان ثلاث باباجاني,2
00539,دادگاه عمومي و انقلاب شهرستان ثلاث باباجاني,دادگستري كل استان كرمانشاه > حوزه قضايي شهرستان ثلاث باباجاني > دادگاه عمومي و انقلاب شهرستان ثلاث باباجاني,3
83601,مجتمع مركزي شهرستان ثلاث باباجاني(شعب دادگاه),دادگستري كل استان كرمانشاه > حوزه قضايي شهرستان ثلاث باباجاني > دادگاه عمومي و انقلاب شهرستان ثلاث باباجاني > مجتمع مركزي شهرستان ثلاث باباجاني(شعب دادگاه),4
89630,شوراي حل اختلاف شهرستان ثلاث باباجاني,دادگستري كل استان كرمانشاه > حوزه قضايي شهرستان ثلاث باباجاني > شوراي حل اختلاف شهرستان ثلاث باباجاني,3
00814,حوزه قضايي شهرستان جوانرود,دادگستري كل استان كرمانشاه > حوزه قضايي شهرستان جوانرود,2
84600,دادسراي عمومي و انقلاب شهرستان جوانرود,دادگستري كل استان كرمانشاه > حوزه قضايي شهرستان جوانرود > دادسراي عمومي و انقلاب شهرستان جوانرود,3
84602,مجتمع مركزي شهرستان جوانرود(شعب دادسرا),دادگستري كل استان كرمانشاه > حوزه قضايي شهرستان جوانرود > دادسراي عمومي و انقلاب شهرستان جوانرود > مجتمع مركزي شهرستان جوانرود(شعب دادسرا),4
00537,دادگاه عمومي و انقلاب شهرستان جوانرود,دادگستري كل استان كرمانشاه > حوزه قضايي شهرستان جوانرود > دادگاه عمومي و انقلاب شهرستان جوانرود,3
84601,مجتمع مركزي شهرستان جوانرود(شعب دادگاه),دادگستري كل استان كرمانشاه > حوزه قضايي شهرستان جوانرود > دادگاه عمومي و انقلاب شهرستان جوانرود > مجتمع مركزي شهرستان جوانرود(شعب دادگاه),4
89600,شوراي حل اختلاف شهرستان جوانرود,دادگستري كل استان كرمانشاه > حوزه قضايي شهرستان جوانرود > شوراي حل اختلاف شهرستان جوانرود,3
00811,حوزه قضايي شهرستان دالاهو,دادگستري كل استان كرمانشاه > حوزه قضايي شهرستان دالاهو,2
00535,دادگاه عمومي و انقلاب شهرستان دالاهو(كرند),دادگستري كل استان كرمانشاه > حوزه قضايي شهرستان دالاهو > دادگاه عمومي و انقلاب شهرستان دالاهو(كرند),3
83901,مجتمع مركزي شهرستان دالاهو(شعب دادگاه),دادگستري كل استان كرمانشاه > حوزه قضايي شهرستان دالاهو > دادگاه عمومي و انقلاب شهرستان دالاهو(كرند) > مجتمع مركزي شهرستان دالاهو(شعب دادگاه),4
89620,شوراي حل اختلاف شهرستان دالاهو (كرند),دادگستري كل استان كرمانشاه > حوزه قضايي شهرستان دالاهو > شوراي حل اختلاف شهرستان دالاهو (كرند),3
00812,حوزه قضايي شهرستان روانسر,دادگستري كل استان كرمانشاه > حوزه قضايي شهرستان روانسر,2
84001,دادسراي عمومي و انقلاب شهرستان روانسر,دادگستري كل استان كرمانشاه > حوزه قضايي شهرستان روانسر > دادسراي عمومي و انقلاب شهرستان روانسر,3
84003,مجتمع مركزي شهرستان روانسر(شعب دادسرا),دادگستري كل استان كرمانشاه > حوزه قضايي شهرستان روانسر > دادسراي عمومي و انقلاب شهرستان روانسر > مجتمع مركزي شهرستان روانسر(شعب دادسرا),4
84000,دادگاه عمومي و انقلاب شهرستان روانسر,دادگستري كل استان كرمانشاه > حوزه قضايي شهرستان روانسر > دادگاه عمومي و انقلاب شهرستان روانسر,3
84002,مجتمع مركزي شهرستان روانسر(شعب دادگاه),دادگستري كل استان كرمانشاه > حوزه قضايي شهرستان روانسر > دادگاه عمومي و انقلاب شهرستان روانسر > مجتمع مركزي شهرستان روانسر(شعب دادگاه),4
84850,شوراي حل اختلاف شهرستان روانسر,دادگستري كل استان كرمانشاه > حوزه قضايي شهرستان روانسر > شوراي حل اختلاف شهرستان روانسر,3
00801,حوزه قضايي شهرستان سرپل ذهاب,دادگستري كل استان كرمانشاه > حوزه قضايي شهرستان سرپل ذهاب,2
84100,دادسراي عمومي و انقلاب شهرستان سرپل ذهاب,دادگستري كل استان كرمانشاه > حوزه قضايي شهرستان سرپل ذهاب > دادسراي عمومي و انقلاب شهرستان سرپل ذهاب,3
84102,مجتمع مركزي شهرستان سرپل ذهاب(شعب دادسرا),دادگستري كل استان كرمانشاه > حوزه قضايي شهرستان سرپل ذهاب > دادسراي عمومي و انقلاب شهرستان سرپل ذهاب > مجتمع مركزي شهرستان سرپل ذهاب(شعب دادسرا),4
00541,دادگاه عمومي و انقلاب شهرستان سرپل ذهاب,دادگستري كل استان كرمانشاه > حوزه قضايي شهرستان سرپل ذهاب > دادگاه عمومي و انقلاب شهرستان سرپل ذهاب,3
84101,مجتمع مركزي شهرستان سرپل ذهاب(شعب دادگاه),دادگستري كل استان كرمانشاه > حوزه قضايي شهرستان سرپل ذهاب > دادگاه عمومي و انقلاب شهرستان سرپل ذهاب > مجتمع مركزي شهرستان سرپل ذهاب(شعب دادگاه),4
89640,شوراي حل اختلاف شهرستان سرپل ذهاب,دادگستري كل استان كرمانشاه > حوزه قضايي شهرستان سرپل ذهاب > شوراي حل اختلاف شهرستان سرپل ذهاب,3
00805,حوزه قضايي شهرستان سنقر,دادگستري كل استان كرمانشاه > حوزه قضايي شهرستان سنقر,2
84300,دادسراي عمومي و انقلاب شهرستان سنقر,دادگستري كل استان كرمانشاه > حوزه قضايي شهرستان سنقر > دادسراي عمومي و انقلاب شهرستان سنقر,3
84302,مجتمع مركزي شهرستان سنقر(شعب دادسرا),دادگستري كل استان كرمانشاه > حوزه قضايي شهرستان سنقر > دادسراي عمومي و انقلاب شهرستان سنقر > مجتمع مركزي شهرستان سنقر(شعب دادسرا),4
00545,دادگاه عمومي و انقلاب شهرستان سنقر,دادگستري كل استان كرمانشاه > حوزه قضايي شهرستان سنقر > دادگاه عمومي و انقلاب شهرستان سنقر,3
84301,مجتمع مركزي شهرستان سنقر(شعب دادگاه),دادگستري كل استان كرمانشاه > حوزه قضايي شهرستان سنقر > دادگاه عمومي و انقلاب شهرستان سنقر > مجتمع مركزي شهرستان سنقر(شعب دادگاه),4
89530,شوراي حل اختلاف شهرستان سنقر,دادگستري كل استان كرمانشاه > حوزه قضايي شهرستان سنقر > شوراي حل اختلاف شهرستان سنقر,3
00803,حوزه قضايي شهرستان صحنه,دادگستري كل استان كرمانشاه > حوزه قضايي شهرستان صحنه,2
84400,دادسراي عمومي و انقلاب شهرستان صحنه,دادگستري كل استان كرمانشاه > حوزه قضايي شهرستان صحنه > دادسراي عمومي و انقلاب شهرستان صحنه,3
84402,مجتمع مركزي شهرستان صحنه(شعب دادسرا),دادگستري كل استان كرمانشاه > حوزه قضايي شهرستان صحنه > دادسراي عمومي و انقلاب شهرستان صحنه > مجتمع مركزي شهرستان صحنه(شعب دادسرا),4
00543,دادگاه عمومي و انقلاب شهرستان صحنه,دادگستري كل استان كرمانشاه > حوزه قضايي شهرستان صحنه > دادگاه عمومي و انقلاب شهرستان صحنه,3
84401,مجتمع مركزي شهرستان صحنه(شعب دادگاه),دادگستري كل استان كرمانشاه > حوزه قضايي شهرستان صحنه > دادگاه عمومي و انقلاب شهرستان صحنه > مجتمع مركزي شهرستان صحنه(شعب دادگاه),4
89610,شوراي حل اختلاف شهرستان صحنه,دادگستري كل استان كرمانشاه > حوزه قضايي شهرستان صحنه > شوراي حل اختلاف شهرستان صحنه,3
00804,حوزه قضايي شهرستان قصرشيرين,دادگستري كل استان كرمانشاه > حوزه قضايي شهرستان قصرشيرين,2
83500,دادسراي عمومي و انقلاب شهرستان قصرشيرين,دادگستري كل استان كرمانشاه > حوزه قضايي شهرستان قصرشيرين > دادسراي عمومي و انقلاب شهرستان قصرشيرين,3
83502,مجتمع مركزي شهرستان قصرشيرين(شعب دادسرا),دادگستري كل استان كرمانشاه > حوزه قضايي شهرستان قصرشيرين > دادسراي عمومي و انقلاب شهرستان قصرشيرين > مجتمع مركزي شهرستان قصرشيرين(شعب دادسرا),4
00544,دادگاه عمومي و انقلاب شهرستان قصرشيرين,دادگستري كل استان كرمانشاه > حوزه قضايي شهرستان قصرشيرين > دادگاه عمومي و انقلاب شهرستان قصرشيرين,3
83501,مجتمع مركزي شهرستان قصرشيرين(شعب دادگاه),دادگستري كل استان كرمانشاه > حوزه قضايي شهرستان قصرشيرين > دادگاه عمومي و انقلاب شهرستان قصرشيرين > مجتمع مركزي شهرستان قصرشيرين(شعب دادگاه),4
89520,شوراي حل اختلاف شهرستان قصرشيرين,دادگستري كل استان كرمانشاه > حوزه قضايي شهرستان قصرشيرين > شوراي حل اختلاف شهرستان قصرشيرين,3
00806,حوزه قضايي شهرستان كرمانشاه,دادگستري كل استان كرمانشاه > حوزه قضايي شهرستان كرمانشاه,2
83150,دادسراي عمومي و انقلاب شهرستان كرمانشاه,دادگستري كل استان كرمانشاه > حوزه قضايي شهرستان كرمانشاه > دادسراي عمومي و انقلاب شهرستان كرمانشاه,3
89595,دادسراي عمومي و انقلاب ناحيه 2 (مسكن) كرمانشاه,دادگستري كل استان كرمانشاه > حوزه قضايي شهرستان كرمانشاه > دادسراي عمومي و انقلاب شهرستان كرمانشاه > دادسراي عمومي و انقلاب ناحيه 2 (مسكن) كرمانشاه,4
83151,مجتمع دادسراي عمومي و انقلاب شهرستان كرمانشاه,دادگستري كل استان كرمانشاه > حوزه قضايي شهرستان كرمانشاه > دادسراي عمومي و انقلاب شهرستان كرمانشاه > مجتمع دادسراي عمومي و انقلاب شهرستان كرمانشاه,4
00180,دادگاه عمومي و انقلاب شهرستان كرمانشاه,دادگستري كل استان كرمانشاه > حوزه قضايي شهرستان كرمانشاه > دادگاه عمومي و انقلاب شهرستان كرمانشاه,3
83144,مجتمع دادگاههاي انقلاب شهرستان كرمانشاه,دادگستري كل استان كرمانشاه > حوزه قضايي شهرستان كرمانشاه > دادگاه عمومي و انقلاب شهرستان كرمانشاه > مجتمع دادگاههاي انقلاب شهرستان كرمانشاه,4
83198,مجتمع دادگاههاي جزايي شهرستان كرمانشاه,دادگستري كل استان كرمانشاه > حوزه قضايي شهرستان كرمانشاه > دادگاه عمومي و انقلاب شهرستان كرمانشاه > مجتمع دادگاههاي جزايي شهرستان كرمانشاه,4
83100,مجتمع دادگاههاي حقوقي شهرستان كرمانشاه,دادگستري كل استان كرمانشاه > حوزه قضايي شهرستان كرمانشاه > دادگاه عمومي و انقلاب شهرستان كرمانشاه > مجتمع دادگاههاي حقوقي شهرستان كرمانشاه,4
83197,مجتمع دادگاههاي خانواده شهرستان كرمانشاه,دادگستري كل استان كرمانشاه > حوزه قضايي شهرستان كرمانشاه > دادگاه عمومي و انقلاب شهرستان كرمانشاه > مجتمع دادگاههاي خانواده شهرستان كرمانشاه,4
86400,مجتمع دادگاههاي صلح شهرستان كرمانشاه,دادگستري كل استان كرمانشاه > حوزه قضايي شهرستان كرمانشاه > دادگاه عمومي و انقلاب شهرستان كرمانشاه > مجتمع دادگاههاي صلح شهرستان كرمانشاه,4
85050,شوراي حل اختلاف شهرستان كرمانشاه,دادگستري كل استان كرمانشاه > حوزه قضايي شهرستان كرمانشاه > شوراي حل اختلاف شهرستان كرمانشاه,3
85074,شوراي حل اختلاف مجتمع شهيد مطهري شهرستان كرمانشاه,دادگستري كل استان كرمانشاه > حوزه قضايي شهرستان كرمانشاه > شوراي حل اختلاف شهرستان كرمانشاه > شوراي حل اختلاف مجتمع شهيد مطهري شهرستان كرمانشاه,4
86055,مجتمع خانواده شوراي حل اختلاف شهرستان كرمانشاه,دادگستري كل استان كرمانشاه > حوزه قضايي شهرستان كرمانشاه > شوراي حل اختلاف شهرستان كرمانشاه > مجتمع خانواده شوراي حل اختلاف شهرستان كرمانشاه,4
85076,مجتمع شوراي حل اختلاف سردار شهيد قاسم سليماني شهرستان كرمانشاه,دادگستري كل استان كرمانشاه > حوزه قضايي شهرستان كرمانشاه > شوراي حل اختلاف شهرستان كرمانشاه > مجتمع شوراي حل اختلاف سردار شهيد قاسم سليماني شهرستان كرمانشاه,4
00802,حوزه قضايي شهرستان كنگاور,دادگستري كل استان كرمانشاه > حوزه قضايي شهرستان كنگاور,2
83700,دادسراي عمومي و انقلاب شهرستان كنگاور,دادگستري كل استان كرمانشاه > حوزه قضايي شهرستان كنگاور > دادسراي عمومي و انقلاب شهرستان كنگاور,3
83702,مجتمع مركزي شهرستان كنگاور(شعب دادسرا),دادگستري كل استان كرمانشاه > حوزه قضايي شهرستان كنگاور > دادسراي عمومي و انقلاب شهرستان كنگاور > مجتمع مركزي شهرستان كنگاور(شعب دادسرا),4
00542,دادگاه عمومي و انقلاب شهرستان كنگاور,دادگستري كل استان كرمانشاه > حوزه قضايي شهرستان كنگاور > دادگاه عمومي و انقلاب شهرستان كنگاور,3
83701,مجتمع مركزي شهرستان كنگاور(شعب دادگاه),دادگستري كل استان كرمانشاه > حوزه قضايي شهرستان كنگاور > دادگاه عمومي و انقلاب شهرستان كنگاور > مجتمع مركزي شهرستان كنگاور(شعب دادگاه),4
89540,شوراي حل اختلاف شهرستان كنگاور,دادگستري كل استان كرمانشاه > حوزه قضايي شهرستان كنگاور > شوراي حل اختلاف شهرستان كنگاور,3
00800,حوزه قضايي شهرستان گيلانغرب,دادگستري كل استان كرمانشاه > حوزه قضايي شهرستان گيلانغرب,2
84700,دادسراي عمومي و انقلاب شهرستان گيلانغرب,دادگستري كل استان كرمانشاه > حوزه قضايي شهرستان گيلانغرب > دادسراي عمومي و انقلاب شهرستان گيلانغرب,3
84702,مجتمع مركزي شهرستان گيلانغرب(شعب دادسرا),دادگستري كل استان كرمانشاه > حوزه قضايي شهرستان گيلانغرب > دادسراي عمومي و انقلاب شهرستان گيلانغرب > مجتمع مركزي شهرستان گيلانغرب(شعب دادسرا),4
00540,دادگاه عمومي و انقلاب شهرستان گيلانغرب,دادگستري كل استان كرمانشاه > حوزه قضايي شهرستان گيلانغرب > دادگاه عمومي و انقلاب شهرستان گيلانغرب,3
84701,مجتمع مركزي شهرستان گيلانغرب(شعب دادگاه),دادگستري كل استان كرمانشاه > حوزه قضايي شهرستان گيلانغرب > دادگاه عمومي و انقلاب شهرستان گيلانغرب > مجتمع مركزي شهرستان گيلانغرب(شعب دادگاه),4
84780,شوراي حل اختلاف شهرستان گيلانغرب,دادگستري كل استان كرمانشاه > حوزه قضايي شهرستان گيلانغرب > شوراي حل اختلاف شهرستان گيلانغرب,3
00816,حوزه قضايي شهرستان هرسين,دادگستري كل استان كرمانشاه > حوزه قضايي شهرستان هرسين,2
84900,دادسراي عمومي و انقلاب شهرستان هرسين,دادگستري كل استان كرمانشاه > حوزه قضايي شهرستان هرسين > دادسراي عمومي و انقلاب شهرستان هرسين,3
84902,مجتمع مركزي شهرستان هرسين(شعب دادسرا),دادگستري كل استان كرمانشاه > حوزه قضايي شهرستان هرسين > دادسراي عمومي و انقلاب شهرستان هرسين > مجتمع مركزي شهرستان هرسين(شعب دادسرا),4
00538,دادگاه عمومي و انقلاب شهرستان هرسين,دادگستري كل استان كرمانشاه > حوزه قضايي شهرستان هرسين > دادگاه عمومي و انقلاب شهرستان هرسين,3
84901,مجتمع مركزي شهرستان هرسين(شعب دادگاه),دادگستري كل استان كرمانشاه > حوزه قضايي شهرستان هرسين > دادگاه عمومي و انقلاب شهرستان هرسين > مجتمع مركزي شهرستان هرسين(شعب دادگاه),4
89870,شوراي حل اختلاف شهرستان هرسين,دادگستري كل استان كرمانشاه > حوزه قضايي شهرستان هرسين > شوراي حل اختلاف شهرستان هرسين,3
83290,دادگاههاي كيفري يك استان كرمانشاه,دادگستري كل استان كرمانشاه > دادگاههاي كيفري يك استان كرمانشاه,2
83240,مجتمع مركزي شهرستان كرمانشاه(شعب تجديدنظر),دادگستري كل استان كرمانشاه > مجتمع مركزي شهرستان كرمانشاه(شعب تجديدنظر),2
00245,دادگستري كل استان كهگيلويه وبويراحمد,دادگستري كل استان كهگيلويه وبويراحمد,1
74460,حوزه قضايي بخش چاروسا,دادگستري كل استان كهگيلويه وبويراحمد > حوزه قضايي بخش چاروسا,2
74461,دادگاه عمومي و انقلاب بخش چاروسا,دادگستري كل استان كهگيلويه وبويراحمد > حوزه قضايي بخش چاروسا > دادگاه عمومي و انقلاب بخش چاروسا,3
74670,شوراي حل اختلاف بخش چاروسا,دادگستري كل استان كهگيلويه وبويراحمد > حوزه قضايي بخش چاروسا > شوراي حل اختلاف بخش چاروسا,3
74480,حوزه قضايي بخش ديشموك,دادگستري كل استان كهگيلويه وبويراحمد > حوزه قضايي بخش ديشموك,2
74481,دادگاه عمومي و انقلاب بخش ديشموك,دادگستري كل استان كهگيلويه وبويراحمد > حوزه قضايي بخش ديشموك > دادگاه عمومي و انقلاب بخش ديشموك,3
74660,شوراي حل اختلاف بخش ديشموك,دادگستري كل استان كهگيلويه وبويراحمد > حوزه قضايي بخش ديشموك > شوراي حل اختلاف بخش ديشموك,3
74260,حوزه قضايي شهرستان باشت,دادگستري كل استان كهگيلويه وبويراحمد > حوزه قضايي شهرستان باشت,2
74262,دادسراي عمومي و انقلاب شهرستان باشت,دادگستري كل استان كهگيلويه وبويراحمد > حوزه قضايي شهرستان باشت > دادسراي عمومي و انقلاب شهرستان باشت,3
74261,دادگاه عمومي و انقلاب شهرستان باشت,دادگستري كل استان كهگيلويه وبويراحمد > حوزه قضايي شهرستان باشت > دادگاه عمومي و انقلاب شهرستان باشت,3
74620,شوراي حل اختلاف شهرستان باشت,دادگستري كل استان كهگيلويه وبويراحمد > حوزه قضايي شهرستان باشت > شوراي حل اختلاف شهرستان باشت,3
74240,حوزه قضايي شهرستان بهمئي,دادگستري كل استان كهگيلويه وبويراحمد > حوزه قضايي شهرستان بهمئي,2
74242,دادسراي عمومي و انقلاب شهرستان بهمئي,دادگستري كل استان كهگيلويه وبويراحمد > حوزه قضايي شهرستان بهمئي > دادسراي عمومي و انقلاب شهرستان بهمئي,3
74241,دادگاه عمومي و انقلاب شهرستان بهمئي,دادگستري كل استان كهگيلويه وبويراحمد > حوزه قضايي شهرستان بهمئي > دادگاه عمومي و انقلاب شهرستان بهمئي,3
74610,شوراي حل اختلاف شهرستان بهمئي,دادگستري كل استان كهگيلويه وبويراحمد > حوزه قضايي شهرستان بهمئي > شوراي حل اختلاف شهرستان بهمئي,3
00747,حوزه قضايي شهرستان بويراحمد,دادگستري كل استان كهگيلويه وبويراحمد > حوزه قضايي شهرستان بويراحمد,2
74118,دادسراي عمومي و انقلاب شهرستان بويراحمد,دادگستري كل استان كهگيلويه وبويراحمد > حوزه قضايي شهرستان بويراحمد > دادسراي عمومي و انقلاب شهرستان بويراحمد,3
74100,دادگاه عمومي و انقلاب شهرستان بويراحمد,دادگستري كل استان كهگيلويه وبويراحمد > حوزه قضايي شهرستان بويراحمد > دادگاه عمومي و انقلاب شهرستان بويراحمد,3
74714,مجتمع قضايي دادگاههاي صلح شهرستان بويراحمد,دادگستري كل استان كهگيلويه وبويراحمد > حوزه قضايي شهرستان بويراحمد > دادگاه عمومي و انقلاب شهرستان بويراحمد > مجتمع قضايي دادگاههاي صلح شهرستان بويراحمد,4
74300,شوراي حل اختلاف بويراحمد,دادگستري كل استان كهگيلويه وبويراحمد > حوزه قضايي شهرستان بويراحمد > شوراي حل اختلاف بويراحمد,3
74470,حوزه قضايي شهرستان چرام,دادگستري كل استان كهگيلويه وبويراحمد > حوزه قضايي شهرستان چرام,2
74472,دادسراي عمومي و انقلاب شهرستان چرام,دادگستري كل استان كهگيلويه وبويراحمد > حوزه قضايي شهرستان چرام > دادسراي عمومي و انقلاب شهرستان چرام,3
74471,دادگاه عمومي و انقلاب شهرستان چرام,دادگستري كل استان كهگيلويه وبويراحمد > حوزه قضايي شهرستان چرام > دادگاه عمومي و انقلاب شهرستان چرام,3
74630,شوراي حل اختلاف شهرستان چرام,دادگستري كل استان كهگيلويه وبويراحمد > حوزه قضايي شهرستان چرام > شوراي حل اختلاف شهرستان چرام,3
00746,حوزه قضايي شهرستان دنا,دادگستري كل استان كهگيلويه وبويراحمد > حوزه قضايي شهرستان دنا,2
74220,دادسراي عمومي و انقلاب شهرستان دنا,دادگستري كل استان كهگيلويه وبويراحمد > حوزه قضايي شهرستان دنا > دادسراي عمومي و انقلاب شهرستان دنا,3
00506,دادگاه عمومي و انقلاب شهرستان دنا,دادگستري كل استان كهگيلويه وبويراحمد > حوزه قضايي شهرستان دنا > دادگاه عمومي و انقلاب شهرستان دنا,3
74600,شوراي حل اختلاف شهرستان دنا,دادگستري كل استان كهگيلويه وبويراحمد > حوزه قضايي شهرستان دنا > شوراي حل اختلاف شهرستان دنا,3
00744,حوزه قضايي شهرستان كهگيلويه,دادگستري كل استان كهگيلويه وبويراحمد > حوزه قضايي شهرستان كهگيلويه,2
74190,دادسراي عمومي و انقلاب شهرستان كهگيلويه,دادگستري كل استان كهگيلويه وبويراحمد > حوزه قضايي شهرستان كهگيلويه > دادسراي عمومي و انقلاب شهرستان كهگيلويه,3
00504,دادگاه عمومي و انقلاب شهرستان كهگيلويه,دادگستري كل استان كهگيلويه وبويراحمد > حوزه قضايي شهرستان كهگيلويه > دادگاه عمومي و انقلاب شهرستان كهگيلويه,3
74280,شوراي حل اختلاف حوزه قضايي شهرستان كهگيلويه,دادگستري كل استان كهگيلويه وبويراحمد > حوزه قضايي شهرستان كهگيلويه > شوراي حل اختلاف حوزه قضايي شهرستان كهگيلويه,3
00745,حوزه قضايي شهرستان گچساران,دادگستري كل استان كهگيلويه وبويراحمد > حوزه قضايي شهرستان گچساران,2
74160,دادسراي عمومي و انقلاب شهرستان گچساران,دادگستري كل استان كهگيلويه وبويراحمد > حوزه قضايي شهرستان گچساران > دادسراي عمومي و انقلاب شهرستان گچساران,3
00505,دادگاه عمومي و انقلاب شهرستان گچساران,دادگستري كل استان كهگيلويه وبويراحمد > حوزه قضايي شهرستان گچساران > دادگاه عمومي و انقلاب شهرستان گچساران,3
74499,شوراي حل اختلاف شهرستان گچساران,دادگستري كل استان كهگيلويه وبويراحمد > حوزه قضايي شهرستان گچساران > شوراي حل اختلاف شهرستان گچساران,3
74450,حوزه قضايي شهرستان لنده,دادگستري كل استان كهگيلويه وبويراحمد > حوزه قضايي شهرستان لنده,2
74590,دادسراي عمومي و انقلاب شهرستان لنده,دادگستري كل استان كهگيلويه وبويراحمد > حوزه قضايي شهرستان لنده > دادسراي عمومي و انقلاب شهرستان لنده,3
74451,دادگاه عمومي و انقلاب شهرستان لنده,دادگستري كل استان كهگيلويه وبويراحمد > حوزه قضايي شهرستان لنده > دادگاه عمومي و انقلاب شهرستان لنده,3
74650,شوراي حل اختلاف شهرستان لنده,دادگستري كل استان كهگيلويه وبويراحمد > حوزه قضايي شهرستان لنده > شوراي حل اختلاف شهرستان لنده,3
74560,حوزه قضايي شهرستان مارگون,دادگستري كل استان كهگيلويه وبويراحمد > حوزه قضايي شهرستان مارگون,2
74561,دادگاه عمومي و انقلاب شهرستان مارگون,دادگستري كل استان كهگيلويه وبويراحمد > حوزه قضايي شهرستان مارگون > دادگاه عمومي و انقلاب شهرستان مارگون,3
74680,شوراي حل اختلاف شهرستان مارگون,دادگستري كل استان كهگيلويه وبويراحمد > حوزه قضايي شهرستان مارگون > شوراي حل اختلاف شهرستان مارگون,3
74134,مجتمع تجديدنظر استان كهگيلويه و بويراحمد,دادگستري كل استان كهگيلويه وبويراحمد > مجتمع تجديدنظر استان كهگيلويه و بويراحمد,2
74695,مجتمع دادگاههاي كيفري يك استان كهگيلويه و بويراحمد,دادگستري كل استان كهگيلويه وبويراحمد > مجتمع دادگاههاي كيفري يك استان كهگيلويه و بويراحمد,2
00237,دادگستري كل استان گلستان,دادگستري كل استان گلستان,1
27990,حوزه قضايي بخش پيش كمر,دادگستري كل استان گلستان > حوزه قضايي بخش پيش كمر,2
27991,دادگاه عمومي و انقلاب بخش پيش كمر,دادگستري كل استان گلستان > حوزه قضايي بخش پيش كمر > دادگاه عمومي و انقلاب بخش پيش كمر,3
00855,حوزه قضايي بخش داشلي برون,دادگستري كل استان گلستان > حوزه قضايي بخش داشلي برون,2
17462,دادگاه عمومي و انقلاب بخش داشلي برون,دادگستري كل استان گلستان > حوزه قضايي بخش داشلي برون > دادگاه عمومي و انقلاب بخش داشلي برون,3
81840,شوراي حل اختلاف بخش داشلي برون,دادگستري كل استان گلستان > حوزه قضايي بخش داشلي برون > شوراي حل اختلاف بخش داشلي برون,3
00861,حوزه قضايي بخش فندرسك,دادگستري كل استان گلستان > حوزه قضايي بخش فندرسك,2
17750,دادگاه عمومي و انقلاب بخش فندرسك,دادگستري كل استان گلستان > حوزه قضايي بخش فندرسك > دادگاه عمومي و انقلاب بخش فندرسك,3
27796,شوراي حل اختلاف بخش فندرسك,دادگستري كل استان گلستان > حوزه قضايي بخش فندرسك > شوراي حل اختلاف بخش فندرسك,3
00868,حوزه قضايي بخش كمالان,دادگستري كل استان گلستان > حوزه قضايي بخش كمالان,2
18110,دادگاه عمومي و انقلاب بخش كمالان,دادگستري كل استان گلستان > حوزه قضايي بخش كمالان > دادگاه عمومي و انقلاب بخش كمالان,3
81860,شوراي حل اختلاف بخش كمالان,دادگستري كل استان گلستان > حوزه قضايي بخش كمالان > شوراي حل اختلاف بخش كمالان,3
18135,حوزه قضايي بخش كوهسارات,دادگستري كل استان گلستان > حوزه قضايي بخش كوهسارات,2
18136,دادگاه عمومي و انقلاب بخش كوهسارات,دادگستري كل استان گلستان > حوزه قضايي بخش كوهسارات > دادگاه عمومي و انقلاب بخش كوهسارات,3
18148,شوراي حل اختلاف بخش كوهسارات,دادگستري كل استان گلستان > حوزه قضايي بخش كوهسارات > شوراي حل اختلاف بخش كوهسارات,3
00867,حوزه قضايي بخش نوكنده,دادگستري كل استان گلستان > حوزه قضايي بخش نوكنده,2
18075,دادگاه عمومي و انقلاب بخش نوكنده,دادگستري كل استان گلستان > حوزه قضايي بخش نوكنده > دادگاه عمومي و انقلاب بخش نوكنده,3
81880,شوراي حل اختلاف بخش نوكنده,دادگستري كل استان گلستان > حوزه قضايي بخش نوكنده > شوراي حل اختلاف بخش نوكنده,3
00852,حوزه قضايي شهرستان آزادشهر,دادگستري كل استان گلستان > حوزه قضايي شهرستان آزادشهر,2
17582,دادسراي عمومي و انقلاب شهرستان آزادشهر,دادگستري كل استان گلستان > حوزه قضايي شهرستان آزادشهر > دادسراي عمومي و انقلاب شهرستان آزادشهر,3
00534,دادگاه عمومي و انقلاب شهرستان آزادشهر,دادگستري كل استان گلستان > حوزه قضايي شهرستان آزادشهر > دادگاه عمومي و انقلاب شهرستان آزادشهر,3
71560,شوراي حل اختلاف شهرستان آزادشهر,دادگستري كل استان گلستان > حوزه قضايي شهرستان آزادشهر > شوراي حل اختلاف شهرستان آزادشهر,3
00858,حوزه قضايي شهرستان آق قلا,دادگستري كل استان گلستان > حوزه قضايي شهرستان آق قلا,2
17614,دادسراي عمومي و انقلاب شهرستان آق قلا,دادگستري كل استان گلستان > حوزه قضايي شهرستان آق قلا > دادسراي عمومي و انقلاب شهرستان آق قلا,3
00529,دادگاه عمومي و انقلاب شهرستان آق قلا,دادگستري كل استان گلستان > حوزه قضايي شهرستان آق قلا > دادگاه عمومي و انقلاب شهرستان آق قلا,3
81820,شوراي حل اختلاف شهرستان آق قلا,دادگستري كل استان گلستان > حوزه قضايي شهرستان آق قلا > شوراي حل اختلاف شهرستان آق قلا,3
00857,حوزه قضايي شهرستان بندر تركمن,دادگستري كل استان گلستان > حوزه قضايي شهرستان بندر تركمن,2
17544,دادسراي عمومي و انقلاب شهرستان بندر تركمن,دادگستري كل استان گلستان > حوزه قضايي شهرستان بندر تركمن > دادسراي عمومي و انقلاب شهرستان بندر تركمن,3
00526,دادگاه عمومي و انقلاب شهرستان بندر تركمن,دادگستري كل استان گلستان > حوزه قضايي شهرستان بندر تركمن > دادگاه عمومي و انقلاب شهرستان بندر تركمن,3
17400,شوراي حل اختلاف شهرستان بندر تركمن,دادگستري كل استان گلستان > حوزه قضايي شهرستان بندر تركمن > شوراي حل اختلاف شهرستان بندر تركمن,3
00854,حوزه قضايي شهرستان بندر گز,دادگستري كل استان گلستان > حوزه قضايي شهرستان بندر گز,2
17429,دادسراي عمومي و انقلاب شهرستان بندر گز,دادگستري كل استان گلستان > حوزه قضايي شهرستان بندر گز > دادسراي عمومي و انقلاب شهرستان بندر گز,3
00533,دادگاه عمومي و انقلاب شهرستان بندر گز,دادگستري كل استان گلستان > حوزه قضايي شهرستان بندر گز > دادگاه عمومي و انقلاب شهرستان بندر گز,3
17455,شوراي حل اختلاف شهرستان بندر گز,دادگستري كل استان گلستان > حوزه قضايي شهرستان بندر گز > شوراي حل اختلاف شهرستان بندر گز,3
00856,حوزه قضايي شهرستان راميان,دادگستري كل استان گلستان > حوزه قضايي شهرستان راميان,2
17501,دادسراي عمومي و انقلاب شهرستان راميان,دادگستري كل استان گلستان > حوزه قضايي شهرستان راميان > دادسراي عمومي و انقلاب شهرستان راميان,3
00530,دادگاه عمومي و انقلاب شهرستان راميان,دادگستري كل استان گلستان > حوزه قضايي شهرستان راميان > دادگاه عمومي و انقلاب شهرستان راميان,3
81780,شوراي حل اختلاف شهرستان راميان,دادگستري كل استان گلستان > حوزه قضايي شهرستان راميان > شوراي حل اختلاف شهرستان راميان,3
00859,حوزه قضايي شهرستان علي آباد كتول,دادگستري كل استان گلستان > حوزه قضايي شهرستان علي آباد كتول,2
17669,دادسراي عمومي و انقلاب شهرستان علي آباد كتول,دادگستري كل استان گلستان > حوزه قضايي شهرستان علي آباد كتول > دادسراي عمومي و انقلاب شهرستان علي آباد كتول,3
00527,دادگاه عمومي و انقلاب شهرستان علي آباد كتول,دادگستري كل استان گلستان > حوزه قضايي شهرستان علي آباد كتول > دادگاه عمومي و انقلاب شهرستان علي آباد كتول,3
81760,شوراي حل اختلاف شهرستان علي آباد كتول,دادگستري كل استان گلستان > حوزه قضايي شهرستان علي آباد كتول > شوراي حل اختلاف شهرستان علي آباد كتول,3
00860,حوزه قضايي شهرستان كردكوي,دادگستري كل استان گلستان > حوزه قضايي شهرستان كردكوي,2
17718,دادسراي عمومي و انقلاب شهرستان كردكوي,دادگستري كل استان گلستان > حوزه قضايي شهرستان كردكوي > دادسراي عمومي و انقلاب شهرستان كردكوي,3
00528,دادگاه عمومي و انقلاب شهرستان كردكوي,دادگستري كل استان گلستان > حوزه قضايي شهرستان كردكوي > دادگاه عمومي و انقلاب شهرستان كردكوي,3
81800,شوراي حل اختلاف شهرستان كردكوي,دادگستري كل استان گلستان > حوزه قضايي شهرستان كردكوي > شوراي حل اختلاف شهرستان كردكوي,3
00862,حوزه قضايي شهرستان كلاله,دادگستري كل استان گلستان > حوزه قضايي شهرستان كلاله,2
17797,دادسراي عمومي و انقلاب شهرستان كلاله,دادگستري كل استان گلستان > حوزه قضايي شهرستان كلاله > دادسراي عمومي و انقلاب شهرستان كلاله,3
00532,دادگاه عمومي و انقلاب شهرستان كلاله,دادگستري كل استان گلستان > حوزه قضايي شهرستان كلاله > دادگاه عمومي و انقلاب شهرستان كلاله,3
81720,شوراي حل اختلاف شهرستان كلاله,دادگستري كل استان گلستان > حوزه قضايي شهرستان كلاله > شوراي حل اختلاف شهرستان كلاله,3
00869,حوزه قضايي شهرستان گاليكش,دادگستري كل استان گلستان > حوزه قضايي شهرستان گاليكش,2
27660,دادسراي عمومي و انقلاب شهرستان گاليكش,دادگستري كل استان گلستان > حوزه قضايي شهرستان گاليكش > دادسراي عمومي و انقلاب شهرستان گاليكش,3
27640,دادگاه عمومي و انقلاب شهرستان گاليكش,دادگستري كل استان گلستان > حوزه قضايي شهرستان گاليكش > دادگاه عمومي و انقلاب شهرستان گاليكش,3
28010,شوراي حل اختلاف شهرستان گاليكش,دادگستري كل استان گلستان > حوزه قضايي شهرستان گاليكش > شوراي حل اختلاف شهرستان گاليكش,3
00853,حوزه قضايي شهرستان گرگان,دادگستري كل استان گلستان > حوزه قضايي شهرستان گرگان,2
01680,دادسراي عمومي و انقلاب گرگان,دادگستري كل استان گلستان > حوزه قضايي شهرستان گرگان > دادسراي عمومي و انقلاب گرگان,3
00150,دادگاه عمومي و انقلاب شهرستان گرگان,دادگستري كل استان گلستان > حوزه قضايي شهرستان گرگان > دادگاه عمومي و انقلاب شهرستان گرگان,3
01745,مجتمع دادگاههاي صلح شهرستان گرگان,دادگستري كل استان گلستان > حوزه قضايي شهرستان گرگان > دادگاه عمومي و انقلاب شهرستان گرگان > مجتمع دادگاههاي صلح شهرستان گرگان,4
17199,شوراي حل اختلاف شهرستان گرگان,دادگستري كل استان گلستان > حوزه قضايي شهرستان گرگان > شوراي حل اختلاف شهرستان گرگان,3
00863,حوزه قضايي شهرستان گميشان,دادگستري كل استان گلستان > حوزه قضايي شهرستان گميشان,2
17848,دادسراي عمومي و انقلاب شهرستان گميشان,دادگستري كل استان گلستان > حوزه قضايي شهرستان گميشان > دادسراي عمومي و انقلاب شهرستان گميشان,3
17830,دادگاه عمومي و انقلاب شهرستان گميشان,دادگستري كل استان گلستان > حوزه قضايي شهرستان گميشان > دادگاه عمومي و انقلاب شهرستان گميشان,3
17144,شوراي حل اختلاف شهرستان گميشان,دادگستري كل استان گلستان > حوزه قضايي شهرستان گميشان > شوراي حل اختلاف شهرستان گميشان,3
00864,حوزه قضايي شهرستان گنبد كاووس,دادگستري كل استان گلستان > حوزه قضايي شهرستان گنبد كاووس,2
17890,دادسراي عمومي و انقلاب شهرستان گنبد كاووس,دادگستري كل استان گلستان > حوزه قضايي شهرستان گنبد كاووس > دادسراي عمومي و انقلاب شهرستان گنبد كاووس,3
00149,دادگاه عمومي و انقلاب شهرستان گنبد كاووس,دادگستري كل استان گلستان > حوزه قضايي شهرستان گنبد كاووس > دادگاه عمومي و انقلاب شهرستان گنبد كاووس,3
71570,شوراي حل اختلاف شهرستان گنبد كاووس,دادگستري كل استان گلستان > حوزه قضايي شهرستان گنبد كاووس > شوراي حل اختلاف شهرستان گنبد كاووس,3
00865,حوزه قضايي شهرستان مراوه تپه,دادگستري كل استان گلستان > حوزه قضايي شهرستان مراوه تپه,2
17935,دادگاه عمومي و انقلاب شهرستان مراوه تپه,دادگستري كل استان گلستان > حوزه قضايي شهرستان مراوه تپه > دادگاه عمومي و انقلاب شهرستان مراوه تپه,3
81700,شوراي حل اختلاف شهرستان مراوه تپه,دادگستري كل استان گلستان > حوزه قضايي شهرستان مراوه تپه > شوراي حل اختلاف شهرستان مراوه تپه,3
00866,حوزه قضايي شهرستان مينودشت,دادگستري كل استان گلستان > حوزه قضايي شهرستان مينودشت,2
18026,دادسراي عمومي و انقلاب شهرستان مينودشت,دادگستري كل استان گلستان > حوزه قضايي شهرستان مينودشت > دادسراي عمومي و انقلاب شهرستان مينودشت,3
00531,دادگاه عمومي و انقلاب شهرستان مينودشت,دادگستري كل استان گلستان > حوزه قضايي شهرستان مينودشت > دادگاه عمومي و انقلاب شهرستان مينودشت,3
81740,شوراي حل اختلاف شهرستان مينودشت,دادگستري كل استان گلستان > حوزه قضايي شهرستان مينودشت > شوراي حل اختلاف شهرستان مينودشت,3
01760,دادگاههاي كيفري يك استان گلستان,دادگستري كل استان گلستان > دادگاههاي كيفري يك استان گلستان,2
17100,مجتمع دادگاههاي تجديدنظر استان گلستان,دادگستري كل استان گلستان > مجتمع دادگاههاي تجديدنظر استان گلستان,2
00243,دادگستري كل استان گيلان,دادگستري كل استان گيلان,1
52350,حوزه قضايي بخش حويق,دادگستري كل استان گيلان > حوزه قضايي بخش حويق,2
52351,دادگاه عمومي و انقلاب بخش حويق,دادگستري كل استان گيلان > حوزه قضايي بخش حويق > دادگاه عمومي و انقلاب بخش حويق,3
52522,شوراي حل اختلاف حويق,دادگستري كل استان گيلان > حوزه قضايي بخش حويق > شوراي حل اختلاف حويق,3
52340,حوزه قضايي بخش خشكبيجار,دادگستري كل استان گيلان > حوزه قضايي بخش خشكبيجار,2
52341,دادگاه عمومي و انقلاب بخش خشكبيجار,دادگستري كل استان گيلان > حوزه قضايي بخش خشكبيجار > دادگاه عمومي و انقلاب بخش خشكبيجار,3
52538,شوراي حل اختلاف بخش خشكبيجار,دادگستري كل استان گيلان > حوزه قضايي بخش خشكبيجار > شوراي حل اختلاف بخش خشكبيجار,3
00726,حوزه قضايي بخش رحيم آباد,دادگستري كل استان گيلان > حوزه قضايي بخش رحيم آباد,2
18500,دادگاه عمومي و انقلاب بخش رحيم آباد,دادگستري كل استان گيلان > حوزه قضايي بخش رحيم آباد > دادگاه عمومي و انقلاب بخش رحيم آباد,3
52504,شوراي حل اختلاف رحيم آباد,دادگستري كل استان گيلان > حوزه قضايي بخش رحيم آباد > شوراي حل اختلاف رحيم آباد,3
52390,حوزه قضايي بخش رودبنه,دادگستري كل استان گيلان > حوزه قضايي بخش رودبنه,2
52391,دادگاه عمومي و انقلاب بخش رودبنه,دادگستري كل استان گيلان > حوزه قضايي بخش رودبنه > دادگاه عمومي و انقلاب بخش رودبنه,3
52548,شوراي حل اختلاف بخش رودبنه,دادگستري كل استان گيلان > حوزه قضايي بخش رودبنه > شوراي حل اختلاف بخش رودبنه,3
00724,حوزه قضايي بخش سنگر,دادگستري كل استان گيلان > حوزه قضايي بخش سنگر,2
18458,دادسراي عمومي و انقلاب  بخش سنگر,دادگستري كل استان گيلان > حوزه قضايي بخش سنگر > دادسراي عمومي و انقلاب  بخش سنگر,3
18450,دادگاه عمومي و انقلاب بخش سنگر,دادگستري كل استان گيلان > حوزه قضايي بخش سنگر > دادگاه عمومي و انقلاب بخش سنگر,3
52516,شوراي حل اختلاف بخش سنگر,دادگستري كل استان گيلان > حوزه قضايي بخش سنگر > شوراي حل اختلاف بخش سنگر,3
18460,حوزه قضايي بخش كرگانرود,دادگستري كل استان گيلان > حوزه قضايي بخش كرگانرود,2
18461,دادگاه عمومي و انقلاب بخش كرگانرود,دادگستري كل استان گيلان > حوزه قضايي بخش كرگانرود > دادگاه عمومي و انقلاب بخش كرگانرود,3
52526,شوراي حل اختلاف بخش كرگانرود,دادگستري كل استان گيلان > حوزه قضايي بخش كرگانرود > شوراي حل اختلاف بخش كرگانرود,3
00728,حوزه قضايي بخش كوچصفهان,دادگستري كل استان گيلان > حوزه قضايي بخش كوچصفهان,2
52200,دادگاه عمومي و انقلاب بخش كوچصفهان,دادگستري كل استان گيلان > حوزه قضايي بخش كوچصفهان > دادگاه عمومي و انقلاب بخش كوچصفهان,3
52542,شوراي حل اختلاف بخش كوچصفهان,دادگستري كل استان گيلان > حوزه قضايي بخش كوچصفهان > شوراي حل اختلاف بخش كوچصفهان,3
00727,حوزه قضايي بخش كياشهر,دادگستري كل استان گيلان > حوزه قضايي بخش كياشهر,2
18525,دادسراي عمومي و انقلاب بخش كياشهر,دادگستري كل استان گيلان > حوزه قضايي بخش كياشهر > دادسراي عمومي و انقلاب بخش كياشهر,3
18520,دادگاه عمومي و انقلاب بخش كياشهر,دادگستري كل استان گيلان > حوزه قضايي بخش كياشهر > دادگاه عمومي و انقلاب بخش كياشهر,3
52544,شوراي حل اختلاف بخش كياشهر,دادگستري كل استان گيلان > حوزه قضايي بخش كياشهر > شوراي حل اختلاف بخش كياشهر,3
52360,حوزه قضايي بخش لشت نشاء,دادگستري كل استان گيلان > حوزه قضايي بخش لشت نشاء,2
52361,دادگاه عمومي و انقلاب بخش لشت نشاء,دادگستري كل استان گيلان > حوزه قضايي بخش لشت نشاء > دادگاه عمومي و انقلاب بخش لشت نشاء,3
52546,شوراي حل اختلاف بخش لشت نشاء,دادگستري كل استان گيلان > حوزه قضايي بخش لشت نشاء > شوراي حل اختلاف بخش لشت نشاء,3
00847,حوزه قضايي شهرستان آستارا,دادگستري كل استان گيلان > حوزه قضايي شهرستان آستارا,2
18220,دادسراي عمومي و انقلاب شهرستان آستارا,دادگستري كل استان گيلان > حوزه قضايي شهرستان آستارا > دادسراي عمومي و انقلاب شهرستان آستارا,3
18200,دادگاه عمومي و انقلاب شهرستان آستارا,دادگستري كل استان گيلان > حوزه قضايي شهرستان آستارا > دادگاه عمومي و انقلاب شهرستان آستارا,3
52514,شوراي حل اختلاف شهرستان آستارا,دادگستري كل استان گيلان > حوزه قضايي شهرستان آستارا > شوراي حل اختلاف شهرستان آستارا,3
52630,شوراي حل اختلاف لوندويل,دادگستري كل استان گيلان > حوزه قضايي شهرستان آستارا > شوراي حل اختلاف شهرستان آستارا > شوراي حل اختلاف لوندويل,4
00843,حوزه قضايي شهرستان آستانه اشرفيه,دادگستري كل استان گيلان > حوزه قضايي شهرستان آستانه اشرفيه,2
14320,دادسراي عمومي و انقلاب شهرستان آستانه اشرفيه,دادگستري كل استان گيلان > حوزه قضايي شهرستان آستانه اشرفيه > دادسراي عمومي و انقلاب شهرستان آستانه اشرفيه,3
14300,دادگاه عمومي و انقلاب شهرستان آستانه اشرفيه,دادگستري كل استان گيلان > حوزه قضايي شهرستان آستانه اشرفيه > دادگاه عمومي و انقلاب شهرستان آستانه اشرفيه,3
52512,شوراي حل اختلاف شهرستان آستانه اشرفيه,دادگستري كل استان گيلان > حوزه قضايي شهرستان آستانه اشرفيه > شوراي حل اختلاف شهرستان آستانه اشرفيه,3
00844,حوزه قضايي شهرستان املش,دادگستري كل استان گيلان > حوزه قضايي شهرستان املش,2
14360,دادسراي عمومي و انقلاب شهرستان املش,دادگستري كل استان گيلان > حوزه قضايي شهرستان املش > دادسراي عمومي و انقلاب شهرستان املش,3
14350,دادگاه عمومي و انقلاب شهرستان املش,دادگستري كل استان گيلان > حوزه قضايي شهرستان املش > دادگاه عمومي و انقلاب شهرستان املش,3
52500,شوراي حل اختلاف شهرستان املش,دادگستري كل استان گيلان > حوزه قضايي شهرستان املش > شوراي حل اختلاف شهرستان املش,3
00846,حوزه قضايي شهرستان بندر انزلي,دادگستري كل استان گيلان > حوزه قضايي شهرستان بندر انزلي,2
18150,دادسراي عمومي و انقلاب شهرستان بندر انزلي,دادگستري كل استان گيلان > حوزه قضايي شهرستان بندر انزلي > دادسراي عمومي و انقلاب شهرستان بندر انزلي,3
18100,دادگاه عمومي و انقلاب شهرستان بندر انزلي,دادگستري كل استان گيلان > حوزه قضايي شهرستان بندر انزلي > دادگاه عمومي و انقلاب شهرستان بندر انزلي,3
52370,شوراي حل اختلاف شهرستان بندر انزلي,دادگستري كل استان گيلان > حوزه قضايي شهرستان بندر انزلي > شوراي حل اختلاف شهرستان بندر انزلي,3
00848,حوزه قضايي شهرستان تالش,دادگستري كل استان گيلان > حوزه قضايي شهرستان تالش,2
18270,دادسراي عمومي و انقلاب شهرستان تالش,دادگستري كل استان گيلان > حوزه قضايي شهرستان تالش > دادسراي عمومي و انقلاب شهرستان تالش,3
18250,دادگاه عمومي و انقلاب شهرستان تالش,دادگستري كل استان گيلان > حوزه قضايي شهرستان تالش > دادگاه عمومي و انقلاب شهرستان تالش,3
52520,شوراي حل اختلاف شهرستان تالش,دادگستري كل استان گيلان > حوزه قضايي شهرستان تالش > شوراي حل اختلاف شهرستان تالش,3
00725,حوزه قضايي شهرستان خمام,دادگستري كل استان گيلان > حوزه قضايي شهرستان خمام,2
18490,دادسراي عمومي و انقلاب شهرستان خمام,دادگستري كل استان گيلان > حوزه قضايي شهرستان خمام > دادسراي عمومي و انقلاب شهرستان خمام,3
18480,دادگاه عمومي و انقلاب شهرستان خمام,دادگستري كل استان گيلان > حوزه قضايي شهرستان خمام > دادگاه عمومي و انقلاب شهرستان خمام,3
52540,شوراي حل اختلاف شهرستان خمام,دادگستري كل استان گيلان > حوزه قضايي شهرستان خمام > شوراي حل اختلاف شهرستان خمام,3
00016,حوزه قضايي شهرستان رشت,دادگستري كل استان گيلان > حوزه قضايي شهرستان رشت,2
13147,دادسراي عمومي و انقلاب رشت,دادگستري كل استان گيلان > حوزه قضايي شهرستان رشت > دادسراي عمومي و انقلاب رشت,3
00027,دادگاه عمومي و انقلاب شهرستان رشت,دادگستري كل استان گيلان > حوزه قضايي شهرستان رشت > دادگاه عمومي و انقلاب شهرستان رشت,3
13100,مجتمع دادگاههاي حقوقي شهرستان رشت,دادگستري كل استان گيلان > حوزه قضايي شهرستان رشت > دادگاه عمومي و انقلاب شهرستان رشت > مجتمع دادگاههاي حقوقي شهرستان رشت,4
13210,مجتمع دادگاههاي خانواده شهرستان رشت,دادگستري كل استان گيلان > حوزه قضايي شهرستان رشت > دادگاه عمومي و انقلاب شهرستان رشت > مجتمع دادگاههاي خانواده شهرستان رشت,4
52855,مجتمع دادگاههاي صلح شهرستان رشت,دادگستري كل استان گيلان > حوزه قضايي شهرستان رشت > دادگاه عمومي و انقلاب شهرستان رشت > مجتمع دادگاههاي صلح شهرستان رشت,4
13114,مجتمع دادگاههاي كيفري دو شهرستان رشت,دادگستري كل استان گيلان > حوزه قضايي شهرستان رشت > دادگاه عمومي و انقلاب شهرستان رشت > مجتمع دادگاههاي كيفري دو شهرستان رشت,4
13128,مجتمع قضايي دادگاه انقلاب اسلامي دادگستري شهرستان رشت,دادگستري كل استان گيلان > حوزه قضايي شهرستان رشت > دادگاه عمومي و انقلاب شهرستان رشت > مجتمع قضايي دادگاه انقلاب اسلامي دادگستري شهرستان رشت,4
13230,شوراي حل اختلاف شهرستان رشت,دادگستري كل استان گيلان > حوزه قضايي شهرستان رشت > شوراي حل اختلاف شهرستان رشت,3
13241,مجتمع قضايي شماره 2 (شهيدبهشتي) شوراي حل اختلاف شهرستان رشت,دادگستري كل استان گيلان > حوزه قضايي شهرستان رشت > شوراي حل اختلاف شهرستان رشت > مجتمع قضايي شماره 2 (شهيدبهشتي) شوراي حل اختلاف شهرستان رشت,4
00722,حوزه قضايي شهرستان رضوانشهر,دادگستري كل استان گيلان > حوزه قضايي شهرستان رضوانشهر,2
18416,دادسراي عمومي و انقلاب شهرستان رضوانشهر,دادگستري كل استان گيلان > حوزه قضايي شهرستان رضوانشهر > دادسراي عمومي و انقلاب شهرستان رضوانشهر,3
18410,دادگاه عمومي و انقلاب شهرستان رضوانشهر,دادگستري كل استان گيلان > حوزه قضايي شهرستان رضوانشهر > دادگاه عمومي و انقلاب شهرستان رضوانشهر,3
52524,شوراي حل اختلاف شهرستان رضوانشهر,دادگستري كل استان گيلان > حوزه قضايي شهرستان رضوانشهر > شوراي حل اختلاف شهرستان رضوانشهر,3
00839,حوزه قضايي شهرستان رودبار,دادگستري كل استان گيلان > حوزه قضايي شهرستان رودبار,2
13220,دادسراي عمومي و انقلاب شهرستان رودبار,دادگستري كل استان گيلان > حوزه قضايي شهرستان رودبار > دادسراي عمومي و انقلاب شهرستان رودبار,3
13200,دادگاه عمومي و انقلاب شهرستان رودبار,دادگستري كل استان گيلان > حوزه قضايي شهرستان رودبار > دادگاه عمومي و انقلاب شهرستان رودبار,3
52528,شوراي حل اختلاف شهرستان رودبار,دادگستري كل استان گيلان > حوزه قضايي شهرستان رودبار > شوراي حل اختلاف شهرستان رودبار,3
00842,حوزه قضايي شهرستان رودسر,دادگستري كل استان گيلان > حوزه قضايي شهرستان رودسر,2
14270,دادسراي عمومي و انقلاب شهرستان رودسر,دادگستري كل استان گيلان > حوزه قضايي شهرستان رودسر > دادسراي عمومي و انقلاب شهرستان رودسر,3
14250,دادگاه عمومي و انقلاب شهرستان رودسر,دادگستري كل استان گيلان > حوزه قضايي شهرستان رودسر > دادگاه عمومي و انقلاب شهرستان رودسر,3
52506,شوراي حل اختلاف شهرستان رودسر,دادگستري كل استان گيلان > حوزه قضايي شهرستان رودسر > شوراي حل اختلاف شهرستان رودسر,3
52870,شوراي حل اختلاف كلاچاي,دادگستري كل استان گيلان > حوزه قضايي شهرستان رودسر > شوراي حل اختلاف شهرستان رودسر > شوراي حل اختلاف كلاچاي,4
00845,حوزه قضايي شهرستان سياهكل,دادگستري كل استان گيلان > حوزه قضايي شهرستان سياهكل,2
14390,دادسراي عمومي و انقلاب شهرستان سياهكل,دادگستري كل استان گيلان > حوزه قضايي شهرستان سياهكل > دادسراي عمومي و انقلاب شهرستان سياهكل,3
14380,دادگاه عمومي و انقلاب شهرستان سياهكل,دادگستري كل استان گيلان > حوزه قضايي شهرستان سياهكل > دادگاه عمومي و انقلاب شهرستان سياهكل,3
52518,شوراي حل اختلاف شهرستان سياهكل,دادگستري كل استان گيلان > حوزه قضايي شهرستان سياهكل > شوراي حل اختلاف شهرستان سياهكل,3
00723,حوزه قضايي شهرستان شفت,دادگستري كل استان گيلان > حوزه قضايي شهرستان شفت,2
18440,دادسراي عمومي و انقلاب شهرستان شفت,دادگستري كل استان گيلان > حوزه قضايي شهرستان شفت > دادسراي عمومي و انقلاب شهرستان شفت,3
18430,دادگاه عمومي و انقلاب شهرستان شفت,دادگستري كل استان گيلان > حوزه قضايي شهرستان شفت > دادگاه عمومي و انقلاب شهرستان شفت,3
52530,شوراي حل اختلاف شهرستان شفت,دادگستري كل استان گيلان > حوزه قضايي شهرستان شفت > شوراي حل اختلاف شهرستان شفت,3
00850,حوزه قضايي شهرستان صومعه سرا,دادگستري كل استان گيلان > حوزه قضايي شهرستان صومعه سرا,2
18360,دادسراي عمومي و انقلاب شهرستان صومعه سرا,دادگستري كل استان گيلان > حوزه قضايي شهرستان صومعه سرا > دادسراي عمومي و انقلاب شهرستان صومعه سرا,3
18340,دادگاه عمومي و انقلاب شهرستان صومعه سرا,دادگستري كل استان گيلان > حوزه قضايي شهرستان صومعه سرا > دادگاه عمومي و انقلاب شهرستان صومعه سرا,3
52532,شوراي حل اختلاف شهرستان صومعه سرا,دادگستري كل استان گيلان > حوزه قضايي شهرستان صومعه سرا > شوراي حل اختلاف شهرستان صومعه سرا,3
00721,حوزه قضايي شهرستان فومن,دادگستري كل استان گيلان > حوزه قضايي شهرستان فومن,2
18390,دادسراي عمومي و انقلاب شهرستان فومن,دادگستري كل استان گيلان > حوزه قضايي شهرستان فومن > دادسراي عمومي و انقلاب شهرستان فومن,3
18380,دادگاه عمومي و انقلاب شهرستان فومن,دادگستري كل استان گيلان > حوزه قضايي شهرستان فومن > دادگاه عمومي و انقلاب شهرستان فومن,3
52534,شوراي حل اختلاف شهرستان فومن,دادگستري كل استان گيلان > حوزه قضايي شهرستان فومن > شوراي حل اختلاف شهرستان فومن,3
00840,حوزه قضايي شهرستان لاهيجان,دادگستري كل استان گيلان > حوزه قضايي شهرستان لاهيجان,2
14120,دادسراي عمومي و انقلاب شهرستان لاهيجان,دادگستري كل استان گيلان > حوزه قضايي شهرستان لاهيجان > دادسراي عمومي و انقلاب شهرستان لاهيجان,3
14100,دادگاه عمومي و انقلاب شهرستان لاهيجان,دادگستري كل استان گيلان > حوزه قضايي شهرستان لاهيجان > دادگاه عمومي و انقلاب شهرستان لاهيجان,3
52510,شوراي حل اختلاف شهرستان لاهيجان,دادگستري كل استان گيلان > حوزه قضايي شهرستان لاهيجان > شوراي حل اختلاف شهرستان لاهيجان,3
00841,حوزه قضايي شهرستان لنگرود,دادگستري كل استان گيلان > حوزه قضايي شهرستان لنگرود,2
14220,دادسراي عمومي و انقلاب شهرستان لنگرود,دادگستري كل استان گيلان > حوزه قضايي شهرستان لنگرود > دادسراي عمومي و انقلاب شهرستان لنگرود,3
14200,دادگاه عمومي و انقلاب شهرستان لنگرود,دادگستري كل استان گيلان > حوزه قضايي شهرستان لنگرود > دادگاه عمومي و انقلاب شهرستان لنگرود,3
52508,شوراي حل اختلاف شهرستان لنگرود,دادگستري كل استان گيلان > حوزه قضايي شهرستان لنگرود > شوراي حل اختلاف شهرستان لنگرود,3
00849,حوزه قضايي شهرستان ماسال,دادگستري كل استان گيلان > حوزه قضايي شهرستان ماسال,2
18310,دادسراي عمومي و انقلاب شهرستان ماسال,دادگستري كل استان گيلان > حوزه قضايي شهرستان ماسال > دادسراي عمومي و انقلاب شهرستان ماسال,3
18300,دادگاه عمومي و انقلاب شهرستان ماسال,دادگستري كل استان گيلان > حوزه قضايي شهرستان ماسال > دادگاه عمومي و انقلاب شهرستان ماسال,3
52536,شوراي حل اختلاف شهرستان ماسال,دادگستري كل استان گيلان > حوزه قضايي شهرستان ماسال > شوراي حل اختلاف شهرستان ماسال,3
13240,دادگاههاي كيفري يك استان گيلان,دادگستري كل استان گيلان > دادگاههاي كيفري يك استان گيلان,2
13133,مجتمع دادگاههاي تجديدنظر استان گيلان,دادگستري كل استان گيلان > مجتمع دادگاههاي تجديدنظر استان گيلان,2
00251,دادگستري كل استان لرستان,دادگستري كل استان لرستان,1
66250,حوزه قضايي بخش اشترينان,دادگستري كل استان لرستان > حوزه قضايي بخش اشترينان,2
66251,دادگاه عمومي و انقلاب بخش اشترينان,دادگستري كل استان لرستان > حوزه قضايي بخش اشترينان > دادگاه عمومي و انقلاب بخش اشترينان,3
67320,شوراي حل اختلاف بخش اشترينان,دادگستري كل استان لرستان > حوزه قضايي بخش اشترينان > شوراي حل اختلاف بخش اشترينان,3
67480,حوزه قضايي بخش بيرانوند,دادگستري كل استان لرستان > حوزه قضايي بخش بيرانوند,2
67481,دادگاه عمومي و انقلاب بخش بيرانوند,دادگستري كل استان لرستان > حوزه قضايي بخش بيرانوند > دادگاه عمومي و انقلاب بخش بيرانوند,3
66480,حوزه قضايي بخش پاپي,دادگستري كل استان لرستان > حوزه قضايي بخش پاپي,2
66481,دادگاه عمومي و انقلاب بخش پاپي,دادگستري كل استان لرستان > حوزه قضايي بخش پاپي > دادگاه عمومي و انقلاب بخش پاپي,3
67345,شوراي حل اختلاف بخش پاپي,دادگستري كل استان لرستان > حوزه قضايي بخش پاپي > شوراي حل اختلاف بخش پاپي,3
67430,حوزه قضايي بخش ززوماهرو,دادگستري كل استان لرستان > حوزه قضايي بخش ززوماهرو,2
67431,دادگاه عمومي و انقلاب بخش ززوماهرو,دادگستري كل استان لرستان > حوزه قضايي بخش ززوماهرو > دادگاه عمومي و انقلاب بخش ززوماهرو,3
67441,مجتمع شوراي حل اختلاف شهيد بهشتي بخش ززوماهرو,دادگستري كل استان لرستان > حوزه قضايي بخش ززوماهرو > مجتمع شوراي حل اختلاف شهيد بهشتي بخش ززوماهرو,3
70230,حوزه قضايي بخش طرهان,دادگستري كل استان لرستان > حوزه قضايي بخش طرهان,2
70231,دادگاه عمومي و انقلاب بخش طرهان,دادگستري كل استان لرستان > حوزه قضايي بخش طرهان > دادگاه عمومي و انقلاب بخش طرهان,3
70236,شوراي حل اختلاف بخش طرهان,دادگستري كل استان لرستان > حوزه قضايي بخش طرهان > شوراي حل اختلاف بخش طرهان,3
67450,حوزه قضايي بخش كاكاوند,دادگستري كل استان لرستان > حوزه قضايي بخش كاكاوند,2
67451,دادگاه عمومي و انقلاب بخش كاكاوند,دادگستري كل استان لرستان > حوزه قضايي بخش كاكاوند > دادگاه عمومي و انقلاب بخش كاكاوند,3
67895,شوراي حل اختلاف بخش كاكاوند,دادگستري كل استان لرستان > حوزه قضايي بخش كاكاوند > شوراي حل اختلاف بخش كاكاوند,3
67985,حوزه قضايي بخش كوهناني,دادگستري كل استان لرستان > حوزه قضايي بخش كوهناني,2
67986,دادگاه عمومي و انقلاب بخش كوهناني,دادگستري كل استان لرستان > حوزه قضايي بخش كوهناني > دادگاه عمومي و انقلاب بخش كوهناني,3
67040,شوراي حل اختلاف بخش كوهناني,دادگستري كل استان لرستان > حوزه قضايي بخش كوهناني > شوراي حل اختلاف بخش كوهناني,3
67400,حوزه قضايي بخش معمولان,دادگستري كل استان لرستان > حوزه قضايي بخش معمولان,2
67401,دادگاه عمومي و انقلاب بخش معمولان,دادگستري كل استان لرستان > حوزه قضايي بخش معمولان > دادگاه عمومي و انقلاب بخش معمولان,3
67420,شوراي حل اختلاف بخش معمولان,دادگستري كل استان لرستان > حوزه قضايي بخش معمولان > شوراي حل اختلاف بخش معمولان,3
00795,حوزه قضايي شهرستان ازنا,دادگستري كل استان لرستان > حوزه قضايي شهرستان ازنا,2
66600,دادسراي عمومي و انقلاب شهرستان ازنا,دادگستري كل استان لرستان > حوزه قضايي شهرستان ازنا > دادسراي عمومي و انقلاب شهرستان ازنا,3
00442,دادگاه عمومي و انقلاب شهرستان ازنا,دادگستري كل استان لرستان > حوزه قضايي شهرستان ازنا > دادگاه عمومي و انقلاب شهرستان ازنا,3
67100,شوراي حل اختلاف شهرستان ازنا,دادگستري كل استان لرستان > حوزه قضايي شهرستان ازنا > شوراي حل اختلاف شهرستان ازنا,3
00793,حوزه قضايي شهرستان اليگودرز,دادگستري كل استان لرستان > حوزه قضايي شهرستان اليگودرز,2
00448,دادسراي عمومي و انقلاب شهرستان اليگودرز,دادگستري كل استان لرستان > حوزه قضايي شهرستان اليگودرز > دادسراي عمومي و انقلاب شهرستان اليگودرز,3
00167,دادگاه عمومي و انقلاب شهرستان اليگودرز,دادگستري كل استان لرستان > حوزه قضايي شهرستان اليگودرز > دادگاه عمومي و انقلاب شهرستان اليگودرز,3
67120,شوراي حل اختلاف شهرستان اليگودرز,دادگستري كل استان لرستان > حوزه قضايي شهرستان اليگودرز > شوراي حل اختلاف شهرستان اليگودرز,3
00792,حوزه قضايي شهرستان بروجرد,دادگستري كل استان لرستان > حوزه قضايي شهرستان بروجرد,2
00445,دادسراي عمومي و انقلاب شهرستان بروجرد,دادگستري كل استان لرستان > حوزه قضايي شهرستان بروجرد > دادسراي عمومي و انقلاب شهرستان بروجرد,3
00148,دادگاه عمومي و انقلاب شهرستان بروجرد,دادگستري كل استان لرستان > حوزه قضايي شهرستان بروجرد > دادگاه عمومي و انقلاب شهرستان بروجرد,3
67050,شوراي حل اختلاف شهرستان بروجرد,دادگستري كل استان لرستان > حوزه قضايي شهرستان بروجرد > شوراي حل اختلاف شهرستان بروجرد,3
00798,حوزه قضايي شهرستان پلدختر,دادگستري كل استان لرستان > حوزه قضايي شهرستان پلدختر,2
66300,دادسراي عمومي و انقلاب شهرستان پلدختر,دادگستري كل استان لرستان > حوزه قضايي شهرستان پلدختر > دادسراي عمومي و انقلاب شهرستان پلدختر,3
00446,دادگاه عمومي و انقلاب شهرستان پلدختر,دادگستري كل استان لرستان > حوزه قضايي شهرستان پلدختر > دادگاه عمومي و انقلاب شهرستان پلدختر,3
67350,شوراي حل اختلاف شهرستان پلدختر,دادگستري كل استان لرستان > حوزه قضايي شهرستان پلدختر > شوراي حل اختلاف شهرستان پلدختر,3
66261,حوزه قضايي شهرستان چگني,دادگستري كل استان لرستان > حوزه قضايي شهرستان چگني,2
66263,دادسراي عمومي و انقلاب شهرستان چگني,دادگستري كل استان لرستان > حوزه قضايي شهرستان چگني > دادسراي عمومي و انقلاب شهرستان چگني,3
66262,دادگاه عمومي و انقلاب شهرستان چگني,دادگستري كل استان لرستان > حوزه قضايي شهرستان چگني > دادگاه عمومي و انقلاب شهرستان چگني,3
67300,شوراي حل اختلاف شهرستان چگني,دادگستري كل استان لرستان > حوزه قضايي شهرستان چگني > شوراي حل اختلاف شهرستان چگني,3
67993,شوراي حل اختلاف سردار شهيد احمد كاظمي بخش ويسيان,دادگستري كل استان لرستان > حوزه قضايي شهرستان چگني > شوراي حل اختلاف شهرستان چگني > شوراي حل اختلاف سردار شهيد احمد كاظمي بخش ويسيان,4
00791,حوزه قضايي شهرستان خرم آباد استان لرستان,دادگستري كل استان لرستان > حوزه قضايي شهرستان خرم آباد استان لرستان,2
66110,دادسراي عمومي و انقلاب شهرستان خرم آباد استان لرستان,دادگستري كل استان لرستان > حوزه قضايي شهرستان خرم آباد استان لرستان > دادسراي عمومي و انقلاب شهرستان خرم آباد استان لرستان,3
00179,دادگاه عمومي و انقلاب شهرستان خرم آباد استان لرستان,دادگستري كل استان لرستان > حوزه قضايي شهرستان خرم آباد استان لرستان > دادگاه عمومي و انقلاب شهرستان خرم آباد استان لرستان,3
66478,مجتمع دادگاه هاي خانواده دادگستري شهرستان خرم آباد استان لرستان,دادگستري كل استان لرستان > حوزه قضايي شهرستان خرم آباد استان لرستان > دادگاه عمومي و انقلاب شهرستان خرم آباد استان لرستان > مجتمع دادگاه هاي خانواده دادگستري شهرستان خرم آباد استان لرستان,4
66696,مجتمع دادگاههاي صلح شهرستان خرم آباد استان لرستان,دادگستري كل استان لرستان > حوزه قضايي شهرستان خرم آباد استان لرستان > دادگاه عمومي و انقلاب شهرستان خرم آباد استان لرستان > مجتمع دادگاههاي صلح شهرستان خرم آباد استان لرستان,4
66890,شوراي حل اختلاف شهرستان خرم آباد استان لرستان,دادگستري كل استان لرستان > حوزه قضايي شهرستان خرم آباد استان لرستان > شوراي حل اختلاف شهرستان خرم آباد استان لرستان,3
67800,شوراي حل اختلاف بخش زاغه,دادگستري كل استان لرستان > حوزه قضايي شهرستان خرم آباد استان لرستان > شوراي حل اختلاف شهرستان خرم آباد استان لرستان > شوراي حل اختلاف بخش زاغه,4
67700,شوراي حل اختلاف بيرانشهر,دادگستري كل استان لرستان > حوزه قضايي شهرستان خرم آباد استان لرستان > شوراي حل اختلاف شهرستان خرم آباد استان لرستان > شوراي حل اختلاف بيرانشهر,4
66893,شوراي حل اختلاف مجتمع امام خميني (ره) شهرستان خرم آباد استان لرستان,دادگستري كل استان لرستان > حوزه قضايي شهرستان خرم آباد استان لرستان > شوراي حل اختلاف شهرستان خرم آباد استان لرستان > شوراي حل اختلاف مجتمع امام خميني (ره) شهرستان خرم آباد استان لرستان,4
66892,شوراي حل اختلاف مجتمع بهشتي شهرستان خرم آباد استان لرستان,دادگستري كل استان لرستان > حوزه قضايي شهرستان خرم آباد استان لرستان > شوراي حل اختلاف شهرستان خرم آباد استان لرستان > شوراي حل اختلاف مجتمع بهشتي شهرستان خرم آباد استان لرستان,4
66891,شوراي حل اختلاف مجتمع قدوسي شهرستان خرم آباد استان لرستان,دادگستري كل استان لرستان > حوزه قضايي شهرستان خرم آباد استان لرستان > شوراي حل اختلاف شهرستان خرم آباد استان لرستان > شوراي حل اختلاف مجتمع قدوسي شهرستان خرم آباد استان لرستان,4
66895,شوراي حل اختلاف مجتمع مطهري شهرستان خرم آباد استان لرستان,دادگستري كل استان لرستان > حوزه قضايي شهرستان خرم آباد استان لرستان > شوراي حل اختلاف شهرستان خرم آباد استان لرستان > شوراي حل اختلاف مجتمع مطهري شهرستان خرم آباد استان لرستان,4
66945,مجتمع شهيد سردارقاسم سليماني شوراي حل اختلاف شهرستان خرم آباد استان لرستان,دادگستري كل استان لرستان > حوزه قضايي شهرستان خرم آباد استان لرستان > شوراي حل اختلاف شهرستان خرم آباد استان لرستان > مجتمع شهيد سردارقاسم سليماني شوراي حل اختلاف شهرستان خرم آباد استان لرستان,4
00797,حوزه قضايي شهرستان دلفان,دادگستري كل استان لرستان > حوزه قضايي شهرستان دلفان,2
66330,دادسراي عمومي و انقلاب شهرستان دلفان,دادگستري كل استان لرستان > حوزه قضايي شهرستان دلفان > دادسراي عمومي و انقلاب شهرستان دلفان,3
00444,دادگاه عمومي و انقلاب شهرستان دلفان,دادگستري كل استان لرستان > حوزه قضايي شهرستان دلفان > دادگاه عمومي و انقلاب شهرستان دلفان,3
67220,شوراي حل اختلاف شهرستان دلفان,دادگستري كل استان لرستان > حوزه قضايي شهرستان دلفان > شوراي حل اختلاف شهرستان دلفان,3
00799,حوزه قضايي شهرستان دورود,دادگستري كل استان لرستان > حوزه قضايي شهرستان دورود,2
66385,دادسراي عمومي و انقلاب شهرستان دورود,دادگستري كل استان لرستان > حوزه قضايي شهرستان دورود > دادسراي عمومي و انقلاب شهرستان دورود,3
00447,دادگاه عمومي و انقلاب شهرستان دورود,دادگستري كل استان لرستان > حوزه قضايي شهرستان دورود > دادگاه عمومي و انقلاب شهرستان دورود,3
67150,شوراي حل اختلاف شهرستان دورود,دادگستري كل استان لرستان > حوزه قضايي شهرستان دورود > شوراي حل اختلاف شهرستان دورود,3
66271,حوزه قضايي شهرستان رومشكان,دادگستري كل استان لرستان > حوزه قضايي شهرستان رومشكان,2
66272,دادگاه عمومي و انقلاب شهرستان رومشكان,دادگستري كل استان لرستان > حوزه قضايي شهرستان رومشكان > دادگاه عمومي و انقلاب شهرستان رومشكان,3
67330,شوراي حل اختلاف شهرستان رومشكان,دادگستري كل استان لرستان > حوزه قضايي شهرستان رومشكان > شوراي حل اختلاف شهرستان رومشكان,3
00794,حوزه قضايي شهرستان سلسله,دادگستري كل استان لرستان > حوزه قضايي شهرستان سلسله,2
66500,دادسراي عمومي و انقلاب شهرستان سلسله,دادگستري كل استان لرستان > حوزه قضايي شهرستان سلسله > دادسراي عمومي و انقلاب شهرستان سلسله,3
00441,دادگاه عمومي و انقلاب شهرستان سلسله,دادگستري كل استان لرستان > حوزه قضايي شهرستان سلسله > دادگاه عمومي و انقلاب شهرستان سلسله,3
67190,شوراي حل اختلاف شهرستان سلسله,دادگستري كل استان لرستان > حوزه قضايي شهرستان سلسله > شوراي حل اختلاف شهرستان سلسله,3
00796,حوزه قضايي شهرستان كوهدشت,دادگستري كل استان لرستان > حوزه قضايي شهرستان كوهدشت,2
66360,دادسراي عمومي و انقلاب شهرستان كوهدشت,دادگستري كل استان لرستان > حوزه قضايي شهرستان كوهدشت > دادسراي عمومي و انقلاب شهرستان كوهدشت,3
00443,دادگاه عمومي و انقلاب شهرستان كوهدشت,دادگستري كل استان لرستان > حوزه قضايي شهرستان كوهدشت > دادگاه عمومي و انقلاب شهرستان كوهدشت,3
67260,شوراي حل اختلاف شهرستان كوهدشت,دادگستري كل استان لرستان > حوزه قضايي شهرستان كوهدشت > شوراي حل اختلاف شهرستان كوهدشت,3
66164,دادگاههاي تجديدنظر استان لرستان,دادگستري كل استان لرستان > دادگاههاي تجديدنظر استان لرستان,2
66465,دادگاههاي كيفري يك استان لرستان,دادگستري كل استان لرستان > دادگاههاي كيفري يك استان لرستان,2
00234,دادگستري كل استان مازندران,دادگستري كل استان مازندران,1
01009,حوزه قضايي بخش بندپي شرقي,دادگستري كل استان مازندران > حوزه قضايي بخش بندپي شرقي,2
11149,دادگاه عمومي و انقلاب بخش بندپي شرقي,دادگستري كل استان مازندران > حوزه قضايي بخش بندپي شرقي > دادگاه عمومي و انقلاب بخش بندپي شرقي,3
20524,شوراي حل اختلاف بخش بندپي شرقي,دادگستري كل استان مازندران > حوزه قضايي بخش بندپي شرقي > شوراي حل اختلاف بخش بندپي شرقي,3
01015,حوزه قضايي بخش چمستان,دادگستري كل استان مازندران > حوزه قضايي بخش چمستان,2
19887,دادسراي عمومي و انقلاب بخش چمستان,دادگستري كل استان مازندران > حوزه قضايي بخش چمستان > دادسراي عمومي و انقلاب بخش چمستان,3
19880,دادگاه عمومي و انقلاب بخش چمستان,دادگستري كل استان مازندران > حوزه قضايي بخش چمستان > دادگاه عمومي و انقلاب بخش چمستان,3
20480,شوراي حل اختلاف بخش چمستان,دادگستري كل استان مازندران > حوزه قضايي بخش چمستان > شوراي حل اختلاف بخش چمستان,3
01017,حوزه قضايي بخش چهاردانگه استان مازندران,دادگستري كل استان مازندران > حوزه قضايي بخش چهاردانگه استان مازندران,2
19920,دادگاه عمومي و انقلاب بخش چهاردانگه استان مازندران,دادگستري كل استان مازندران > حوزه قضايي بخش چهاردانگه استان مازندران > دادگاه عمومي و انقلاب بخش چهاردانگه استان مازندران,3
20512,شوراي حل اختلاف بخش چهاردانگه استان مازندران,دادگستري كل استان مازندران > حوزه قضايي بخش چهاردانگه استان مازندران > شوراي حل اختلاف بخش چهاردانگه استان مازندران,3
11180,حوزه قضايي بخش خرم آباد استان مازندران,دادگستري كل استان مازندران > حوزه قضايي بخش خرم آباد استان مازندران,2
11181,دادگاه عمومي و انقلاب بخش خرم آباد استان مازندران,دادگستري كل استان مازندران > حوزه قضايي بخش خرم آباد استان مازندران > دادگاه عمومي و انقلاب بخش خرم آباد استان مازندران,3
20544,شوراي حل اختلاف بخش خرم آباد استان مازندران,دادگستري كل استان مازندران > حوزه قضايي بخش خرم آباد استان مازندران > شوراي حل اختلاف بخش خرم آباد استان مازندران,3
20090,حوزه قضايي بخش دابودشت,دادگستري كل استان مازندران > حوزه قضايي بخش دابودشت,2
20091,دادگاه عمومي و انقلاب بخش دابودشت,دادگستري كل استان مازندران > حوزه قضايي بخش دابودشت > دادگاه عمومي و انقلاب بخش دابودشت,3
20536,شوراي حل اختلاف بخش دابودشت,دادگستري كل استان مازندران > حوزه قضايي بخش دابودشت > شوراي حل اختلاف بخش دابودشت,3
20110,حوزه قضايي بخش سرخرود,دادگستري كل استان مازندران > حوزه قضايي بخش سرخرود,2
20112,دادسراي عمومي و انقلاب بخش سرخرود,دادگستري كل استان مازندران > حوزه قضايي بخش سرخرود > دادسراي عمومي و انقلاب بخش سرخرود,3
20111,دادگاه عمومي و انقلاب بخش سرخرود,دادگستري كل استان مازندران > حوزه قضايي بخش سرخرود > دادگاه عمومي و انقلاب بخش سرخرود,3
20528,شوراي حل اختلاف بخش سرخرود,دادگستري كل استان مازندران > حوزه قضايي بخش سرخرود > شوراي حل اختلاف بخش سرخرود,3
01020,حوزه قضايي بخش كجور,دادگستري كل استان مازندران > حوزه قضايي بخش كجور,2
19980,دادگاه عمومي و انقلاب بخش كجور,دادگستري كل استان مازندران > حوزه قضايي بخش كجور > دادگاه عمومي و انقلاب بخش كجور,3
20504,شوراي حل اختلاف بخش كجور,دادگستري كل استان مازندران > حوزه قضايي بخش كجور > شوراي حل اختلاف بخش كجور,3
01018,حوزه قضايي بخش گتاب,دادگستري كل استان مازندران > حوزه قضايي بخش گتاب,2
19940,دادگاه عمومي و انقلاب بخش گتاب,دادگستري كل استان مازندران > حوزه قضايي بخش گتاب > دادگاه عمومي و انقلاب بخش گتاب,3
20516,شوراي حل اختلاف بخش گتاب,دادگستري كل استان مازندران > حوزه قضايي بخش گتاب > شوراي حل اختلاف بخش گتاب,3
01016,حوزه قضايي بخش لاريجان,دادگستري كل استان مازندران > حوزه قضايي بخش لاريجان,2
19900,دادگاه عمومي و انقلاب بخش لاريجان,دادگستري كل استان مازندران > حوزه قضايي بخش لاريجان > دادگاه عمومي و انقلاب بخش لاريجان,3
20520,شوراي حل اختلاف بخش لاريجان,دادگستري كل استان مازندران > حوزه قضايي بخش لاريجان > شوراي حل اختلاف بخش لاريجان,3
20140,حوزه قضايي بخش مرزن آباد,دادگستري كل استان مازندران > حوزه قضايي بخش مرزن آباد,2
20141,دادگاه عمومي و انقلاب بخش مرزن آباد,دادگستري كل استان مازندران > حوزه قضايي بخش مرزن آباد > دادگاه عمومي و انقلاب بخش مرزن آباد,3
20160,شوراي حل اختلاف بخش مرزن آباد,دادگستري كل استان مازندران > حوزه قضايي بخش مرزن آباد > شوراي حل اختلاف بخش مرزن آباد,3
20100,حوزه قضايي بخش نشتاء,دادگستري كل استان مازندران > حوزه قضايي بخش نشتاء,2
20101,دادگاه عمومي و انقلاب بخش نشتاء,دادگستري كل استان مازندران > حوزه قضايي بخش نشتاء > دادگاه عمومي و انقلاب بخش نشتاء,3
20532,شوراي حل اختلاف بخش نشتاء,دادگستري كل استان مازندران > حوزه قضايي بخش نشتاء > شوراي حل اختلاف بخش نشتاء,3
01081,حوزه قضايي شهرستان آمل,دادگستري كل استان مازندران > حوزه قضايي شهرستان آمل,2
12122,دادسراي عمومي و انقلاب شهرستان آمل,دادگستري كل استان مازندران > حوزه قضايي شهرستان آمل > دادسراي عمومي و انقلاب شهرستان آمل,3
12123,مجتمع دادسراي عمومي و انقلاب شهرستان آمل,دادگستري كل استان مازندران > حوزه قضايي شهرستان آمل > دادسراي عمومي و انقلاب شهرستان آمل > مجتمع دادسراي عمومي و انقلاب شهرستان آمل,4
00304,دادگاه عمومي و انقلاب شهرستان آمل,دادگستري كل استان مازندران > حوزه قضايي شهرستان آمل > دادگاه عمومي و انقلاب شهرستان آمل,3
12100,مجتمع دادگاههاي عمومي و انقلاب شهرستان آمل,دادگستري كل استان مازندران > حوزه قضايي شهرستان آمل > دادگاه عمومي و انقلاب شهرستان آمل > مجتمع دادگاههاي عمومي و انقلاب شهرستان آمل,4
12150,شوراي حل اختلاف شهرستان آمل,دادگستري كل استان مازندران > حوزه قضايي شهرستان آمل > شوراي حل اختلاف شهرستان آمل,3
01005,حوزه قضايي شهرستان بابل,دادگستري كل استان مازندران > حوزه قضايي شهرستان بابل,2
11124,دادسراي عمومي و انقلاب شهرستان بابل,دادگستري كل استان مازندران > حوزه قضايي شهرستان بابل > دادسراي عمومي و انقلاب شهرستان بابل,3
11125,مجتمع دادسراي عمومي و انقلاب شهرستان بابل,دادگستري كل استان مازندران > حوزه قضايي شهرستان بابل > دادسراي عمومي و انقلاب شهرستان بابل > مجتمع دادسراي عمومي و انقلاب شهرستان بابل,4
00312,دادگاه عمومي و انقلاب شهرستان بابل,دادگستري كل استان مازندران > حوزه قضايي شهرستان بابل > دادگاه عمومي و انقلاب شهرستان بابل,3
11100,مجتمع دادگاههاي عمومي و انقلاب شهرستان بابل,دادگستري كل استان مازندران > حوزه قضايي شهرستان بابل > دادگاه عمومي و انقلاب شهرستان بابل > مجتمع دادگاههاي عمومي و انقلاب شهرستان بابل,4
12360,شوراهاي حل اختلاف شهرستان بابل,دادگستري كل استان مازندران > حوزه قضايي شهرستان بابل > شوراهاي حل اختلاف شهرستان بابل,3
01003,حوزه قضايي شهرستان بابلسر,دادگستري كل استان مازندران > حوزه قضايي شهرستان بابلسر,2
12921,دادسراي عمومي و انقلاب شهرستان بابلسر,دادگستري كل استان مازندران > حوزه قضايي شهرستان بابلسر > دادسراي عمومي و انقلاب شهرستان بابلسر,3
12922,مجتمع قضايي دادسراي عمومي و انقلاب شهرستان بابلسر,دادگستري كل استان مازندران > حوزه قضايي شهرستان بابلسر > دادسراي عمومي و انقلاب شهرستان بابلسر > مجتمع قضايي دادسراي عمومي و انقلاب شهرستان بابلسر,4
00310,دادگاه عمومي و انقلاب شهرستان بابلسر,دادگستري كل استان مازندران > حوزه قضايي شهرستان بابلسر > دادگاه عمومي و انقلاب شهرستان بابلسر,3
12910,مجتمع دادگاههاي عمومي و انقلاب شهرستان بابلسر,دادگستري كل استان مازندران > حوزه قضايي شهرستان بابلسر > دادگاه عمومي و انقلاب شهرستان بابلسر > مجتمع دادگاههاي عمومي و انقلاب شهرستان بابلسر,4
12941,شوراهاي حل اختلاف شهرستان بابلسر,دادگستري كل استان مازندران > حوزه قضايي شهرستان بابلسر > شوراهاي حل اختلاف شهرستان بابلسر,3
01001,حوزه قضايي شهرستان بهشهر,دادگستري كل استان مازندران > حوزه قضايي شهرستان بهشهر,2
19467,دادسراي عمومي و انقلاب شهرستان بهشهر,دادگستري كل استان مازندران > حوزه قضايي شهرستان بهشهر > دادسراي عمومي و انقلاب شهرستان بهشهر,3
19476,مجتمع قضايي شهرستان بهشهر(شعب دادسرا),دادگستري كل استان مازندران > حوزه قضايي شهرستان بهشهر > دادسراي عمومي و انقلاب شهرستان بهشهر > مجتمع قضايي شهرستان بهشهر(شعب دادسرا),4
00307,دادگاه عمومي و انقلاب شهرستان بهشهر,دادگستري كل استان مازندران > حوزه قضايي شهرستان بهشهر > دادگاه عمومي و انقلاب شهرستان بهشهر,3
19460,مجتمع دادگاههاي عمومي وانقلاب شهرستان بهشهر,دادگستري كل استان مازندران > حوزه قضايي شهرستان بهشهر > دادگاه عمومي و انقلاب شهرستان بهشهر > مجتمع دادگاههاي عمومي وانقلاب شهرستان بهشهر,4
19492,شوراهاي حل اختلاف شهرستان بهشهر,دادگستري كل استان مازندران > حوزه قضايي شهرستان بهشهر > شوراهاي حل اختلاف شهرستان بهشهر,3
01079,حوزه قضايي شهرستان تنكابن,دادگستري كل استان مازندران > حوزه قضايي شهرستان تنكابن,2
19216,دادسراي عمومي و انقلاب شهرستان تنكابن,دادگستري كل استان مازندران > حوزه قضايي شهرستان تنكابن > دادسراي عمومي و انقلاب شهرستان تنكابن,3
19217,مجتمع دادسراي عمومي و انقلاب شهرستان تنكابن,دادگستري كل استان مازندران > حوزه قضايي شهرستان تنكابن > دادسراي عمومي و انقلاب شهرستان تنكابن > مجتمع دادسراي عمومي و انقلاب شهرستان تنكابن,4
00186,دادگاه عمومي و انقلاب شهرستان تنكابن,دادگستري كل استان مازندران > حوزه قضايي شهرستان تنكابن > دادگاه عمومي و انقلاب شهرستان تنكابن,3
19200,مجتمع دادگاههاي عمومي و انقلاب شهرستان تنكابن,دادگستري كل استان مازندران > حوزه قضايي شهرستان تنكابن > دادگاه عمومي و انقلاب شهرستان تنكابن > مجتمع دادگاههاي عمومي و انقلاب شهرستان تنكابن,4
19235,شوراهاي حل اختلاف شهرستان تنكابن,دادگستري كل استان مازندران > حوزه قضايي شهرستان تنكابن > شوراهاي حل اختلاف شهرستان تنكابن,3
01006,حوزه قضايي شهرستان جويبار,دادگستري كل استان مازندران > حوزه قضايي شهرستان جويبار,2
12948,دادسراي عمومي و انقلاب شهرستان جويبار,دادگستري كل استان مازندران > حوزه قضايي شهرستان جويبار > دادسراي عمومي و انقلاب شهرستان جويبار,3
12949,مجتمع دادسراي عمومي و انقلاب شهرستان جويبار,دادگستري كل استان مازندران > حوزه قضايي شهرستان جويبار > دادسراي عمومي و انقلاب شهرستان جويبار > مجتمع دادسراي عمومي و انقلاب شهرستان جويبار,4
00313,دادگاه عمومي و انقلاب شهرستان جويبار,دادگستري كل استان مازندران > حوزه قضايي شهرستان جويبار > دادگاه عمومي و انقلاب شهرستان جويبار,3
12930,مجتمع دادگاههاي عمومي و انقلاب شهرستان جويبار,دادگستري كل استان مازندران > حوزه قضايي شهرستان جويبار > دادگاه عمومي و انقلاب شهرستان جويبار > مجتمع دادگاههاي عمومي و انقلاب شهرستان جويبار,4
12946,شوراهاي حل اختلاف شهرستان جويبار,دادگستري كل استان مازندران > حوزه قضايي شهرستان جويبار > شوراهاي حل اختلاف شهرستان جويبار,3
01076,حوزه قضايي شهرستان چالوس,دادگستري كل استان مازندران > حوزه قضايي شهرستان چالوس,2
19790,دادسراي عمومي و انقلاب شهرستان چالوس,دادگستري كل استان مازندران > حوزه قضايي شهرستان چالوس > دادسراي عمومي و انقلاب شهرستان چالوس,3
19791,مجتمع دادسراي عمومي و انقلاب شهرستان چالوس,دادگستري كل استان مازندران > حوزه قضايي شهرستان چالوس > دادسراي عمومي و انقلاب شهرستان چالوس > مجتمع دادسراي عمومي و انقلاب شهرستان چالوس,4
00143,دادگاه عمومي و انقلاب شهرستان چالوس,دادگستري كل استان مازندران > حوزه قضايي شهرستان چالوس > دادگاه عمومي و انقلاب شهرستان چالوس,3
19770,مجتمع دادگاههاي عمومي و انقلاب شهرستان چالوس,دادگستري كل استان مازندران > حوزه قضايي شهرستان چالوس > دادگاه عمومي و انقلاب شهرستان چالوس > مجتمع دادگاههاي عمومي و انقلاب شهرستان چالوس,4
19897,شوراهاي حل اختلاف شهرستان چالوس,دادگستري كل استان مازندران > حوزه قضايي شهرستان چالوس > شوراهاي حل اختلاف شهرستان چالوس,3
01077,حوزه قضايي شهرستان رامسر,دادگستري كل استان مازندران > حوزه قضايي شهرستان رامسر,2
19436,دادسراي عمومي و انقلاب شهرستان رامسر,دادگستري كل استان مازندران > حوزه قضايي شهرستان رامسر > دادسراي عمومي و انقلاب شهرستان رامسر,3
19437,مجتمع دادسراي عمومي و انقلاب شهرستان رامسر,دادگستري كل استان مازندران > حوزه قضايي شهرستان رامسر > دادسراي عمومي و انقلاب شهرستان رامسر > مجتمع دادسراي عمومي و انقلاب شهرستان رامسر,4
00144,دادگاه عمومي و انقلاب شهرستان رامسر,دادگستري كل استان مازندران > حوزه قضايي شهرستان رامسر > دادگاه عمومي و انقلاب شهرستان رامسر,3
19420,مجتمع دادگاههاي عمومي و انقلاب شهرستان رامسر,دادگستري كل استان مازندران > حوزه قضايي شهرستان رامسر > دادگاه عمومي و انقلاب شهرستان رامسر > مجتمع دادگاههاي عمومي و انقلاب شهرستان رامسر,4
19455,شوراي حل اختلاف شهرستان رامسر,دادگستري كل استان مازندران > حوزه قضايي شهرستان رامسر > شوراي حل اختلاف شهرستان رامسر,3
01075,حوزه قضايي شهرستان ساري,دادگستري كل استان مازندران > حوزه قضايي شهرستان ساري,2
15129,دادسراي عمومي و انقلاب شهرستان ساري,دادگستري كل استان مازندران > حوزه قضايي شهرستان ساري > دادسراي عمومي و انقلاب شهرستان ساري,3
15130,مجتمع دادسراي عمومي و انقلاب شهر ساري,دادگستري كل استان مازندران > حوزه قضايي شهرستان ساري > دادسراي عمومي و انقلاب شهرستان ساري > مجتمع دادسراي عمومي و انقلاب شهر ساري,4
00187,دادگاه عمومي و انقلاب شهرستان ساري,دادگستري كل استان مازندران > حوزه قضايي شهرستان ساري > دادگاه عمومي و انقلاب شهرستان ساري,3
15190,مجتمع دادگاههاي انقلاب اسلامي شهرستان ساري,دادگستري كل استان مازندران > حوزه قضايي شهرستان ساري > دادگاه عمومي و انقلاب شهرستان ساري > مجتمع دادگاههاي انقلاب اسلامي شهرستان ساري,4
15291,مجتمع دادگاههاي خانواده شهرستان ساري,دادگستري كل استان مازندران > حوزه قضايي شهرستان ساري > دادگاه عمومي و انقلاب شهرستان ساري > مجتمع دادگاههاي خانواده شهرستان ساري,4
20960,مجتمع دادگاههاي صلح شهرستان ساري,دادگستري كل استان مازندران > حوزه قضايي شهرستان ساري > دادگاه عمومي و انقلاب شهرستان ساري > مجتمع دادگاههاي صلح شهرستان ساري,4
15100,مجتمع دادگاههاي عمومي حقوقي شهرستان ساري,دادگستري كل استان مازندران > حوزه قضايي شهرستان ساري > دادگاه عمومي و انقلاب شهرستان ساري > مجتمع دادگاههاي عمومي حقوقي شهرستان ساري,4
15292,مجتمع دادگاههاي كيفري دو شهرستان ساري,دادگستري كل استان مازندران > حوزه قضايي شهرستان ساري > دادگاه عمومي و انقلاب شهرستان ساري > مجتمع دادگاههاي كيفري دو شهرستان ساري,4
15230,شوراهاي حل اختلاف شهرستان ساري,دادگستري كل استان مازندران > حوزه قضايي شهرستان ساري > شوراهاي حل اختلاف شهرستان ساري,3
01004,حوزه قضايي شهرستان سوادكوه,دادگستري كل استان مازندران > حوزه قضايي شهرستان سوادكوه,2
19520,دادسراي عمومي و انقلاب شهرستان سوادكوه,دادگستري كل استان مازندران > حوزه قضايي شهرستان سوادكوه > دادسراي عمومي و انقلاب شهرستان سوادكوه,3
19521,مجتمع دادسراي عمومي و انقلاب شهرستان سوادكوه,دادگستري كل استان مازندران > حوزه قضايي شهرستان سوادكوه > دادسراي عمومي و انقلاب شهرستان سوادكوه > مجتمع دادسراي عمومي و انقلاب شهرستان سوادكوه,4
00311,دادگاه عمومي و انقلاب شهرستان سوادكوه,دادگستري كل استان مازندران > حوزه قضايي شهرستان سوادكوه > دادگاه عمومي و انقلاب شهرستان سوادكوه,3
19500,مجتمع دادگاههاي عمومي و انقلاب شهرستان سوادكوه,دادگستري كل استان مازندران > حوزه قضايي شهرستان سوادكوه > دادگاه عمومي و انقلاب شهرستان سوادكوه > مجتمع دادگاههاي عمومي و انقلاب شهرستان سوادكوه,4
19514,شوراهاي حل اختلاف شهرستان سوادكوه,دادگستري كل استان مازندران > حوزه قضايي شهرستان سوادكوه > شوراهاي حل اختلاف شهرستان سوادكوه,3
01014,حوزه قضايي شهرستان سوادكوه شمالي,دادگستري كل استان مازندران > حوزه قضايي شهرستان سوادكوه شمالي,2
20650,دادسراي عمومي و انقلاب شهرستان سوادكوه شمالي,دادگستري كل استان مازندران > حوزه قضايي شهرستان سوادكوه شمالي > دادسراي عمومي و انقلاب شهرستان سوادكوه شمالي,3
19860,دادگاه عمومي و انقلاب شهرستان سوادكوه شمالي,دادگستري كل استان مازندران > حوزه قضايي شهرستان سوادكوه شمالي > دادگاه عمومي و انقلاب شهرستان سوادكوه شمالي,3
20540,شوراي حل اختلاف شهرستان سوادكوه شمالي,دادگستري كل استان مازندران > حوزه قضايي شهرستان سوادكوه شمالي > شوراي حل اختلاف شهرستان سوادكوه شمالي,3
01019,حوزه قضايي شهرستان سيمرغ,دادگستري كل استان مازندران > حوزه قضايي شهرستان سيمرغ,2
19960,دادگاه عمومي و انقلاب شهرستان سيمرغ,دادگستري كل استان مازندران > حوزه قضايي شهرستان سيمرغ > دادگاه عمومي و انقلاب شهرستان سيمرغ,3
20500,شوراي حل اختلاف شهرستان سيمرغ,دادگستري كل استان مازندران > حوزه قضايي شهرستان سيمرغ > شوراي حل اختلاف شهرستان سيمرغ,3
01010,حوزه قضايي شهرستان عباس آباد,دادگستري كل استان مازندران > حوزه قضايي شهرستان عباس آباد,2
16181,دادسراي عمومي و انقلاب شهرستان عباس آباد,دادگستري كل استان مازندران > حوزه قضايي شهرستان عباس آباد > دادسراي عمومي و انقلاب شهرستان عباس آباد,3
16180,دادگاه عمومي و انقلاب شهرستان عباس آباد,دادگستري كل استان مازندران > حوزه قضايي شهرستان عباس آباد > دادگاه عمومي و انقلاب شهرستان عباس آباد,3
19977,شوراي حل اختلاف شهرستان عباس آباد,دادگستري كل استان مازندران > حوزه قضايي شهرستان عباس آباد > شوراي حل اختلاف شهرستان عباس آباد,3
01012,حوزه قضايي شهرستان فريدونكنار,دادگستري كل استان مازندران > حوزه قضايي شهرستان فريدونكنار,2
19832,دادسراي عمومي و انقلاب شهرستان فريدونكنار,دادگستري كل استان مازندران > حوزه قضايي شهرستان فريدونكنار > دادسراي عمومي و انقلاب شهرستان فريدونكنار,3
19825,دادگاه عمومي و انقلاب شهرستان فريدونكنار,دادگستري كل استان مازندران > حوزه قضايي شهرستان فريدونكنار > دادگاه عمومي و انقلاب شهرستان فريدونكنار,3
20015,شوراهاي حل اختلاف شهرستان فريدونكنار,دادگستري كل استان مازندران > حوزه قضايي شهرستان فريدونكنار > شوراهاي حل اختلاف شهرستان فريدونكنار,3
01082,حوزه قضايي شهرستان قائم شهر,دادگستري كل استان مازندران > حوزه قضايي شهرستان قائم شهر,2
12319,دادسراي عمومي و انقلاب شهرستان قائم شهر,دادگستري كل استان مازندران > حوزه قضايي شهرستان قائم شهر > دادسراي عمومي و انقلاب شهرستان قائم شهر,3
12320,مجتمع دادسراي عمومي و انقلاب شهرستان قائم شهر,دادگستري كل استان مازندران > حوزه قضايي شهرستان قائم شهر > دادسراي عمومي و انقلاب شهرستان قائم شهر > مجتمع دادسراي عمومي و انقلاب شهرستان قائم شهر,4
00305,دادگاه عمومي و انقلاب شهرستان قائم شهر,دادگستري كل استان مازندران > حوزه قضايي شهرستان قائم شهر > دادگاه عمومي و انقلاب شهرستان قائم شهر,3
12300,مجتمع دادگاههاي عمومي و انقلاب شهرستان قائم شهر,دادگستري كل استان مازندران > حوزه قضايي شهرستان قائم شهر > دادگاه عمومي و انقلاب شهرستان قائم شهر > مجتمع دادگاههاي عمومي و انقلاب شهرستان قائم شهر,4
12345,شوراي حل اختلاف شهرستان قائم شهر,دادگستري كل استان مازندران > حوزه قضايي شهرستان قائم شهر > شوراي حل اختلاف شهرستان قائم شهر,3
01078,حوزه قضايي شهرستان كلاردشت,دادگستري كل استان مازندران > حوزه قضايي شهرستان كلاردشت,2
00176,دادسراي عمومي و انقلاب شهرستان كلاردشت,دادگستري كل استان مازندران > حوزه قضايي شهرستان كلاردشت > دادسراي عمومي و انقلاب شهرستان كلاردشت,3
00175,دادگاه عمومي و انقلاب شهرستان كلاردشت,دادگستري كل استان مازندران > حوزه قضايي شهرستان كلاردشت > دادگاه عمومي و انقلاب شهرستان كلاردشت,3
20508,شوراي حل اختلاف شهرستان كلاردشت,دادگستري كل استان مازندران > حوزه قضايي شهرستان كلاردشت > شوراي حل اختلاف شهرستان كلاردشت,3
01011,حوزه قضايي شهرستان گلوگاه,دادگستري كل استان مازندران > حوزه قضايي شهرستان گلوگاه,2
19820,دادسراي عمومي و انقلاب شهرستان گلوگاه,دادگستري كل استان مازندران > حوزه قضايي شهرستان گلوگاه > دادسراي عمومي و انقلاب شهرستان گلوگاه,3
19815,دادگاه عمومي و انقلاب شهرستان گلوگاه,دادگستري كل استان مازندران > حوزه قضايي شهرستان گلوگاه > دادگاه عمومي و انقلاب شهرستان گلوگاه,3
19830,شوراهاي حل اختلاف شهرستان گلوگاه,دادگستري كل استان مازندران > حوزه قضايي شهرستان گلوگاه > شوراهاي حل اختلاف شهرستان گلوگاه,3
01000,حوزه قضايي شهرستان محمودآباد,دادگستري كل استان مازندران > حوزه قضايي شهرستان محمودآباد,2
12281,دادسراي عمومي و انقلاب شهرستان محمودآباد,دادگستري كل استان مازندران > حوزه قضايي شهرستان محمودآباد > دادسراي عمومي و انقلاب شهرستان محمودآباد,3
12282,مجتمع دادسراي عمومي و انقلاب شهرستان محمودآباد,دادگستري كل استان مازندران > حوزه قضايي شهرستان محمودآباد > دادسراي عمومي و انقلاب شهرستان محمودآباد > مجتمع دادسراي عمومي و انقلاب شهرستان محمودآباد,4
00306,دادگاه عمومي و انقلاب شهرستان محمودآباد,دادگستري كل استان مازندران > حوزه قضايي شهرستان محمودآباد > دادگاه عمومي و انقلاب شهرستان محمودآباد,3
12270,مجتمع دادگاههاي عمومي و انقلاب شهرستان محمودآباد,دادگستري كل استان مازندران > حوزه قضايي شهرستان محمودآباد > دادگاه عمومي و انقلاب شهرستان محمودآباد > مجتمع دادگاههاي عمومي و انقلاب شهرستان محمودآباد,4
12394,شوراي حل اختلاف شهرستان محمودآباد,دادگستري كل استان مازندران > حوزه قضايي شهرستان محمودآباد > شوراي حل اختلاف شهرستان محمودآباد,3
01013,حوزه قضايي شهرستان مياندورود,دادگستري كل استان مازندران > حوزه قضايي شهرستان مياندورود,2
19850,دادسراي عمومي و انقلاب شهرستان مياندورود,دادگستري كل استان مازندران > حوزه قضايي شهرستان مياندورود > دادسراي عمومي و انقلاب شهرستان مياندورود,3
19840,دادگاه عمومي و انقلاب شهرستان مياندورود,دادگستري كل استان مازندران > حوزه قضايي شهرستان مياندورود > دادگاه عمومي و انقلاب شهرستان مياندورود,3
19870,شوراي حل اختلاف شهرستان مياندورود,دادگستري كل استان مازندران > حوزه قضايي شهرستان مياندورود > شوراي حل اختلاف شهرستان مياندورود,3
01002,حوزه قضايي شهرستان نكاء,دادگستري كل استان مازندران > حوزه قضايي شهرستان نكاء,2
15965,دادسراي عمومي و انقلاب شهرستان نكاء,دادگستري كل استان مازندران > حوزه قضايي شهرستان نكاء > دادسراي عمومي و انقلاب شهرستان نكاء,3
15966,مجتمع دادسراي عمومي و انقلاب شهرستان نكاء,دادگستري كل استان مازندران > حوزه قضايي شهرستان نكاء > دادسراي عمومي و انقلاب شهرستان نكاء > مجتمع دادسراي عمومي و انقلاب شهرستان نكاء,4
00309,دادگاه عمومي و انقلاب شهرستان نكاء,دادگستري كل استان مازندران > حوزه قضايي شهرستان نكاء > دادگاه عمومي و انقلاب شهرستان نكاء,3
15950,مجتمع دادگاههاي عمومي و انقلاب شهرستان نكاء,دادگستري كل استان مازندران > حوزه قضايي شهرستان نكاء > دادگاه عمومي و انقلاب شهرستان نكاء > مجتمع دادگاههاي عمومي و انقلاب شهرستان نكاء,4
15983,شوراهاي حل اختلاف شهرستان نكاء,دادگستري كل استان مازندران > حوزه قضايي شهرستان نكاء > شوراهاي حل اختلاف شهرستان نكاء,3
01007,حوزه قضايي شهرستان نور,دادگستري كل استان مازندران > حوزه قضايي شهرستان نور,2
19660,دادسراي عمومي و انقلاب شهرستان نور,دادگستري كل استان مازندران > حوزه قضايي شهرستان نور > دادسراي عمومي و انقلاب شهرستان نور,3
19661,مجتمع دادسراي عمومي و انقلاب شهرستان نور,دادگستري كل استان مازندران > حوزه قضايي شهرستان نور > دادسراي عمومي و انقلاب شهرستان نور > مجتمع دادسراي عمومي و انقلاب شهرستان نور,4
00316,دادگاه عمومي و انقلاب شهرستان نور,دادگستري كل استان مازندران > حوزه قضايي شهرستان نور > دادگاه عمومي و انقلاب شهرستان نور,3
19640,مجتمع دادگاههاي عمومي و انقلاب شهرستان نور,دادگستري كل استان مازندران > حوزه قضايي شهرستان نور > دادگاه عمومي و انقلاب شهرستان نور > مجتمع دادگاههاي عمومي و انقلاب شهرستان نور,4
19685,شوراهاي حل اختلاف شهرستان نور,دادگستري كل استان مازندران > حوزه قضايي شهرستان نور > شوراهاي حل اختلاف شهرستان نور,3
01080,حوزه قضايي شهرستان نوشهر,دادگستري كل استان مازندران > حوزه قضايي شهرستان نوشهر,2
19740,دادسراي عمومي و انقلاب شهرستان نوشهر,دادگستري كل استان مازندران > حوزه قضايي شهرستان نوشهر > دادسراي عمومي و انقلاب شهرستان نوشهر,3
19741,مجتمع دادسراي عمومي و انقلاب شهرستان نوشهر,دادگستري كل استان مازندران > حوزه قضايي شهرستان نوشهر > دادسراي عمومي و انقلاب شهرستان نوشهر > مجتمع دادسراي عمومي و انقلاب شهرستان نوشهر,4
00192,دادگاه عمومي و انقلاب شهرستان نوشهر,دادگستري كل استان مازندران > حوزه قضايي شهرستان نوشهر > دادگاه عمومي و انقلاب شهرستان نوشهر,3
19720,مجتمع دادگاههاي عمومي و انقلاب شهرستان نوشهر,دادگستري كل استان مازندران > حوزه قضايي شهرستان نوشهر > دادگاه عمومي و انقلاب شهرستان نوشهر > مجتمع دادگاههاي عمومي و انقلاب شهرستان نوشهر,4
19761,شوراهاي حل اختلاف شهرستان نوشهر,دادگستري كل استان مازندران > حوزه قضايي شهرستان نوشهر > شوراهاي حل اختلاف شهرستان نوشهر,3
15153,مجتمع دادگاههاي تجديدنظر استان مازندران,دادگستري كل استان مازندران > مجتمع دادگاههاي تجديدنظر استان مازندران,2
20630,مجتمع دادگاههاي كيفري يك استان مازندران,دادگستري كل استان مازندران > مجتمع دادگاههاي كيفري يك استان مازندران,2
00199,دادگستري كل استان مركزي,دادگستري كل استان مركزي,1
89280,حوزه قضايي بخش زاليان,دادگستري كل استان مركزي > حوزه قضايي بخش زاليان,2
89309,دادسراي عمومي و انقلاب بخش زاليان,دادگستري كل استان مركزي > حوزه قضايي بخش زاليان > دادسراي عمومي و انقلاب بخش زاليان,3
89281,دادگاه عمومي و انقلاب بخش زاليان,دادگستري كل استان مركزي > حوزه قضايي بخش زاليان > دادگاه عمومي و انقلاب بخش زاليان,3
89295,شوراي حل اختلاف بخش زاليان,دادگستري كل استان مركزي > حوزه قضايي بخش زاليان > شوراي حل اختلاف بخش زاليان,3
89810,حوزه قضايي بخش مهاجران,دادگستري كل استان مركزي > حوزه قضايي بخش مهاجران,2
89811,دادگاه عمومي و انقلاب بخش مهاجران,دادگستري كل استان مركزي > حوزه قضايي بخش مهاجران > دادگاه عمومي و انقلاب بخش مهاجران,3
89817,شوراي حل اختلاف بخش مهاجران,دادگستري كل استان مركزي > حوزه قضايي بخش مهاجران > شوراي حل اختلاف بخش مهاجران,3
89250,حوزه قضايي بخش ميلاجرد,دادگستري كل استان مركزي > حوزه قضايي بخش ميلاجرد,2
89251,دادگاه عمومي و انقلاب بخش ميلاجرد,دادگستري كل استان مركزي > حوزه قضايي بخش ميلاجرد > دادگاه عمومي و انقلاب بخش ميلاجرد,3
89270,شوراي حل اختلاف بخش ميلاجرد,دادگستري كل استان مركزي > حوزه قضايي بخش ميلاجرد > شوراي حل اختلاف بخش ميلاجرد,3
00943,حوزه قضايي بخش نوبران,دادگستري كل استان مركزي > حوزه قضايي بخش نوبران,2
86850,دادگاه عمومي و انقلاب بخش نوبران,دادگستري كل استان مركزي > حوزه قضايي بخش نوبران > دادگاه عمومي و انقلاب بخش نوبران,3
86589,شوراي حل اختلاف بخش نوبران,دادگستري كل استان مركزي > حوزه قضايي بخش نوبران > شوراي حل اختلاف بخش نوبران,3
00712,حوزه قضايي شهرستان اراك,دادگستري كل استان مركزي > حوزه قضايي شهرستان اراك,2
86130,دادسراي عمومي و انقلاب اراك,دادگستري كل استان مركزي > حوزه قضايي شهرستان اراك > دادسراي عمومي و انقلاب اراك,3
89662,مجتمع شماره دو دادسراي عمومي و انقلاب شهرستان اراك (ويژه مبارزه با مواد مخدر و جرائم خاص),دادگستري كل استان مركزي > حوزه قضايي شهرستان اراك > دادسراي عمومي و انقلاب اراك > مجتمع شماره دو دادسراي عمومي و انقلاب شهرستان اراك (ويژه مبارزه با مواد مخدر و جرائم خاص),4
89663,مجتمع شماره سه دادسراي عمومي و انقلاب شهرستان اراك (ويژه تصادفات),دادگستري كل استان مركزي > حوزه قضايي شهرستان اراك > دادسراي عمومي و انقلاب اراك > مجتمع شماره سه دادسراي عمومي و انقلاب شهرستان اراك (ويژه تصادفات),4
86139,مجتمع شماره يك دادسراي عمومي و انقلاب شهرستان اراك,دادگستري كل استان مركزي > حوزه قضايي شهرستان اراك > دادسراي عمومي و انقلاب اراك > مجتمع شماره يك دادسراي عمومي و انقلاب شهرستان اراك,4
00181,دادگاه عمومي و انقلاب شهرستان اراك,دادگستري كل استان مركزي > حوزه قضايي شهرستان اراك > دادگاه عمومي و انقلاب شهرستان اراك,3
89800,مجتمع دادگاههاي صلح شهرستان اراك,دادگستري كل استان مركزي > حوزه قضايي شهرستان اراك > دادگاه عمومي و انقلاب شهرستان اراك > مجتمع دادگاههاي صلح شهرستان اراك,4
86120,مجتمع دادگاههاي كيفري دادگستري شهرستان اراك,دادگستري كل استان مركزي > حوزه قضايي شهرستان اراك > دادگاه عمومي و انقلاب شهرستان اراك > مجتمع دادگاههاي كيفري دادگستري شهرستان اراك,4
86100,مجتمع دادگاههاي مدني دادگستري شهرستان اراك,دادگستري كل استان مركزي > حوزه قضايي شهرستان اراك > دادگاه عمومي و انقلاب شهرستان اراك > مجتمع دادگاههاي مدني دادگستري شهرستان اراك,4
87000,شوراي حل اختلاف شهرستان اراك,دادگستري كل استان مركزي > حوزه قضايي شهرستان اراك > شوراي حل اختلاف شهرستان اراك,3
00716,حوزه قضايي شهرستان آشتيان,دادگستري كل استان مركزي > حوزه قضايي شهرستان آشتيان,2
00494,دادگاه عمومي و انقلاب شهرستان آشتيان,دادگستري كل استان مركزي > حوزه قضايي شهرستان آشتيان > دادگاه عمومي و انقلاب شهرستان آشتيان,3
86591,شوراي حل اختلاف شهرستان آشتيان,دادگستري كل استان مركزي > حوزه قضايي شهرستان آشتيان > شوراي حل اختلاف شهرستان آشتيان,3
00718,حوزه قضايي شهرستان تفرش,دادگستري كل استان مركزي > حوزه قضايي شهرستان تفرش,2
86300,دادسراي عمومي و انقلاب شهرستان تفرش,دادگستري كل استان مركزي > حوزه قضايي شهرستان تفرش > دادسراي عمومي و انقلاب شهرستان تفرش,3
00496,دادگاه عمومي و انقلاب شهرستان تفرش,دادگستري كل استان مركزي > حوزه قضايي شهرستان تفرش > دادگاه عمومي و انقلاب شهرستان تفرش,3
86590,شوراي حل اختلاف شهرستان تفرش,دادگستري كل استان مركزي > حوزه قضايي شهرستان تفرش > شوراي حل اختلاف شهرستان تفرش,3
00713,حوزه قضايي شهرستان خمين,دادگستري كل استان مركزي > حوزه قضايي شهرستان خمين,2
86542,دادسراي عمومي و انقلاب شهرستان خمين,دادگستري كل استان مركزي > حوزه قضايي شهرستان خمين > دادسراي عمومي و انقلاب شهرستان خمين,3
86543,مجتمع دادسراي عمومي و انقلاب شهرستان خمين,دادگستري كل استان مركزي > حوزه قضايي شهرستان خمين > دادسراي عمومي و انقلاب شهرستان خمين > مجتمع دادسراي عمومي و انقلاب شهرستان خمين,4
00184,دادگاه عمومي و انقلاب شهرستان خمين,دادگستري كل استان مركزي > حوزه قضايي شهرستان خمين > دادگاه عمومي و انقلاب شهرستان خمين,3
86500,مجتمع دادگاههاي عمومي و انقلاب شهرستان خمين,دادگستري كل استان مركزي > حوزه قضايي شهرستان خمين > دادگاه عمومي و انقلاب شهرستان خمين > مجتمع دادگاههاي عمومي و انقلاب شهرستان خمين,4
86564,شوراي حل اختلاف شهرستان خمين,دادگستري كل استان مركزي > حوزه قضايي شهرستان خمين > شوراي حل اختلاف شهرستان خمين,3
00941,حوزه قضايي شهرستان خنداب,دادگستري كل استان مركزي > حوزه قضايي شهرستان خنداب,2
86751,دادسراي عمومي و انقلاب شهرستان خنداب,دادگستري كل استان مركزي > حوزه قضايي شهرستان خنداب > دادسراي عمومي و انقلاب شهرستان خنداب,3
86750,دادگاه عمومي و انقلاب شهرستان خنداب,دادگستري كل استان مركزي > حوزه قضايي شهرستان خنداب > دادگاه عمومي و انقلاب شهرستان خنداب,3
86594,شوراي حل اختلاف شهرستان خنداب,دادگستري كل استان مركزي > حوزه قضايي شهرستان خنداب > شوراي حل اختلاف شهرستان خنداب,3
00720,حوزه قضايي شهرستان دليجان,دادگستري كل استان مركزي > حوزه قضايي شهرستان دليجان,2
86651,دادسراي عمومي و انقلاب شهرستان دليجان,دادگستري كل استان مركزي > حوزه قضايي شهرستان دليجان > دادسراي عمومي و انقلاب شهرستان دليجان,3
86650,دادگاه عمومي و انقلاب شهرستان دليجان,دادگستري كل استان مركزي > حوزه قضايي شهرستان دليجان > دادگاه عمومي و انقلاب شهرستان دليجان,3
86585,شوراي حل اختلاف شهرستان دليجان,دادگستري كل استان مركزي > حوزه قضايي شهرستان دليجان > شوراي حل اختلاف شهرستان دليجان,3
00717,حوزه قضايي شهرستان زرنديه,دادگستري كل استان مركزي > حوزه قضايي شهرستان زرنديه,2
86350,دادسراي عمومي و انقلاب شهرستان زرنديه,دادگستري كل استان مركزي > حوزه قضايي شهرستان زرنديه > دادسراي عمومي و انقلاب شهرستان زرنديه,3
00495,دادگاه عمومي و انقلاب شهرستان زرنديه,دادگستري كل استان مركزي > حوزه قضايي شهرستان زرنديه > دادگاه عمومي و انقلاب شهرستان زرنديه,3
86588,شوراي حل اختلاف شهرستان زرنديه,دادگستري كل استان مركزي > حوزه قضايي شهرستان زرنديه > شوراي حل اختلاف شهرستان زرنديه,3
00711,حوزه قضايي شهرستان ساوه,دادگستري كل استان مركزي > حوزه قضايي شهرستان ساوه,2
25500,دادسراي عمومي و انقلاب شهرستان ساوه,دادگستري كل استان مركزي > حوزه قضايي شهرستان ساوه > دادسراي عمومي و انقلاب شهرستان ساوه,3
00040,دادگاه عمومي و انقلاب شهرستان ساوه,دادگستري كل استان مركزي > حوزه قضايي شهرستان ساوه > دادگاه عمومي و انقلاب شهرستان ساوه,3
86587,شوراي حل اختلاف شهرستان ساوه,دادگستري كل استان مركزي > حوزه قضايي شهرستان ساوه > شوراي حل اختلاف شهرستان ساوه,3
00715,حوزه قضايي شهرستان شازند,دادگستري كل استان مركزي > حوزه قضايي شهرستان شازند,2
86200,دادسراي عمومي و انقلاب شهرستان شازند,دادگستري كل استان مركزي > حوزه قضايي شهرستان شازند > دادسراي عمومي و انقلاب شهرستان شازند,3
00493,دادگاه عمومي و انقلاب شهرستان شازند,دادگستري كل استان مركزي > حوزه قضايي شهرستان شازند > دادگاه عمومي و انقلاب شهرستان شازند,3
86595,شوراي حل اختلاف شهرستان شازند,دادگستري كل استان مركزي > حوزه قضايي شهرستان شازند > شوراي حل اختلاف شهرستان شازند,3
00942,حوزه قضايي شهرستان فراهان,دادگستري كل استان مركزي > حوزه قضايي شهرستان فراهان,2
86801,دادسراي عمومي و انقلاب شهرستان فراهان,دادگستري كل استان مركزي > حوزه قضايي شهرستان فراهان > دادسراي عمومي و انقلاب شهرستان فراهان,3
86800,دادگاه عمومي و انقلاب شهرستان فراهان,دادگستري كل استان مركزي > حوزه قضايي شهرستان فراهان > دادگاه عمومي و انقلاب شهرستان فراهان,3
86592,شوراي حل اختلاف شهرستان فراهان,دادگستري كل استان مركزي > حوزه قضايي شهرستان فراهان > شوراي حل اختلاف شهرستان فراهان,3
00714,حوزه قضايي شهرستان كميجان,دادگستري كل استان مركزي > حوزه قضايي شهرستان كميجان,2
00492,دادگاه عمومي و انقلاب شهرستان كميجان,دادگستري كل استان مركزي > حوزه قضايي شهرستان كميجان > دادگاه عمومي و انقلاب شهرستان كميجان,3
86593,شوراي حل اختلاف شهرستان كميجان,دادگستري كل استان مركزي > حوزه قضايي شهرستان كميجان > شوراي حل اختلاف شهرستان كميجان,3
00719,حوزه قضايي شهرستان محلات,دادگستري كل استان مركزي > حوزه قضايي شهرستان محلات,2
86600,دادسراي عمومي و انقلاب شهرستان محلات,دادگستري كل استان مركزي > حوزه قضايي شهرستان محلات > دادسراي عمومي و انقلاب شهرستان محلات,3
00497,دادگاه عمومي و انقلاب شهرستان محلات,دادگستري كل استان مركزي > حوزه قضايي شهرستان محلات > دادگاه عمومي و انقلاب شهرستان محلات,3
86586,شوراي حل اختلاف شهرستان محلات,دادگستري كل استان مركزي > حوزه قضايي شهرستان محلات > شوراي حل اختلاف شهرستان محلات,3
86177,دادگاههاي كيفري يك استان مركزي,دادگستري كل استان مركزي > دادگاههاي كيفري يك استان مركزي,2
86165,مجتمع دادگاههاي تجديدنظر استان مركزي,دادگستري كل استان مركزي > مجتمع دادگاههاي تجديدنظر استان مركزي,2
00249,دادگستري كل استان هرمزگان,دادگستري كل استان هرمزگان,1
77090,حوزه قضايي بخش احمدي,دادگستري كل استان هرمزگان > حوزه قضايي بخش احمدي,2
77091,دادگاه عمومي و انقلاب بخش احمدي,دادگستري كل استان هرمزگان > حوزه قضايي بخش احمدي > دادگاه عمومي و انقلاب بخش احمدي,3
78040,شوراي حل اختلاف بخش احمدي,دادگستري كل استان هرمزگان > حوزه قضايي بخش احمدي > شوراي حل اختلاف بخش احمدي,3
78030,حوزه قضايي بخش توكهور,دادگستري كل استان هرمزگان > حوزه قضايي بخش توكهور,2
78031,دادگاه عمومي و انقلاب بخش توكهور,دادگستري كل استان هرمزگان > حوزه قضايي بخش توكهور > دادگاه عمومي و انقلاب بخش توكهور,3
78045,شوراي حل اختلاف بخش توكهور,دادگستري كل استان هرمزگان > حوزه قضايي بخش توكهور > شوراي حل اختلاف بخش توكهور,3
78115,حوزه قضايي بخش جناح,دادگستري كل استان هرمزگان > حوزه قضايي بخش جناح,2
78116,دادگاه عمومي و انقلاب بخش جناح,دادگستري كل استان هرمزگان > حوزه قضايي بخش جناح > دادگاه عمومي و انقلاب بخش جناح,3
78181,شوراي حل اختلاف بخش جناح,دادگستري كل استان هرمزگان > حوزه قضايي بخش جناح > شوراي حل اختلاف بخش جناح,3
76480,حوزه قضايي بخش رودخانه,دادگستري كل استان هرمزگان > حوزه قضايي بخش رودخانه,2
76481,دادگاه عمومي و انقلاب بخش رودخانه,دادگستري كل استان هرمزگان > حوزه قضايي بخش رودخانه > دادگاه عمومي و انقلاب بخش رودخانه,3
07620,شوراي حل اختلاف بخش رودخانه,دادگستري كل استان هرمزگان > حوزه قضايي بخش رودخانه > شوراي حل اختلاف بخش رودخانه,3
76500,حوزه قضايي بخش فين,دادگستري كل استان هرمزگان > حوزه قضايي بخش فين,2
76501,دادگاه عمومي و انقلاب بخش فين,دادگستري كل استان هرمزگان > حوزه قضايي بخش فين > دادگاه عمومي و انقلاب بخش فين,3
07680,شوراي حل اختلاف بخش فين,دادگستري كل استان هرمزگان > حوزه قضايي بخش فين > شوراي حل اختلاف بخش فين,3
78078,حوزه قضايي بخش قلعه‌قاضي,دادگستري كل استان هرمزگان > حوزه قضايي بخش قلعه‌قاضي,2
78079,دادگاه عمومي و انقلاب بخش قلعه‌قاضي,دادگستري كل استان هرمزگان > حوزه قضايي بخش قلعه‌قاضي > دادگاه عمومي و انقلاب بخش قلعه‌قاضي,3
00781,حوزه قضايي بخش كيش,دادگستري كل استان هرمزگان > حوزه قضايي بخش كيش,2
76541,دادسراي عمومي و انقلاب  بخش كيش,دادگستري كل استان هرمزگان > حوزه قضايي بخش كيش > دادسراي عمومي و انقلاب  بخش كيش,3
00622,دادگاه عمومي و انقلاب شهرستان جزيره كيش,دادگستري كل استان هرمزگان > حوزه قضايي بخش كيش > دادگاه عمومي و انقلاب شهرستان جزيره كيش,3
07750,شوراي حل اختلاف بخش كيش,دادگستري كل استان هرمزگان > حوزه قضايي بخش كيش > شوراي حل اختلاف بخش كيش,3
78270,حوزه قضايي بخش هرمز,دادگستري كل استان هرمزگان > حوزه قضايي بخش هرمز,2
78273,دادگاه عمومي و انقلاب بخش هرمز,دادگستري كل استان هرمزگان > حوزه قضايي بخش هرمز > دادگاه عمومي و انقلاب بخش هرمز,3
00774,حوزه قضايي شهرستان ابوموسي,دادگستري كل استان هرمزگان > حوزه قضايي شهرستان ابوموسي,2
00373,دادگاه عمومي و انقلاب شهرستان ابوموسي,دادگستري كل استان هرمزگان > حوزه قضايي شهرستان ابوموسي > دادگاه عمومي و انقلاب شهرستان ابوموسي,3
76810,شوراي حل اختلاف شهرستان ابوموسي,دادگستري كل استان هرمزگان > حوزه قضايي شهرستان ابوموسي > شوراي حل اختلاف شهرستان ابوموسي,3
00778,حوزه قضايي شهرستان بستك,دادگستري كل استان هرمزگان > حوزه قضايي شهرستان بستك,2
00377,دادگاه عمومي و انقلاب شهرستان بستك,دادگستري كل استان هرمزگان > حوزه قضايي شهرستان بستك > دادگاه عمومي و انقلاب شهرستان بستك,3
76820,شوراي حل اختلاف شهرستان بستك,دادگستري كل استان هرمزگان > حوزه قضايي شهرستان بستك > شوراي حل اختلاف شهرستان بستك,3
76330,حوزه قضايي شهرستان بشاگرد,دادگستري كل استان هرمزگان > حوزه قضايي شهرستان بشاگرد,2
76331,دادگاه عمومي و انقلاب شهرستان بشاگرد,دادگستري كل استان هرمزگان > حوزه قضايي شهرستان بشاگرد > دادگاه عمومي و انقلاب شهرستان بشاگرد,3
78060,شوراي حل اختلاف شهرستان بشاگرد,دادگستري كل استان هرمزگان > حوزه قضايي شهرستان بشاگرد > شوراي حل اختلاف شهرستان بشاگرد,3
00780,حوزه قضايي شهرستان بندرجاسك,دادگستري كل استان هرمزگان > حوزه قضايي شهرستان بندرجاسك,2
76350,دادسراي عمومي و انقلاب شهرستان بندرجاسك,دادگستري كل استان هرمزگان > حوزه قضايي شهرستان بندرجاسك > دادسراي عمومي و انقلاب شهرستان بندرجاسك,3
00553,دادگاه عمومي و انقلاب شهرستان بندرجاسك,دادگستري كل استان هرمزگان > حوزه قضايي شهرستان بندرجاسك > دادگاه عمومي و انقلاب شهرستان بندرجاسك,3
76900,شوراي حل اختلاف شهرستان بندرجاسك,دادگستري كل استان هرمزگان > حوزه قضايي شهرستان بندرجاسك > شوراي حل اختلاف شهرستان بندرجاسك,3
00771,حوزه قضايي شهرستان بندرعباس,دادگستري كل استان هرمزگان > حوزه قضايي شهرستان بندرعباس,2
76129,دادسراي عمومي و انقلاب شهرستان بندرعباس,دادگستري كل استان هرمزگان > حوزه قضايي شهرستان بندرعباس > دادسراي عمومي و انقلاب شهرستان بندرعباس,3
01817,دادگاه عمومي و انقلاب شهرستان بندرعباس,دادگستري كل استان هرمزگان > حوزه قضايي شهرستان بندرعباس > دادگاه عمومي و انقلاب شهرستان بندرعباس,3
77046,مجتمع دادگاههاي خانواده شهرستان بندرعباس,دادگستري كل استان هرمزگان > حوزه قضايي شهرستان بندرعباس > دادگاه عمومي و انقلاب شهرستان بندرعباس > مجتمع دادگاههاي خانواده شهرستان بندرعباس,4
77047,مجتمع دادگاههاي صلح شهرستان بندرعباس,دادگستري كل استان هرمزگان > حوزه قضايي شهرستان بندرعباس > دادگاه عمومي و انقلاب شهرستان بندرعباس > مجتمع دادگاههاي صلح شهرستان بندرعباس,4
77041,مجتمع دادگاههاي عمومي حقوقي شهرستان بندرعباس,دادگستري كل استان هرمزگان > حوزه قضايي شهرستان بندرعباس > دادگاه عمومي و انقلاب شهرستان بندرعباس > مجتمع دادگاههاي عمومي حقوقي شهرستان بندرعباس,4
77042,مجتمع دادگاههاي كيفري و انقلاب شهرستان بندرعباس,دادگستري كل استان هرمزگان > حوزه قضايي شهرستان بندرعباس > دادگاه عمومي و انقلاب شهرستان بندرعباس > مجتمع دادگاههاي كيفري و انقلاب شهرستان بندرعباس,4
76199,شوراي حل اختلاف بندرعباس,دادگستري كل استان هرمزگان > حوزه قضايي شهرستان بندرعباس > شوراي حل اختلاف بندرعباس,3
00779,حوزه قضايي شهرستان بندرلنگه,دادگستري كل استان هرمزگان > حوزه قضايي شهرستان بندرلنگه,2
76391,دادسراي عمومي و انقلاب شهرستان بندرلنگه,دادگستري كل استان هرمزگان > حوزه قضايي شهرستان بندرلنگه > دادسراي عمومي و انقلاب شهرستان بندرلنگه,3
00378,دادگاه عمومي و انقلاب شهرستان بندرلنگه,دادگستري كل استان هرمزگان > حوزه قضايي شهرستان بندرلنگه > دادگاه عمومي و انقلاب شهرستان بندرلنگه,3
76860,شوراي حل اختلاف شهرستان بندرلنگه,دادگستري كل استان هرمزگان > حوزه قضايي شهرستان بندرلنگه > شوراي حل اختلاف شهرستان بندرلنگه,3
76410,حوزه قضايي شهرستان پارسيان,دادگستري كل استان هرمزگان > حوزه قضايي شهرستان پارسيان,2
76411,دادگاه عمومي و انقلاب شهرستان پارسيان,دادگستري كل استان هرمزگان > حوزه قضايي شهرستان پارسيان > دادگاه عمومي و انقلاب شهرستان پارسيان,3
07640,شوراي حل اختلاف شهرستان پارسيان,دادگستري كل استان هرمزگان > حوزه قضايي شهرستان پارسيان > شوراي حل اختلاف شهرستان پارسيان,3
00777,حوزه قضايي شهرستان حاجي‌آباد,دادگستري كل استان هرمزگان > حوزه قضايي شهرستان حاجي‌آباد,2
76440,دادسراي عمومي و انقلاب شهرستان حاجي‌آباد,دادگستري كل استان هرمزگان > حوزه قضايي شهرستان حاجي‌آباد > دادسراي عمومي و انقلاب شهرستان حاجي‌آباد,3
00376,دادگاه عمومي و انقلاب شهرستان حاجي‌آباد,دادگستري كل استان هرمزگان > حوزه قضايي شهرستان حاجي‌آباد > دادگاه عمومي و انقلاب شهرستان حاجي‌آباد,3
76950,شوراي حل اختلاف شهرستان حاجي‌آباد,دادگستري كل استان هرمزگان > حوزه قضايي شهرستان حاجي‌آباد > شوراي حل اختلاف شهرستان حاجي‌آباد,3
00772,حوزه قضايي شهرستان خمير,دادگستري كل استان هرمزگان > حوزه قضايي شهرستان خمير,2
00371,دادگاه عمومي و انقلاب شهرستان خمير,دادگستري كل استان هرمزگان > حوزه قضايي شهرستان خمير > دادگاه عمومي و انقلاب شهرستان خمير,3
07600,شوراي حل اختلاف شهرستان خمير,دادگستري كل استان هرمزگان > حوزه قضايي شهرستان خمير > شوراي حل اختلاف شهرستان خمير,3
00775,حوزه قضايي شهرستان رودان,دادگستري كل استان هرمزگان > حوزه قضايي شهرستان رودان,2
76460,دادسراي عمومي و انقلاب شهرستان رودان,دادگستري كل استان هرمزگان > حوزه قضايي شهرستان رودان > دادسراي عمومي و انقلاب شهرستان رودان,3
00374,دادگاه عمومي و انقلاب شهرستان رودان,دادگستري كل استان هرمزگان > حوزه قضايي شهرستان رودان > دادگاه عمومي و انقلاب شهرستان رودان,3
77020,شوراي حل اختلاف شهرستان رودان,دادگستري كل استان هرمزگان > حوزه قضايي شهرستان رودان > شوراي حل اختلاف شهرستان رودان,3
77050,حوزه قضايي شهرستان سيريك,دادگستري كل استان هرمزگان > حوزه قضايي شهرستان سيريك,2
77051,دادگاه عمومي و انقلاب شهرستان سيريك,دادگستري كل استان هرمزگان > حوزه قضايي شهرستان سيريك > دادگاه عمومي و انقلاب شهرستان سيريك,3
77070,شوراي حل اختلاف شهرستان سيريك,دادگستري كل استان هرمزگان > حوزه قضايي شهرستان سيريك > شوراي حل اختلاف شهرستان سيريك,3
00776,حوزه قضايي شهرستان قشم,دادگستري كل استان هرمزگان > حوزه قضايي شهرستان قشم,2
76520,دادسراي عمومي و انقلاب شهرستان قشم,دادگستري كل استان هرمزگان > حوزه قضايي شهرستان قشم > دادسراي عمومي و انقلاب شهرستان قشم,3
00375,دادگاه عمومي و انقلاب شهرستان قشم,دادگستري كل استان هرمزگان > حوزه قضايي شهرستان قشم > دادگاه عمومي و انقلاب شهرستان قشم,3
07700,شوراي حل اختلاف شهرستان قشم,دادگستري كل استان هرمزگان > حوزه قضايي شهرستان قشم > شوراي حل اختلاف شهرستان قشم,3
00773,حوزه قضايي شهرستان ميناب,دادگستري كل استان هرمزگان > حوزه قضايي شهرستان ميناب,2
76560,دادسراي عمومي و انقلاب شهرستان ميناب,دادگستري كل استان هرمزگان > حوزه قضايي شهرستان ميناب > دادسراي عمومي و انقلاب شهرستان ميناب,3
00372,دادگاه عمومي و انقلاب شهرستان ميناب,دادگستري كل استان هرمزگان > حوزه قضايي شهرستان ميناب > دادگاه عمومي و انقلاب شهرستان ميناب,3
76690,شوراي حل اختلاف شهرستان ميناب,دادگستري كل استان هرمزگان > حوزه قضايي شهرستان ميناب > شوراي حل اختلاف شهرستان ميناب,3
77040,دادگاههاي كيفري يك استان هرمزگان,دادگستري كل استان هرمزگان > دادگاههاي كيفري يك استان هرمزگان,2
77045,مجتمع دادگاههاي تجديدنظر استان هرمزگان,دادگستري كل استان هرمزگان > مجتمع دادگاههاي تجديدنظر استان هرمزگان,2
00252,دادگستري كل استان همدان,دادگستري كل استان همدان,1
81770,حوزه قضايي بخش پيرسلمان,دادگستري كل استان همدان > حوزه قضايي بخش پيرسلمان,2
81771,دادگاه عمومي و انقلاب بخش پيرسلمان,دادگستري كل استان همدان > حوزه قضايي بخش پيرسلمان > دادگاه عمومي و انقلاب بخش پيرسلمان,3
81330,حوزه قضايي بخش جوكار,دادگستري كل استان همدان > حوزه قضايي بخش جوكار,2
81331,دادگاه عمومي و انقلاب بخش جوكار,دادگستري كل استان همدان > حوزه قضايي بخش جوكار > دادگاه عمومي و انقلاب بخش جوكار,3
85340,شوراي حل اختلاف بخش جوكار,دادگستري كل استان همدان > حوزه قضايي بخش جوكار > شوراي حل اختلاف بخش جوكار,3
81360,حوزه قضايي بخش خزل,دادگستري كل استان همدان > حوزه قضايي بخش خزل,2
81361,دادگاه عمومي و انقلاب بخش خزل,دادگستري كل استان همدان > حوزه قضايي بخش خزل > دادگاه عمومي و انقلاب بخش خزل,3
81369,شوراي حل اختلاف بخش خزل,دادگستري كل استان همدان > حوزه قضايي بخش خزل > شوراي حل اختلاف بخش خزل,3
81750,حوزه قضايي بخش زند,دادگستري كل استان همدان > حوزه قضايي بخش زند,2
81751,دادگاه عمومي و انقلاب  بخش زند,دادگستري كل استان همدان > حوزه قضايي بخش زند > دادگاه عمومي و انقلاب  بخش زند,3
81759,شوراي حل اختلاف بخش زند,دادگستري كل استان همدان > حوزه قضايي بخش زند > شوراي حل اختلاف بخش زند,3
81380,حوزه قضايي بخش سامن,دادگستري كل استان همدان > حوزه قضايي بخش سامن,2
81381,دادگاه عمومي و انقلاب بخش سامن,دادگستري كل استان همدان > حوزه قضايي بخش سامن > دادگاه عمومي و انقلاب بخش سامن,3
85188,شوراي حل اختلاف بخش سامن,دادگستري كل استان همدان > حوزه قضايي بخش سامن > شوراي حل اختلاف بخش سامن,3
81290,حوزه قضايي بخش سردرود استان همدان,دادگستري كل استان همدان > حوزه قضايي بخش سردرود استان همدان,2
81291,دادگاه عمومي و انقلاب بخش سردرود استان همدان,دادگستري كل استان همدان > حوزه قضايي بخش سردرود استان همدان > دادگاه عمومي و انقلاب بخش سردرود استان همدان,3
81470,شوراي حل اختلاف بخش سردرود استان همدان,دادگستري كل استان همدان > حوزه قضايي بخش سردرود استان همدان > شوراي حل اختلاف بخش سردرود استان همدان,3
81400,حوزه قضايي بخش شراء(قهاوند),دادگستري كل استان همدان > حوزه قضايي بخش شراء(قهاوند),2
81401,دادگاه عمومي و انقلاب بخش شراء(قهاوند),دادگستري كل استان همدان > حوزه قضايي بخش شراء(قهاوند) > دادگاه عمومي و انقلاب بخش شراء(قهاوند),3
81404,شوراي حل اختلاف بخش شراء(قهاوند),دادگستري كل استان همدان > حوزه قضايي بخش شراء(قهاوند) > شوراي حل اختلاف بخش شراء(قهاوند),3
81465,حوزه قضايي بخش شيرين سو,دادگستري كل استان همدان > حوزه قضايي بخش شيرين سو,2
81466,دادگاه عمومي و انقلاب بخش شيرين سو,دادگستري كل استان همدان > حوزه قضايي بخش شيرين سو > دادگاه عمومي و انقلاب بخش شيرين سو,3
81450,حوزه قضايي بخش صالح آباد استان همدان,دادگستري كل استان همدان > حوزه قضايي بخش صالح آباد استان همدان,2
81451,دادگاه عمومي و انقلاب بخش صالح آباد استان همدان,دادگستري كل استان همدان > حوزه قضايي بخش صالح آباد استان همدان > دادگاه عمومي و انقلاب بخش صالح آباد استان همدان,3
85450,شوراي حل اختلاف بخش صالح آباد استان همدان,دادگستري كل استان همدان > حوزه قضايي بخش صالح آباد استان همدان > شوراي حل اختلاف بخش صالح آباد استان همدان,3
81420,حوزه قضايي بخش گل تپه,دادگستري كل استان همدان > حوزه قضايي بخش گل تپه,2
81421,دادگاه عمومي و انقلاب بخش گل تپه,دادگستري كل استان همدان > حوزه قضايي بخش گل تپه > دادگاه عمومي و انقلاب بخش گل تپه,3
85420,شوراي حل اختلاف بخش گل تپه,دادگستري كل استان همدان > حوزه قضايي بخش گل تپه > شوراي حل اختلاف بخش گل تپه,3
81340,حوزه قضايي بخش لالجين,دادگستري كل استان همدان > حوزه قضايي بخش لالجين,2
81341,دادگاه عمومي و انقلاب بخش لالجين,دادگستري كل استان همدان > حوزه قضايي بخش لالجين > دادگاه عمومي و انقلاب بخش لالجين,3
81355,شوراي حل اختلاف بخش لالجين,دادگستري كل استان همدان > حوزه قضايي بخش لالجين > شوراي حل اختلاف بخش لالجين,3
00901,حوزه قضايي شهرستان اسدآباد,دادگستري كل استان همدان > حوزه قضايي شهرستان اسدآباد,2
81200,دادسراي عمومي و انقلاب شهرستان اسدآباد,دادگستري كل استان همدان > حوزه قضايي شهرستان اسدآباد > دادسراي عمومي و انقلاب شهرستان اسدآباد,3
00276,دادگاه عمومي و انقلاب شهرستان اسدآباد,دادگستري كل استان همدان > حوزه قضايي شهرستان اسدآباد > دادگاه عمومي و انقلاب شهرستان اسدآباد,3
85360,شوراي حل اختلاف شهرستان اسدآباد,دادگستري كل استان همدان > حوزه قضايي شهرستان اسدآباد > شوراي حل اختلاف شهرستان اسدآباد,3
00902,حوزه قضايي شهرستان بهار,دادگستري كل استان همدان > حوزه قضايي شهرستان بهار,2
81300,دادسراي عمومي و انقلاب شهرستان بهار (استان همدان),دادگستري كل استان همدان > حوزه قضايي شهرستان بهار > دادسراي عمومي و انقلاب شهرستان بهار (استان همدان),3
00277,دادگاه عمومي و انقلاب شهرستان بهار (استان همدان),دادگستري كل استان همدان > حوزه قضايي شهرستان بهار > دادگاه عمومي و انقلاب شهرستان بهار (استان همدان),3
81540,شوراي حل اختلاف شهرستان بهار (استان همدان),دادگستري كل استان همدان > حوزه قضايي شهرستان بهار > شوراي حل اختلاف شهرستان بهار (استان همدان),3
00904,حوزه قضايي شهرستان تويسركان,دادگستري كل استان همدان > حوزه قضايي شهرستان تويسركان,2
85250,دادسراي عمومي و انقلاب شهرستان تويسركان,دادگستري كل استان همدان > حوزه قضايي شهرستان تويسركان > دادسراي عمومي و انقلاب شهرستان تويسركان,3
00279,دادگاه عمومي و انقلاب شهرستان تويسركان,دادگستري كل استان همدان > حوزه قضايي شهرستان تويسركان > دادگاه عمومي و انقلاب شهرستان تويسركان,3
85280,شوراي حل اختلاف شهرستان تويسركان,دادگستري كل استان همدان > حوزه قضايي شهرستان تويسركان > شوراي حل اختلاف شهرستان تويسركان,3
81370,حوزه قضايي شهرستان درگزين,دادگستري كل استان همدان > حوزه قضايي شهرستان درگزين,2
81371,دادگاه عمومي و انقلاب شهرستان درگزين,دادگستري كل استان همدان > حوزه قضايي شهرستان درگزين > دادگاه عمومي و انقلاب شهرستان درگزين,3
85410,شوراي حل اختلاف شهرستان درگزين,دادگستري كل استان همدان > حوزه قضايي شهرستان درگزين > شوراي حل اختلاف شهرستان درگزين,3
00905,حوزه قضايي شهرستان رزن,دادگستري كل استان همدان > حوزه قضايي شهرستان رزن,2
81260,دادسراي عمومي و انقلاب شهرستان رزن,دادگستري كل استان همدان > حوزه قضايي شهرستان رزن > دادسراي عمومي و انقلاب شهرستان رزن,3
00280,دادگاه عمومي و انقلاب شهرستان رزن,دادگستري كل استان همدان > حوزه قضايي شهرستان رزن > دادگاه عمومي و انقلاب شهرستان رزن,3
81490,شوراي حل اختلاف شهرستان رزن,دادگستري كل استان همدان > حوزه قضايي شهرستان رزن > شوراي حل اختلاف شهرستان رزن,3
81430,حوزه قضايي شهرستان فامنين,دادگستري كل استان همدان > حوزه قضايي شهرستان فامنين,2
81432,دادسراي عمومي و انقلاب شهرستان فامنين,دادگستري كل استان همدان > حوزه قضايي شهرستان فامنين > دادسراي عمومي و انقلاب شهرستان فامنين,3
81431,دادگاه عمومي و انقلاب شهرستان فامنين,دادگستري كل استان همدان > حوزه قضايي شهرستان فامنين > دادگاه عمومي و انقلاب شهرستان فامنين,3
85430,شوراي حل اختلاف شهرستان فامنين,دادگستري كل استان همدان > حوزه قضايي شهرستان فامنين > شوراي حل اختلاف شهرستان فامنين,3
00903,حوزه قضايي شهرستان كبودر آهنگ,دادگستري كل استان همدان > حوزه قضايي شهرستان كبودر آهنگ,2
81230,دادسراي عمومي و انقلاب شهرستان كبودر آهنگ,دادگستري كل استان همدان > حوزه قضايي شهرستان كبودر آهنگ > دادسراي عمومي و انقلاب شهرستان كبودر آهنگ,3
00278,دادگاه عمومي و انقلاب شهرستان كبودر آهنگ,دادگستري كل استان همدان > حوزه قضايي شهرستان كبودر آهنگ > دادگاه عمومي و انقلاب شهرستان كبودر آهنگ,3
81480,شوراي حل اختلاف شهرستان كبودر آهنگ,دادگستري كل استان همدان > حوزه قضايي شهرستان كبودر آهنگ > شوراي حل اختلاف شهرستان كبودر آهنگ,3
00907,حوزه قضايي شهرستان ملاير,دادگستري كل استان همدان > حوزه قضايي شهرستان ملاير,2
85100,دادسراي عمومي و انقلاب شهرستان ملاير,دادگستري كل استان همدان > حوزه قضايي شهرستان ملاير > دادسراي عمومي و انقلاب شهرستان ملاير,3
00282,دادگاه عمومي و انقلاب شهرستان ملاير,دادگستري كل استان همدان > حوزه قضايي شهرستان ملاير > دادگاه عمومي و انقلاب شهرستان ملاير,3
85160,شوراي حل اختلاف شهرستان ملاير,دادگستري كل استان همدان > حوزه قضايي شهرستان ملاير > شوراي حل اختلاف شهرستان ملاير,3
00906,حوزه قضايي شهرستان نهاوند,دادگستري كل استان همدان > حوزه قضايي شهرستان نهاوند,2
85200,دادسراي عمومي و انقلاب شهرستان نهاوند,دادگستري كل استان همدان > حوزه قضايي شهرستان نهاوند > دادسراي عمومي و انقلاب شهرستان نهاوند,3
00281,دادگاه عمومي و انقلاب شهرستان نهاوند,دادگستري كل استان همدان > حوزه قضايي شهرستان نهاوند > دادگاه عمومي و انقلاب شهرستان نهاوند,3
85310,شوراي حل اختلاف شهرستان نهاوند,دادگستري كل استان همدان > حوزه قضايي شهرستان نهاوند > شوراي حل اختلاف شهرستان نهاوند,3
00900,حوزه قضايي شهرستان همدان,دادگستري كل استان همدان > حوزه قضايي شهرستان همدان,2
81120,دادسراي عمومي و انقلاب همدان,دادگستري كل استان همدان > حوزه قضايي شهرستان همدان > دادسراي عمومي و انقلاب همدان,3
00196,دادگاه عمومي و انقلاب شهرستان همدان,دادگستري كل استان همدان > حوزه قضايي شهرستان همدان > دادگاه عمومي و انقلاب شهرستان همدان,3
85473,مجتمع دادگاه هاي صلح شهرستان همدان,دادگستري كل استان همدان > حوزه قضايي شهرستان همدان > دادگاه عمومي و انقلاب شهرستان همدان > مجتمع دادگاه هاي صلح شهرستان همدان,4
00189,مجتمع دادگاههاي عمومي و انقلاب شهرستان همدان,دادگستري كل استان همدان > حوزه قضايي شهرستان همدان > دادگاه عمومي و انقلاب شهرستان همدان > مجتمع دادگاههاي عمومي و انقلاب شهرستان همدان,4
81270,مجتمع قضايي آخوند همداني(دادگاه خانواده) دادگستري شهرستان همدان,دادگستري كل استان همدان > حوزه قضايي شهرستان همدان > دادگاه عمومي و انقلاب شهرستان همدان > مجتمع قضايي آخوند همداني(دادگاه خانواده) دادگستري شهرستان همدان,4
81550,شوراي حل اختلاف شهر همدان,دادگستري كل استان همدان > حوزه قضايي شهرستان همدان > شوراي حل اختلاف شهر همدان,3
81551,شوراي حل اختلاف مجتمع امام حسن مجتبي (ع) شهر همدان,دادگستري كل استان همدان > حوزه قضايي شهرستان همدان > شوراي حل اختلاف شهر همدان > شوراي حل اختلاف مجتمع امام حسن مجتبي (ع) شهر همدان,4
81642,مجتمع جورقان شوراي حل اختلاف شهر همدان,دادگستري كل استان همدان > حوزه قضايي شهرستان همدان > شوراي حل اختلاف شهر همدان > مجتمع جورقان شوراي حل اختلاف شهر همدان,4
81641,مجتمع مريانج شوراي حل اختلاف شهر همدان,دادگستري كل استان همدان > حوزه قضايي شهرستان همدان > شوراي حل اختلاف شهر همدان > مجتمع مريانج شوراي حل اختلاف شهر همدان,4
81160,مجتمع دادگاههاي تجديدنظر استان همدان,دادگستري كل استان همدان > مجتمع دادگاههاي تجديدنظر استان همدان,2
81186,مجتمع دادگاههاي كيفري يك استان همدان,دادگستري كل استان همدان > مجتمع دادگاههاي كيفري يك استان همدان,2
00246,دادگستري كل استان يزد,دادگستري كل استان يزد,1
00760,حوزه قضايي بخش عقدا,دادگستري كل استان يزد > حوزه قضايي بخش عقدا,2
35720,دادگاه عمومي و انقلاب بخش عقدا,دادگستري كل استان يزد > حوزه قضايي بخش عقدا > دادگاه عمومي و انقلاب بخش عقدا,3
35865,شوراي حل اختلاف بخش عقدا,دادگستري كل استان يزد > حوزه قضايي بخش عقدا > شوراي حل اختلاف بخش عقدا,3
00758,حوزه قضايي بخش مروست,دادگستري كل استان يزد > حوزه قضايي بخش مروست,2
35680,دادگاه عمومي  و انقلاب بخش مروست,دادگستري كل استان يزد > حوزه قضايي بخش مروست > دادگاه عمومي  و انقلاب بخش مروست,3
35870,شوراي حل اختلاف بخش مروست,دادگستري كل استان يزد > حوزه قضايي بخش مروست > شوراي حل اختلاف بخش مروست,3
00759,حوزه قضايي بخش نير استان يزد,دادگستري كل استان يزد > حوزه قضايي بخش نير استان يزد,2
35700,دادگاه عمومي و انقلاب بخش نير استان يزد,دادگستري كل استان يزد > حوزه قضايي بخش نير استان يزد > دادگاه عمومي و انقلاب بخش نير استان يزد,3
35875,شوراي حل اختلاف بخش نير استان يزد,دادگستري كل استان يزد > حوزه قضايي بخش نير استان يزد > شوراي حل اختلاف بخش نير استان يزد,3
00752,حوزه قضايي شهرستان ابركوه,دادگستري كل استان يزد > حوزه قضايي شهرستان ابركوه,2
35200,دادسراي عمومي و انقلاب شهرستان ابركوه,دادگستري كل استان يزد > حوزه قضايي شهرستان ابركوه > دادسراي عمومي و انقلاب شهرستان ابركوه,3
00469,دادگاه عمومي و انقلاب شهرستان ابركوه,دادگستري كل استان يزد > حوزه قضايي شهرستان ابركوه > دادگاه عمومي و انقلاب شهرستان ابركوه,3
35810,شوراي حل اختلاف شهرستان ابركوه,دادگستري كل استان يزد > حوزه قضايي شهرستان ابركوه > شوراي حل اختلاف شهرستان ابركوه,3
00749,حوزه قضايي شهرستان اردكان,دادگستري كل استان يزد > حوزه قضايي شهرستان اردكان,2
35230,دادسراي عمومي و انقلاب شهرستان اردكان,دادگستري كل استان يزد > حوزه قضايي شهرستان اردكان > دادسراي عمومي و انقلاب شهرستان اردكان,3
00466,دادگاه عمومي و انقلاب شهرستان اردكان,دادگستري كل استان يزد > حوزه قضايي شهرستان اردكان > دادگاه عمومي و انقلاب شهرستان اردكان,3
35815,شوراي حل اختلاف شهرستان اردكان,دادگستري كل استان يزد > حوزه قضايي شهرستان اردكان > شوراي حل اختلاف شهرستان اردكان,3
00748,حوزه قضايي شهرستان اشكذر,دادگستري كل استان يزد > حوزه قضايي شهرستان اشكذر,2
35340,دادسراي عمومي و انقلاب شهرستان اشكذر,دادگستري كل استان يزد > حوزه قضايي شهرستان اشكذر > دادسراي عمومي و انقلاب شهرستان اشكذر,3
00465,دادگاه عمومي و انقلاب شهرستان اشكذر,دادگستري كل استان يزد > حوزه قضايي شهرستان اشكذر > دادگاه عمومي و انقلاب شهرستان اشكذر,3
35836,شوراي حل اختلاف شهرستان اشكذر,دادگستري كل استان يزد > حوزه قضايي شهرستان اشكذر > شوراي حل اختلاف شهرستان اشكذر,3
00750,حوزه قضايي شهرستان بافق,دادگستري كل استان يزد > حوزه قضايي شهرستان بافق,2
35260,دادسراي عمومي و انقلاب شهرستان بافق,دادگستري كل استان يزد > حوزه قضايي شهرستان بافق > دادسراي عمومي و انقلاب شهرستان بافق,3
00467,دادگاه عمومي و انقلاب شهرستان بافق,دادگستري كل استان يزد > حوزه قضايي شهرستان بافق > دادگاه عمومي و انقلاب شهرستان بافق,3
35820,شوراي حل اختلاف شهرستان بافق,دادگستري كل استان يزد > حوزه قضايي شهرستان بافق > شوراي حل اختلاف شهرستان بافق,3
00761,حوزه قضايي شهرستان بهاباد,دادگستري كل استان يزد > حوزه قضايي شهرستان بهاباد,2
35740,دادگاه عمومي و انقلاب شهرستان بهاباد,دادگستري كل استان يزد > حوزه قضايي شهرستان بهاباد > دادگاه عمومي و انقلاب شهرستان بهاباد,3
35855,شوراي حل اختلاف شهرستان بهاباد,دادگستري كل استان يزد > حوزه قضايي شهرستان بهاباد > شوراي حل اختلاف شهرستان بهاباد,3
00751,حوزه قضايي شهرستان تفت,دادگستري كل استان يزد > حوزه قضايي شهرستان تفت,2
35310,دادسراي عمومي و انقلاب شهرستان تفت,دادگستري كل استان يزد > حوزه قضايي شهرستان تفت > دادسراي عمومي و انقلاب شهرستان تفت,3
00468,دادگاه عمومي و انقلاب شهرستان تفت,دادگستري كل استان يزد > حوزه قضايي شهرستان تفت > دادگاه عمومي و انقلاب شهرستان تفت,3
35825,شوراي حل اختلاف شهرستان تفت,دادگستري كل استان يزد > حوزه قضايي شهرستان تفت > شوراي حل اختلاف شهرستان تفت,3
00754,حوزه قضايي شهرستان خاتم,دادگستري كل استان يزد > حوزه قضايي شهرستان خاتم,2
35280,دادسراي عمومي و انقلاب شهرستان خاتم,دادگستري كل استان يزد > حوزه قضايي شهرستان خاتم > دادسراي عمومي و انقلاب شهرستان خاتم,3
00471,دادگاه عمومي و انقلاب شهرستان خاتم,دادگستري كل استان يزد > حوزه قضايي شهرستان خاتم > دادگاه عمومي و انقلاب شهرستان خاتم,3
35830,شوراي حل اختلاف شهرستان خاتم,دادگستري كل استان يزد > حوزه قضايي شهرستان خاتم > شوراي حل اختلاف شهرستان خاتم,3
00762,حوزه قضايي شهرستان زارچ,دادگستري كل استان يزد > حوزه قضايي شهرستان زارچ,2
35760,دادگاه عمومي و انقلاب شهرستان زارچ,دادگستري كل استان يزد > حوزه قضايي شهرستان زارچ > دادگاه عمومي و انقلاب شهرستان زارچ,3
35860,شوراي حل اختلاف شهرستان زارچ,دادگستري كل استان يزد > حوزه قضايي شهرستان زارچ > شوراي حل اختلاف شهرستان زارچ,3
00753,حوزه قضايي شهرستان مهريز,دادگستري كل استان يزد > حوزه قضايي شهرستان مهريز,2
35430,دادسراي عمومي و انقلاب شهرستان مهريز,دادگستري كل استان يزد > حوزه قضايي شهرستان مهريز > دادسراي عمومي و انقلاب شهرستان مهريز,3
00470,دادگاه عمومي و انقلاب شهرستان مهريز,دادگستري كل استان يزد > حوزه قضايي شهرستان مهريز > دادگاه عمومي و انقلاب شهرستان مهريز,3
35846,شوراي حل اختلاف شهرستان مهريز,دادگستري كل استان يزد > حوزه قضايي شهرستان مهريز > شوراي حل اختلاف شهرستان مهريز,3
00755,حوزه قضايي شهرستان ميبد,دادگستري كل استان يزد > حوزه قضايي شهرستان ميبد,2
35400,دادسراي عمومي و انقلاب شهرستان ميبد,دادگستري كل استان يزد > حوزه قضايي شهرستان ميبد > دادسراي عمومي و انقلاب شهرستان ميبد,3
00472,دادگاه عمومي و انقلاب شهرستان ميبد,دادگستري كل استان يزد > حوزه قضايي شهرستان ميبد > دادگاه عمومي و انقلاب شهرستان ميبد,3
35850,شوراي حل اختلاف شهرستان ميبد,دادگستري كل استان يزد > حوزه قضايي شهرستان ميبد > شوراي حل اختلاف شهرستان ميبد,3
00757,حوزه قضايي شهرستان يزد,دادگستري كل استان يزد > حوزه قضايي شهرستان يزد,2
03033,دادسراي عمومي و انقلاب شهرستان يزد,دادگستري كل استان يزد > حوزه قضايي شهرستان يزد > دادسراي عمومي و انقلاب شهرستان يزد,3
00624,دادگاه عمومي و انقلاب شهرستان يزد,دادگستري كل استان يزد > حوزه قضايي شهرستان يزد > دادگاه عمومي و انقلاب شهرستان يزد,3
35800,شوراي حل اختلاف شهرستان يزد,دادگستري كل استان يزد > حوزه قضايي شهرستان يزد > شوراي حل اختلاف شهرستان يزد,3
03090,دادگاههاي كيفري يك استان يزد (مجتمع شهيد بهشتي),دادگستري كل استان يزد > دادگاههاي كيفري يك استان يزد (مجتمع شهيد بهشتي),2
35920,مجتمع دادگاههاي تجديدنظر استان يزد (شهيد بهشتي),دادگستري كل استان يزد > مجتمع دادگاههاي تجديدنظر استان يزد (شهيد بهشتي),2
90000,سازمان قضايي نيروهاي مسلح جمهوري اسلامي ايران,سازمان قضايي نيروهاي مسلح جمهوري اسلامي ايران,1
90249,دادگاهها و دادسراي نظامي استان آذربايجان شرقي,سازمان قضايي نيروهاي مسلح جمهوري اسلامي ايران > دادگاهها و دادسراي نظامي استان آذربايجان شرقي,2
90270,دادسراي نظامي استان آذربايجان شرقي,سازمان قضايي نيروهاي مسلح جمهوري اسلامي ايران > دادگاهها و دادسراي نظامي استان آذربايجان شرقي > دادسراي نظامي استان آذربايجان شرقي,3
92220,دادگاهها و دادسراي نظامي ناحيه مراغه استان آذربايجان شرقي,سازمان قضايي نيروهاي مسلح جمهوري اسلامي ايران > دادگاهها و دادسراي نظامي استان آذربايجان شرقي > دادگاهها و دادسراي نظامي ناحيه مراغه استان آذربايجان شرقي,3
92222,دادسراي نظامي ناحيه مراغه استان آذربايجان شرقي,سازمان قضايي نيروهاي مسلح جمهوري اسلامي ايران > دادگاهها و دادسراي نظامي استان آذربايجان شرقي > دادگاهها و دادسراي نظامي ناحيه مراغه استان آذربايجان شرقي > دادسراي نظامي ناحيه مراغه استان آذربايجان شرقي,4
92221,دادگاههاي نظامي ناحيه مراغه استان آذربايجان شرقي,سازمان قضايي نيروهاي مسلح جمهوري اسلامي ايران > دادگاهها و دادسراي نظامي استان آذربايجان شرقي > دادگاهها و دادسراي نظامي ناحيه مراغه استان آذربايجان شرقي > دادگاههاي نظامي ناحيه مراغه استان آذربايجان شرقي,4
92020,دادگاههاي تجديدنظر نظامي استان آذربايجان شرقي,سازمان قضايي نيروهاي مسلح جمهوري اسلامي ايران > دادگاهها و دادسراي نظامي استان آذربايجان شرقي > دادگاههاي تجديدنظر نظامي استان آذربايجان شرقي,3
90250,دادگاههاي نظامي استان آذربايجان شرقي,سازمان قضايي نيروهاي مسلح جمهوري اسلامي ايران > دادگاهها و دادسراي نظامي استان آذربايجان شرقي > دادگاههاي نظامي استان آذربايجان شرقي,3
90449,دادگاهها و دادسراي نظامي استان آذربايجان غربي,سازمان قضايي نيروهاي مسلح جمهوري اسلامي ايران > دادگاهها و دادسراي نظامي استان آذربايجان غربي,2
90460,دادسراي نظامي استان آذربايجان غربي,سازمان قضايي نيروهاي مسلح جمهوري اسلامي ايران > دادگاهها و دادسراي نظامي استان آذربايجان غربي > دادسراي نظامي استان آذربايجان غربي,3
91299,دادسراي نظامي ناحيه مهاباد استان آذربايجان غربي,سازمان قضايي نيروهاي مسلح جمهوري اسلامي ايران > دادگاهها و دادسراي نظامي استان آذربايجان غربي > دادسراي نظامي استان آذربايجان غربي > دادسراي نظامي ناحيه مهاباد استان آذربايجان غربي,4
91310,دادگاههاو دادسراي نظامي ناحيه خوي استان آذربايجان غربي,سازمان قضايي نيروهاي مسلح جمهوري اسلامي ايران > دادگاهها و دادسراي نظامي استان آذربايجان غربي > دادگاههاو دادسراي نظامي ناحيه خوي استان آذربايجان غربي,3
91312,دادسراي نظامي ناحيه خوي استان آذربايجان غربي,سازمان قضايي نيروهاي مسلح جمهوري اسلامي ايران > دادگاهها و دادسراي نظامي استان آذربايجان غربي > دادگاههاو دادسراي نظامي ناحيه خوي استان آذربايجان غربي > دادسراي نظامي ناحيه خوي استان آذربايجان غربي,4
91311,دادگاههاي نظامي ناحيه خوي استان آذربايجان غربي,سازمان قضايي نيروهاي مسلح جمهوري اسلامي ايران > دادگاهها و دادسراي نظامي استان آذربايجان غربي > دادگاههاو دادسراي نظامي ناحيه خوي استان آذربايجان غربي > دادگاههاي نظامي ناحيه خوي استان آذربايجان غربي,4
91319,دادگاههاو دادسراي نظامي ناحيه مهاباد استان آذربايجان غربي,سازمان قضايي نيروهاي مسلح جمهوري اسلامي ايران > دادگاهها و دادسراي نظامي استان آذربايجان غربي > دادگاههاو دادسراي نظامي ناحيه مهاباد استان آذربايجان غربي,3
91320,دادگاههاي نظامي ناحيه مهاباد استان آذربايجان غربي,سازمان قضايي نيروهاي مسلح جمهوري اسلامي ايران > دادگاهها و دادسراي نظامي استان آذربايجان غربي > دادگاههاو دادسراي نظامي ناحيه مهاباد استان آذربايجان غربي > دادگاههاي نظامي ناحيه مهاباد استان آذربايجان غربي,4
92025,دادگاههاي تجديدنظر نظامي استان آذربايجان غربي,سازمان قضايي نيروهاي مسلح جمهوري اسلامي ايران > دادگاهها و دادسراي نظامي استان آذربايجان غربي > دادگاههاي تجديدنظر نظامي استان آذربايجان غربي,3
90450,دادگاههاي نظامي استان آذربايجان غربي,سازمان قضايي نيروهاي مسلح جمهوري اسلامي ايران > دادگاهها و دادسراي نظامي استان آذربايجان غربي > دادگاههاي نظامي استان آذربايجان غربي,3
90499,دادگاهها و دادسراي نظامي استان اردبيل,سازمان قضايي نيروهاي مسلح جمهوري اسلامي ايران > دادگاهها و دادسراي نظامي استان اردبيل,2
90507,دادسراي نظامي استان اردبيل,سازمان قضايي نيروهاي مسلح جمهوري اسلامي ايران > دادگاهها و دادسراي نظامي استان اردبيل > دادسراي نظامي استان اردبيل,3
92100,دادگاههاي تجديدنظر نظامي استان اردبيل,سازمان قضايي نيروهاي مسلح جمهوري اسلامي ايران > دادگاهها و دادسراي نظامي استان اردبيل > دادگاههاي تجديدنظر نظامي استان اردبيل,3
90500,دادگاههاي نظامي استان اردبيل,سازمان قضايي نيروهاي مسلح جمهوري اسلامي ايران > دادگاهها و دادسراي نظامي استان اردبيل > دادگاههاي نظامي استان اردبيل,3
90199,دادگاهها و دادسراي نظامي استان اصفهان,سازمان قضايي نيروهاي مسلح جمهوري اسلامي ايران > دادگاهها و دادسراي نظامي استان اصفهان,2
90208,دادسراي نظامي استان اصفهان,سازمان قضايي نيروهاي مسلح جمهوري اسلامي ايران > دادگاهها و دادسراي نظامي استان اصفهان > دادسراي نظامي استان اصفهان,3
92235,دادگاهها و دادسراي نظامي ناحيه كاشان,سازمان قضايي نيروهاي مسلح جمهوري اسلامي ايران > دادگاهها و دادسراي نظامي استان اصفهان > دادگاهها و دادسراي نظامي ناحيه كاشان,3
92237,دادسراي نظامي ناحيه كاشان,سازمان قضايي نيروهاي مسلح جمهوري اسلامي ايران > دادگاهها و دادسراي نظامي استان اصفهان > دادگاهها و دادسراي نظامي ناحيه كاشان > دادسراي نظامي ناحيه كاشان,4
92236,دادگاههاي نظامي ناحيه كاشان,سازمان قضايي نيروهاي مسلح جمهوري اسلامي ايران > دادگاهها و دادسراي نظامي استان اصفهان > دادگاهها و دادسراي نظامي ناحيه كاشان > دادگاههاي نظامي ناحيه كاشان,4
91990,دادگاههاي تجديدنظر نظامي استان اصفهان,سازمان قضايي نيروهاي مسلح جمهوري اسلامي ايران > دادگاهها و دادسراي نظامي استان اصفهان > دادگاههاي تجديدنظر نظامي استان اصفهان,3
90200,دادگاههاي نظامي استان اصفهان,سازمان قضايي نيروهاي مسلح جمهوري اسلامي ايران > دادگاهها و دادسراي نظامي استان اصفهان > دادگاههاي نظامي استان اصفهان,3
90127,دادگاهها و دادسراي نظامي استان البرز,سازمان قضايي نيروهاي مسلح جمهوري اسلامي ايران > دادگاهها و دادسراي نظامي استان البرز,2
90129,دادسراي نظامي استان البرز,سازمان قضايي نيروهاي مسلح جمهوري اسلامي ايران > دادگاهها و دادسراي نظامي استان البرز > دادسراي نظامي استان البرز,3
92030,دادگاههاي تجديدنظر نظامي استان البرز,سازمان قضايي نيروهاي مسلح جمهوري اسلامي ايران > دادگاهها و دادسراي نظامي استان البرز > دادگاههاي تجديدنظر نظامي استان البرز,3
90128,دادگاههاي نظامي استان البرز,سازمان قضايي نيروهاي مسلح جمهوري اسلامي ايران > دادگاهها و دادسراي نظامي استان البرز > دادگاههاي نظامي استان البرز,3
90649,دادگاهها و دادسراي نظامي استان ايلام,سازمان قضايي نيروهاي مسلح جمهوري اسلامي ايران > دادگاهها و دادسراي نظامي استان ايلام,2
90657,دادسراي نظامي استان ايلام,سازمان قضايي نيروهاي مسلح جمهوري اسلامي ايران > دادگاهها و دادسراي نظامي استان ايلام > دادسراي نظامي استان ايلام,3
92095,دادگاههاي تجديدنظر نظامي استان ايلام,سازمان قضايي نيروهاي مسلح جمهوري اسلامي ايران > دادگاهها و دادسراي نظامي استان ايلام > دادگاههاي تجديدنظر نظامي استان ايلام,3
90650,دادگاههاي نظامي استان ايلام,سازمان قضايي نيروهاي مسلح جمهوري اسلامي ايران > دادگاهها و دادسراي نظامي استان ايلام > دادگاههاي نظامي استان ايلام,3
90799,دادگاهها و دادسراي نظامي استان بوشهر,سازمان قضايي نيروهاي مسلح جمهوري اسلامي ايران > دادگاهها و دادسراي نظامي استان بوشهر,2
90807,دادسراي نظامي استان بوشهر,سازمان قضايي نيروهاي مسلح جمهوري اسلامي ايران > دادگاهها و دادسراي نظامي استان بوشهر > دادسراي نظامي استان بوشهر,3
92070,دادگاههاي تجديدنظر نظامي استان بوشهر,سازمان قضايي نيروهاي مسلح جمهوري اسلامي ايران > دادگاهها و دادسراي نظامي استان بوشهر > دادگاههاي تجديدنظر نظامي استان بوشهر,3
90800,دادگاههاي نظامي استان بوشهر,سازمان قضايي نيروهاي مسلح جمهوري اسلامي ايران > دادگاهها و دادسراي نظامي استان بوشهر > دادگاههاي نظامي استان بوشهر,3
90097,دادگاهها و دادسراي نظامي استان تهران,سازمان قضايي نيروهاي مسلح جمهوري اسلامي ايران > دادگاهها و دادسراي نظامي استان تهران,2
90140,دادسراي نظامي تهران,سازمان قضايي نيروهاي مسلح جمهوري اسلامي ايران > دادگاهها و دادسراي نظامي استان تهران > دادسراي نظامي تهران,3
90330,دادسراي نظامي غرب استان تهران,سازمان قضايي نيروهاي مسلح جمهوري اسلامي ايران > دادگاهها و دادسراي نظامي استان تهران > دادسراي نظامي تهران > دادسراي نظامي غرب استان تهران,4
90100,دادگاه هاي نظامي تهران,سازمان قضايي نيروهاي مسلح جمهوري اسلامي ايران > دادگاهها و دادسراي نظامي استان تهران > دادگاه هاي نظامي تهران,3
91149,دادگاهها و دادسراي نظامي استان چهارمحال وبختياري,سازمان قضايي نيروهاي مسلح جمهوري اسلامي ايران > دادگاهها و دادسراي نظامي استان چهارمحال وبختياري,2
91157,دادسراي نظامي استان چهارمحال و بختياري,سازمان قضايي نيروهاي مسلح جمهوري اسلامي ايران > دادگاهها و دادسراي نظامي استان چهارمحال وبختياري > دادسراي نظامي استان چهارمحال و بختياري,3
92125,دادگاههاي تجديدنظر نظامي استان چهارمحال و بختياري,سازمان قضايي نيروهاي مسلح جمهوري اسلامي ايران > دادگاهها و دادسراي نظامي استان چهارمحال وبختياري > دادگاههاي تجديدنظر نظامي استان چهارمحال و بختياري,3
91150,دادگاههاي نظامي استان چهارمحال و بختياري,سازمان قضايي نيروهاي مسلح جمهوري اسلامي ايران > دادگاهها و دادسراي نظامي استان چهارمحال وبختياري > دادگاههاي نظامي استان چهارمحال و بختياري,3
91699,دادگاهها و دادسراي نظامي استان خراسان جنوبي,سازمان قضايي نيروهاي مسلح جمهوري اسلامي ايران > دادگاهها و دادسراي نظامي استان خراسان جنوبي,2
91707,دادسراي نظامي استان خراسان جنوبي,سازمان قضايي نيروهاي مسلح جمهوري اسلامي ايران > دادگاهها و دادسراي نظامي استان خراسان جنوبي > دادسراي نظامي استان خراسان جنوبي,3
92060,دادگاههاي تجديدنظر نظامي استان خراسان جنوبي,سازمان قضايي نيروهاي مسلح جمهوري اسلامي ايران > دادگاهها و دادسراي نظامي استان خراسان جنوبي > دادگاههاي تجديدنظر نظامي استان خراسان جنوبي,3
91700,دادگاههاي نظامي استان خراسان جنوبي,سازمان قضايي نيروهاي مسلح جمهوري اسلامي ايران > دادگاهها و دادسراي نظامي استان خراسان جنوبي > دادگاههاي نظامي استان خراسان جنوبي,3
91749,دادگاهها و دادسراي نظامي استان خراسان رضوي,سازمان قضايي نيروهاي مسلح جمهوري اسلامي ايران > دادگاهها و دادسراي نظامي استان خراسان رضوي,2
91758,دادسراي نظامي استان خراسان رضوي,سازمان قضايي نيروهاي مسلح جمهوري اسلامي ايران > دادگاهها و دادسراي نظامي استان خراسان رضوي > دادسراي نظامي استان خراسان رضوي,3
91798,دادگاهها و دادسراي نظامي ناحيه تربت حيدريه,سازمان قضايي نيروهاي مسلح جمهوري اسلامي ايران > دادگاهها و دادسراي نظامي استان خراسان رضوي > دادگاهها و دادسراي نظامي ناحيه تربت حيدريه,3
91780,دادسراي نظامي ناحيه تربت حيدريه,سازمان قضايي نيروهاي مسلح جمهوري اسلامي ايران > دادگاهها و دادسراي نظامي استان خراسان رضوي > دادگاهها و دادسراي نظامي ناحيه تربت حيدريه > دادسراي نظامي ناحيه تربت حيدريه,4
91790,دادگاههاي نظامي ناحيه تربت حيدريه,سازمان قضايي نيروهاي مسلح جمهوري اسلامي ايران > دادگاهها و دادسراي نظامي استان خراسان رضوي > دادگاهها و دادسراي نظامي ناحيه تربت حيدريه > دادگاههاي نظامي ناحيه تربت حيدريه,4
91984,دادگاههاي تجديدنظر نظامي استان خراسان رضوي,سازمان قضايي نيروهاي مسلح جمهوري اسلامي ايران > دادگاهها و دادسراي نظامي استان خراسان رضوي > دادگاههاي تجديدنظر نظامي استان خراسان رضوي,3
91750,دادگاههاي نظامي استان خراسان رضوي,سازمان قضايي نيروهاي مسلح جمهوري اسلامي ايران > دادگاهها و دادسراي نظامي استان خراسان رضوي > دادگاههاي نظامي استان خراسان رضوي,3
91799,دادگاهها و دادسراي نظامي استان خراسان شمالي,سازمان قضايي نيروهاي مسلح جمهوري اسلامي ايران > دادگاهها و دادسراي نظامي استان خراسان شمالي,2
91805,دادسراي نظامي استان خراسان شمالي,سازمان قضايي نيروهاي مسلح جمهوري اسلامي ايران > دادگاهها و دادسراي نظامي استان خراسان شمالي > دادسراي نظامي استان خراسان شمالي,3
92110,دادگاههاي تجديدنظر نظامي استان خراسان شمالي,سازمان قضايي نيروهاي مسلح جمهوري اسلامي ايران > دادگاهها و دادسراي نظامي استان خراسان شمالي > دادگاههاي تجديدنظر نظامي استان خراسان شمالي,3
91800,دادگاههاي نظامي استان خراسان شمالي,سازمان قضايي نيروهاي مسلح جمهوري اسلامي ايران > دادگاهها و دادسراي نظامي استان خراسان شمالي > دادگاههاي نظامي استان خراسان شمالي,3
91499,دادگاهها و دادسراي نظامي استان خوزستان,سازمان قضايي نيروهاي مسلح جمهوري اسلامي ايران > دادگاهها و دادسراي نظامي استان خوزستان,2
91510,دادسراي نظامي استان خوزستان,سازمان قضايي نيروهاي مسلح جمهوري اسلامي ايران > دادگاهها و دادسراي نظامي استان خوزستان > دادسراي نظامي استان خوزستان,3
91849,دادسراي نظامي ناحيه دزفول,سازمان قضايي نيروهاي مسلح جمهوري اسلامي ايران > دادگاهها و دادسراي نظامي استان خوزستان > دادسراي نظامي استان خوزستان > دادسراي نظامي ناحيه دزفول,4
91504,دادگاهها و دادسراي نظامي ناحيه دزفول استان خوزستان,سازمان قضايي نيروهاي مسلح جمهوري اسلامي ايران > دادگاهها و دادسراي نظامي استان خوزستان > دادگاهها و دادسراي نظامي ناحيه دزفول استان خوزستان,3
91520,دادگاههاي نظامي ناحيه دزفول استان خوزستان,سازمان قضايي نيروهاي مسلح جمهوري اسلامي ايران > دادگاهها و دادسراي نظامي استان خوزستان > دادگاهها و دادسراي نظامي ناحيه دزفول استان خوزستان > دادگاههاي نظامي ناحيه دزفول استان خوزستان,4
91994,دادگاههاي تجديدنظر نظامي استان خوزستان,سازمان قضايي نيروهاي مسلح جمهوري اسلامي ايران > دادگاهها و دادسراي نظامي استان خوزستان > دادگاههاي تجديدنظر نظامي استان خوزستان,3
91500,دادگاههاي نظامي استان خوزستان,سازمان قضايي نيروهاي مسلح جمهوري اسلامي ايران > دادگاهها و دادسراي نظامي استان خوزستان > دادگاههاي نظامي استان خوزستان,3
91899,دادگاهها و دادسراي نظامي استان زنجان,سازمان قضايي نيروهاي مسلح جمهوري اسلامي ايران > دادگاهها و دادسراي نظامي استان زنجان,2
91907,دادسراي نظامي استان زنجان,سازمان قضايي نيروهاي مسلح جمهوري اسلامي ايران > دادگاهها و دادسراي نظامي استان زنجان > دادسراي نظامي استان زنجان,3
92115,دادگاههاي تجديدنظر نظامي استان زنجان,سازمان قضايي نيروهاي مسلح جمهوري اسلامي ايران > دادگاهها و دادسراي نظامي استان زنجان > دادگاههاي تجديدنظر نظامي استان زنجان,3
91900,دادگاههاي نظامي استان زنجان,سازمان قضايي نيروهاي مسلح جمهوري اسلامي ايران > دادگاهها و دادسراي نظامي استان زنجان > دادگاههاي نظامي استان زنجان,3
91949,دادگاهها و دادسراي نظامي استان سمنان,سازمان قضايي نيروهاي مسلح جمهوري اسلامي ايران > دادگاهها و دادسراي نظامي استان سمنان,2
91957,دادسراي نظامي استان سمنان,سازمان قضايي نيروهاي مسلح جمهوري اسلامي ايران > دادگاهها و دادسراي نظامي استان سمنان > دادسراي نظامي استان سمنان,3
91960,دادگاهها و دادسراي نظامي ناحيه شاهرود استان سمنان,سازمان قضايي نيروهاي مسلح جمهوري اسلامي ايران > دادگاهها و دادسراي نظامي استان سمنان > دادگاهها و دادسراي نظامي ناحيه شاهرود استان سمنان,3
90299,دادسراي نظامي ناحيه شاهرود,سازمان قضايي نيروهاي مسلح جمهوري اسلامي ايران > دادگاهها و دادسراي نظامي استان سمنان > دادگاهها و دادسراي نظامي ناحيه شاهرود استان سمنان > دادسراي نظامي ناحيه شاهرود,4
91975,دادگاههاي نظامي ناحيه شاهرود استان سمنان,سازمان قضايي نيروهاي مسلح جمهوري اسلامي ايران > دادگاهها و دادسراي نظامي استان سمنان > دادگاهها و دادسراي نظامي ناحيه شاهرود استان سمنان > دادگاههاي نظامي ناحيه شاهرود استان سمنان,4
92075,دادگاههاي تجديدنظر نظامي استان سمنان,سازمان قضايي نيروهاي مسلح جمهوري اسلامي ايران > دادگاهها و دادسراي نظامي استان سمنان > دادگاههاي تجديدنظر نظامي استان سمنان,3
91950,دادگاههاي نظامي استان سمنان,سازمان قضايي نيروهاي مسلح جمهوري اسلامي ايران > دادگاهها و دادسراي نظامي استان سمنان > دادگاههاي نظامي استان سمنان,3
91869,دادگاهها و دادسراي نظامي استان سيستان و بلوچستان,سازمان قضايي نيروهاي مسلح جمهوري اسلامي ايران > دادگاهها و دادسراي نظامي استان سيستان و بلوچستان,2
91877,دادسراي نظامي استان سيستان و بلوچستان,سازمان قضايي نيروهاي مسلح جمهوري اسلامي ايران > دادگاهها و دادسراي نظامي استان سيستان و بلوچستان > دادسراي نظامي استان سيستان و بلوچستان,3
90749,دادسراي نظامي ناحيه ايرانشهر,سازمان قضايي نيروهاي مسلح جمهوري اسلامي ايران > دادگاهها و دادسراي نظامي استان سيستان و بلوچستان > دادسراي نظامي استان سيستان و بلوچستان > دادسراي نظامي ناحيه ايرانشهر,4
91920,دادسراي نظامي ناحيه چابهار,سازمان قضايي نيروهاي مسلح جمهوري اسلامي ايران > دادگاهها و دادسراي نظامي استان سيستان و بلوچستان > دادسراي نظامي استان سيستان و بلوچستان > دادسراي نظامي ناحيه چابهار,4
92200,دادسراي نظامي ناحيه سراوان,سازمان قضايي نيروهاي مسلح جمهوري اسلامي ايران > دادگاهها و دادسراي نظامي استان سيستان و بلوچستان > دادسراي نظامي ناحيه سراوان,3
90760,دادگاهها و دادسراي نظامي ناحيه ايرانشهر استان سيستان و بلوچستان,سازمان قضايي نيروهاي مسلح جمهوري اسلامي ايران > دادگاهها و دادسراي نظامي استان سيستان و بلوچستان > دادگاهها و دادسراي نظامي ناحيه ايرانشهر استان سيستان و بلوچستان,3
90761,دادگاههاي نظامي ناحيه ايرانشهر استان سيستان و بلوچستان,سازمان قضايي نيروهاي مسلح جمهوري اسلامي ايران > دادگاهها و دادسراي نظامي استان سيستان و بلوچستان > دادگاهها و دادسراي نظامي ناحيه ايرانشهر استان سيستان و بلوچستان > دادگاههاي نظامي ناحيه ايرانشهر استان سيستان و بلوچستان,4
90765,دادگاهها و دادسراي نظامي ناحيه چابهار استان سيستان و بلوچستان,سازمان قضايي نيروهاي مسلح جمهوري اسلامي ايران > دادگاهها و دادسراي نظامي استان سيستان و بلوچستان > دادگاهها و دادسراي نظامي ناحيه چابهار استان سيستان و بلوچستان,3
90766,دادگاههاي نظامي ناحيه چابهار استان سيستان و بلوچستان,سازمان قضايي نيروهاي مسلح جمهوري اسلامي ايران > دادگاهها و دادسراي نظامي استان سيستان و بلوچستان > دادگاهها و دادسراي نظامي ناحيه چابهار استان سيستان و بلوچستان > دادگاههاي نظامي ناحيه چابهار استان سيستان و بلوچستان,4
91925,دادگاهها و دادسراي نظامي ناحيه زابل,سازمان قضايي نيروهاي مسلح جمهوري اسلامي ايران > دادگاهها و دادسراي نظامي استان سيستان و بلوچستان > دادگاهها و دادسراي نظامي ناحيه زابل,3
91927,دادسراي نظامي ناحيه زابل,سازمان قضايي نيروهاي مسلح جمهوري اسلامي ايران > دادگاهها و دادسراي نظامي استان سيستان و بلوچستان > دادگاهها و دادسراي نظامي ناحيه زابل > دادسراي نظامي ناحيه زابل,4
91926,دادگاههاي نظامي ناحيه زابل,سازمان قضايي نيروهاي مسلح جمهوري اسلامي ايران > دادگاهها و دادسراي نظامي استان سيستان و بلوچستان > دادگاهها و دادسراي نظامي ناحيه زابل > دادگاههاي نظامي ناحيه زابل,4
92000,دادگاههاي تجديدنظر نظامي استان سيستان و بلوچستان,سازمان قضايي نيروهاي مسلح جمهوري اسلامي ايران > دادگاهها و دادسراي نظامي استان سيستان و بلوچستان > دادگاههاي تجديدنظر نظامي استان سيستان و بلوچستان,3
91870,دادگاههاي نظامي استان سيستان و بلوچستان,سازمان قضايي نيروهاي مسلح جمهوري اسلامي ايران > دادگاهها و دادسراي نظامي استان سيستان و بلوچستان > دادگاههاي نظامي استان سيستان و بلوچستان,3
90349,دادگاهها و دادسراي نظامي استان فارس,سازمان قضايي نيروهاي مسلح جمهوري اسلامي ايران > دادگاهها و دادسراي نظامي استان فارس,2
90360,دادسراي نظامي استان فارس,سازمان قضايي نيروهاي مسلح جمهوري اسلامي ايران > دادگاهها و دادسراي نظامي استان فارس > دادسراي نظامي استان فارس,3
91980,دادگاههاي تجديدنظر نظامي استان فارس,سازمان قضايي نيروهاي مسلح جمهوري اسلامي ايران > دادگاهها و دادسراي نظامي استان فارس > دادگاههاي تجديدنظر نظامي استان فارس,3
90350,دادگاههاي نظامي استان فارس,سازمان قضايي نيروهاي مسلح جمهوري اسلامي ايران > دادگاهها و دادسراي نظامي استان فارس > دادگاههاي نظامي استان فارس,3
90399,دادگاهها و دادسراي نظامي استان قزوين,سازمان قضايي نيروهاي مسلح جمهوري اسلامي ايران > دادگاهها و دادسراي نظامي استان قزوين,2
90407,دادسراي نظامي استان قزوين,سازمان قضايي نيروهاي مسلح جمهوري اسلامي ايران > دادگاهها و دادسراي نظامي استان قزوين > دادسراي نظامي استان قزوين,3
92065,دادگاههاي تجديدنظر نظامي استان قزوين,سازمان قضايي نيروهاي مسلح جمهوري اسلامي ايران > دادگاهها و دادسراي نظامي استان قزوين > دادگاههاي تجديدنظر نظامي استان قزوين,3
90400,دادگاههاي نظامي استان قزوين,سازمان قضايي نيروهاي مسلح جمهوري اسلامي ايران > دادگاهها و دادسراي نظامي استان قزوين > دادگاههاي نظامي استان قزوين,3
90549,دادگاهها و دادسراي نظامي استان قم,سازمان قضايي نيروهاي مسلح جمهوري اسلامي ايران > دادگاهها و دادسراي نظامي استان قم,2
90557,دادسراي نظامي استان قم,سازمان قضايي نيروهاي مسلح جمهوري اسلامي ايران > دادگاهها و دادسراي نظامي استان قم > دادسراي نظامي استان قم,3
92080,دادگاههاي تجديدنظر نظامي استان قم,سازمان قضايي نيروهاي مسلح جمهوري اسلامي ايران > دادگاهها و دادسراي نظامي استان قم > دادگاههاي تجديدنظر نظامي استان قم,3
90550,دادگاههاي نظامي استان قم,سازمان قضايي نيروهاي مسلح جمهوري اسلامي ايران > دادگاهها و دادسراي نظامي استان قم > دادگاههاي نظامي استان قم,3
91649,دادگاهها و دادسراي نظامي استان كردستان,سازمان قضايي نيروهاي مسلح جمهوري اسلامي ايران > دادگاهها و دادسراي نظامي استان كردستان,2
91656,دادسراي نظامي استان كردستان,سازمان قضايي نيروهاي مسلح جمهوري اسلامي ايران > دادگاهها و دادسراي نظامي استان كردستان > دادسراي نظامي استان كردستان,3
91655,دادگاهها و دادسراي نظامي ناحيه سقز و بانه استان كردستان,سازمان قضايي نيروهاي مسلح جمهوري اسلامي ايران > دادگاهها و دادسراي نظامي استان كردستان > دادگاهها و دادسراي نظامي ناحيه سقز و بانه استان كردستان,3
91660,دادگاهها ي نظامي ناحيه سقز و بانه استان كردستان,سازمان قضايي نيروهاي مسلح جمهوري اسلامي ايران > دادگاهها و دادسراي نظامي استان كردستان > دادگاهها و دادسراي نظامي ناحيه سقز و بانه استان كردستان > دادگاهها ي نظامي ناحيه سقز و بانه استان كردستان,4
92035,دادگاههاي تجديدنظر نظامي استان كردستان,سازمان قضايي نيروهاي مسلح جمهوري اسلامي ايران > دادگاهها و دادسراي نظامي استان كردستان > دادگاههاي تجديدنظر نظامي استان كردستان,3
91650,دادگاههاي نظامي استان كردستان,سازمان قضايي نيروهاي مسلح جمهوري اسلامي ايران > دادگاهها و دادسراي نظامي استان كردستان > دادگاههاي نظامي استان كردستان,3
90699,دادگاهها و دادسراي نظامي استان كرمان,سازمان قضايي نيروهاي مسلح جمهوري اسلامي ايران > دادگاهها و دادسراي نظامي استان كرمان,2
90707,دادسراي نظامي استان كرمان,سازمان قضايي نيروهاي مسلح جمهوري اسلامي ايران > دادگاهها و دادسراي نظامي استان كرمان > دادسراي نظامي استان كرمان,3
90740,دادگاهها و دادسراي نظامي ناحيه جيرفت,سازمان قضايي نيروهاي مسلح جمهوري اسلامي ايران > دادگاهها و دادسراي نظامي استان كرمان > دادگاهها و دادسراي نظامي ناحيه جيرفت,3
90999,دادسراي نظامي ناحيه جيرفت,سازمان قضايي نيروهاي مسلح جمهوري اسلامي ايران > دادگاهها و دادسراي نظامي استان كرمان > دادگاهها و دادسراي نظامي ناحيه جيرفت > دادسراي نظامي ناحيه جيرفت,4
90750,دادگاههاي نظامي ناحيه جيرفت,سازمان قضايي نيروهاي مسلح جمهوري اسلامي ايران > دادگاهها و دادسراي نظامي استان كرمان > دادگاهها و دادسراي نظامي ناحيه جيرفت > دادگاههاي نظامي ناحيه جيرفت,4
90742,دادگاهها و دادسراي نظامي ناحيه سيرجان,سازمان قضايي نيروهاي مسلح جمهوري اسلامي ايران > دادگاهها و دادسراي نظامي استان كرمان > دادگاهها و دادسراي نظامي ناحيه سيرجان,3
91599,دادسراي نظامي ناحيه سيرجان,سازمان قضايي نيروهاي مسلح جمهوري اسلامي ايران > دادگاهها و دادسراي نظامي استان كرمان > دادگاهها و دادسراي نظامي ناحيه سيرجان > دادسراي نظامي ناحيه سيرجان,4
90745,دادگاههاي نظامي سيرجان,سازمان قضايي نيروهاي مسلح جمهوري اسلامي ايران > دادگاهها و دادسراي نظامي استان كرمان > دادگاهها و دادسراي نظامي ناحيه سيرجان > دادگاههاي نظامي سيرجان,4
92005,دادگاههاي تجديدنظر نظامي استان كرمان,سازمان قضايي نيروهاي مسلح جمهوري اسلامي ايران > دادگاهها و دادسراي نظامي استان كرمان > دادگاههاي تجديدنظر نظامي استان كرمان,3
90700,دادگاههاي نظامي استان كرمان,سازمان قضايي نيروهاي مسلح جمهوري اسلامي ايران > دادگاهها و دادسراي نظامي استان كرمان > دادگاههاي نظامي استان كرمان,3
90599,دادگاهها و دادسراي نظامي استان كرمانشاه,سازمان قضايي نيروهاي مسلح جمهوري اسلامي ايران > دادگاهها و دادسراي نظامي استان كرمانشاه,2
90607,دادسراي نظامي استان كرمانشاه,سازمان قضايي نيروهاي مسلح جمهوري اسلامي ايران > دادگاهها و دادسراي نظامي استان كرمانشاه > دادسراي نظامي استان كرمانشاه,3
92015,دادگاههاي تجديدنظر نظامي استان كرمانشاه,سازمان قضايي نيروهاي مسلح جمهوري اسلامي ايران > دادگاهها و دادسراي نظامي استان كرمانشاه > دادگاههاي تجديدنظر نظامي استان كرمانشاه,3
90600,دادگاههاي نظامي استان كرمانشاه,سازمان قضايي نيروهاي مسلح جمهوري اسلامي ايران > دادگاهها و دادسراي نظامي استان كرمانشاه > دادگاههاي نظامي استان كرمانشاه,3
90849,دادگاهها و دادسراي نظامي استان كهگيلويه و بويراحمد,سازمان قضايي نيروهاي مسلح جمهوري اسلامي ايران > دادگاهها و دادسراي نظامي استان كهگيلويه و بويراحمد,2
90857,دادسراي نظامي استان كهگيلويه و بويراحمد,سازمان قضايي نيروهاي مسلح جمهوري اسلامي ايران > دادگاهها و دادسراي نظامي استان كهگيلويه و بويراحمد > دادسراي نظامي استان كهگيلويه و بويراحمد,3
92120,دادگاههاي تجديدنظر نظامي استان كهگيلويه و بويراحمد,سازمان قضايي نيروهاي مسلح جمهوري اسلامي ايران > دادگاهها و دادسراي نظامي استان كهگيلويه و بويراحمد > دادگاههاي تجديدنظر نظامي استان كهگيلويه و بويراحمد,3
90850,دادگاههاي نظامي استان كهگيلويه و بويراحمد,سازمان قضايي نيروهاي مسلح جمهوري اسلامي ايران > دادگاهها و دادسراي نظامي استان كهگيلويه و بويراحمد > دادگاههاي نظامي استان كهگيلويه و بويراحمد,3
90949,دادگاهها و دادسراي نظامي استان گلستان,سازمان قضايي نيروهاي مسلح جمهوري اسلامي ايران > دادگاهها و دادسراي نظامي استان گلستان,2
90960,دادسراي نظامي استان گلستان,سازمان قضايي نيروهاي مسلح جمهوري اسلامي ايران > دادگاهها و دادسراي نظامي استان گلستان > دادسراي نظامي استان گلستان,3
92055,دادگاههاي تجديدنظر نظامي استان گلستان,سازمان قضايي نيروهاي مسلح جمهوري اسلامي ايران > دادگاهها و دادسراي نظامي استان گلستان > دادگاههاي تجديدنظر نظامي استان گلستان,3
90950,دادگاههاي نظامي استان گلستان,سازمان قضايي نيروهاي مسلح جمهوري اسلامي ايران > دادگاهها و دادسراي نظامي استان گلستان > دادگاههاي نظامي استان گلستان,3
90899,دادگاهها و دادسراي نظامي استان گيلان,سازمان قضايي نيروهاي مسلح جمهوري اسلامي ايران > دادگاهها و دادسراي نظامي استان گيلان,2
90907,دادسراي نظامي استان گيلان,سازمان قضايي نيروهاي مسلح جمهوري اسلامي ايران > دادگاهها و دادسراي نظامي استان گيلان > دادسراي نظامي استان گيلان,3
92045,دادگاههاي تجديدنظر نظامي استان گيلان,سازمان قضايي نيروهاي مسلح جمهوري اسلامي ايران > دادگاهها و دادسراي نظامي استان گيلان > دادگاههاي تجديدنظر نظامي استان گيلان,3
90900,دادگاههاي نظامي استان گيلان,سازمان قضايي نيروهاي مسلح جمهوري اسلامي ايران > دادگاهها و دادسراي نظامي استان گيلان > دادگاههاي نظامي استان گيلان,3
91049,دادگاهها و دادسراي نظامي استان لرستان,سازمان قضايي نيروهاي مسلح جمهوري اسلامي ايران > دادگاهها و دادسراي نظامي استان لرستان,2
91057,دادسراي نظامي استان لرستان,سازمان قضايي نيروهاي مسلح جمهوري اسلامي ايران > دادگاهها و دادسراي نظامي استان لرستان > دادسراي نظامي استان لرستان,3
92050,دادگاههاي تجديدنظر نظامي استان لرستان,سازمان قضايي نيروهاي مسلح جمهوري اسلامي ايران > دادگاهها و دادسراي نظامي استان لرستان > دادگاههاي تجديدنظر نظامي استان لرستان,3
91050,دادگاههاي نظامي استان لرستان,سازمان قضايي نيروهاي مسلح جمهوري اسلامي ايران > دادگاهها و دادسراي نظامي استان لرستان > دادگاههاي نظامي استان لرستان,3
91099,دادگاهها و دادسراي نظامي استان مازندران,سازمان قضايي نيروهاي مسلح جمهوري اسلامي ايران > دادگاهها و دادسراي نظامي استان مازندران,2
91107,دادسراي نظامي استان مازندران,سازمان قضايي نيروهاي مسلح جمهوري اسلامي ايران > دادگاهها و دادسراي نظامي استان مازندران > دادسراي نظامي استان مازندران,3
91140,دادگاهها و دادسراي نظامي ناحيه چالوس استان مازندران,سازمان قضايي نيروهاي مسلح جمهوري اسلامي ايران > دادگاهها و دادسراي نظامي استان مازندران > دادگاهها و دادسراي نظامي ناحيه چالوس استان مازندران,3
91349,دادسراي نظامي ناحيه چالوس,سازمان قضايي نيروهاي مسلح جمهوري اسلامي ايران > دادگاهها و دادسراي نظامي استان مازندران > دادگاهها و دادسراي نظامي ناحيه چالوس استان مازندران > دادسراي نظامي ناحيه چالوس,4
91350,دادگاههاي نظامي ناحيه چالوس استان مازندران,سازمان قضايي نيروهاي مسلح جمهوري اسلامي ايران > دادگاهها و دادسراي نظامي استان مازندران > دادگاهها و دادسراي نظامي ناحيه چالوس استان مازندران > دادگاههاي نظامي ناحيه چالوس استان مازندران,4
92040,دادگاههاي تجديدنظر نظامي استان مازندران,سازمان قضايي نيروهاي مسلح جمهوري اسلامي ايران > دادگاهها و دادسراي نظامي استان مازندران > دادگاههاي تجديدنظر نظامي استان مازندران,3
91100,دادگاههاي نظامي استان مازندران,سازمان قضايي نيروهاي مسلح جمهوري اسلامي ايران > دادگاهها و دادسراي نظامي استان مازندران > دادگاههاي نظامي استان مازندران,3
91199,دادگاهها و دادسراي نظامي استان مركزي,سازمان قضايي نيروهاي مسلح جمهوري اسلامي ايران > دادگاهها و دادسراي نظامي استان مركزي,2
91207,دادسراي نظامي استان مركزي,سازمان قضايي نيروهاي مسلح جمهوري اسلامي ايران > دادگاهها و دادسراي نظامي استان مركزي > دادسراي نظامي استان مركزي,3
92085,دادگاههاي تجديدنظر نظامي استان مركزي,سازمان قضايي نيروهاي مسلح جمهوري اسلامي ايران > دادگاهها و دادسراي نظامي استان مركزي > دادگاههاي تجديدنظر نظامي استان مركزي,3
91200,دادگاههاي نظامي استان مركزي,سازمان قضايي نيروهاي مسلح جمهوري اسلامي ايران > دادگاهها و دادسراي نظامي استان مركزي > دادگاههاي نظامي استان مركزي,3
91399,دادگاهها و دادسراي نظامي استان هرمزگان,سازمان قضايي نيروهاي مسلح جمهوري اسلامي ايران > دادگاهها و دادسراي نظامي استان هرمزگان,2
91407,دادسراي نظامي استان هرمزگان,سازمان قضايي نيروهاي مسلح جمهوري اسلامي ايران > دادگاهها و دادسراي نظامي استان هرمزگان > دادسراي نظامي استان هرمزگان,3
91410,دادگاهها و دادسراي نظامي ناحيه بندرلنگه استان هرمزگان,سازمان قضايي نيروهاي مسلح جمهوري اسلامي ايران > دادگاهها و دادسراي نظامي استان هرمزگان > دادگاهها و دادسراي نظامي ناحيه بندرلنگه استان هرمزگان,3
91430,دادگاههاي نظامي ناحيه بندرلنگه استان هرمزگان,سازمان قضايي نيروهاي مسلح جمهوري اسلامي ايران > دادگاهها و دادسراي نظامي استان هرمزگان > دادگاهها و دادسراي نظامي ناحيه بندرلنگه استان هرمزگان > دادگاههاي نظامي ناحيه بندرلنگه استان هرمزگان,4
91440,دادگاهها و دادسراي نظامي ناحيه جاسك استان هرمزگان,سازمان قضايي نيروهاي مسلح جمهوري اسلامي ايران > دادگاهها و دادسراي نظامي استان هرمزگان > دادگاهها و دادسراي نظامي ناحيه جاسك استان هرمزگان,3
91442,دادسراي نظامي ناحيه جاسك استان هرمزگان,سازمان قضايي نيروهاي مسلح جمهوري اسلامي ايران > دادگاهها و دادسراي نظامي استان هرمزگان > دادگاهها و دادسراي نظامي ناحيه جاسك استان هرمزگان > دادسراي نظامي ناحيه جاسك استان هرمزگان,4
91441,دادگاههاي نظامي ناحيه جاسك استان هرمزگان,سازمان قضايي نيروهاي مسلح جمهوري اسلامي ايران > دادگاهها و دادسراي نظامي استان هرمزگان > دادگاهها و دادسراي نظامي ناحيه جاسك استان هرمزگان > دادگاههاي نظامي ناحيه جاسك استان هرمزگان,4
92010,دادگاههاي تجديدنظر نظامي استان هرمزگان,سازمان قضايي نيروهاي مسلح جمهوري اسلامي ايران > دادگاهها و دادسراي نظامي استان هرمزگان > دادگاههاي تجديدنظر نظامي استان هرمزگان,3
91400,دادگاههاي نظامي استان هرمزگان,سازمان قضايي نيروهاي مسلح جمهوري اسلامي ايران > دادگاهها و دادسراي نظامي استان هرمزگان > دادگاههاي نظامي استان هرمزگان,3
91449,دادگاهها و دادسراي نظامي استان همدان,سازمان قضايي نيروهاي مسلح جمهوري اسلامي ايران > دادگاهها و دادسراي نظامي استان همدان,2
91460,دادسراي نظامي استان همدان,سازمان قضايي نيروهاي مسلح جمهوري اسلامي ايران > دادگاهها و دادسراي نظامي استان همدان > دادسراي نظامي استان همدان,3
92090,دادگاههاي تجديدنظر نظامي استان همدان,سازمان قضايي نيروهاي مسلح جمهوري اسلامي ايران > دادگاهها و دادسراي نظامي استان همدان > دادگاههاي تجديدنظر نظامي استان همدان,3
91450,دادگاههاي نظامي استان همدان,سازمان قضايي نيروهاي مسلح جمهوري اسلامي ايران > دادگاهها و دادسراي نظامي استان همدان > دادگاههاي نظامي استان همدان,3
91549,دادگاهها و دادسراي نظامي استان يزد,سازمان قضايي نيروهاي مسلح جمهوري اسلامي ايران > دادگاهها و دادسراي نظامي استان يزد,2
91557,دادسراي نظامي استان يزد,سازمان قضايي نيروهاي مسلح جمهوري اسلامي ايران > دادگاهها و دادسراي نظامي استان يزد > دادسراي نظامي استان يزد,3
92105,دادگاههاي تجديدنظر نظامي استان يزد,سازمان قضايي نيروهاي مسلح جمهوري اسلامي ايران > دادگاهها و دادسراي نظامي استان يزد > دادگاههاي تجديدنظر نظامي استان يزد,3
91550,دادگاههاي نظامي استان يزد,سازمان قضايي نيروهاي مسلح جمهوري اسلامي ايران > دادگاهها و دادسراي نظامي استان يزد > دادگاههاي نظامي استان يزد,3
00173,مركز آمار و فناوري اطلاعات و ارتباطات قوه قضاييه,مركز آمار و فناوري اطلاعات و ارتباطات قوه قضاييه,1
20200,حوزه قضايي آزمايشي جهت تست سامانه هاي مركز آمار و فناوري اطلاعات قوه قضاييه,مركز آمار و فناوري اطلاعات و ارتباطات قوه قضاييه > حوزه قضايي آزمايشي جهت تست سامانه هاي مركز آمار و فناوري اطلاعات قوه قضاييه,2
55555,شوراي حل اختلاف آزمايشي جهت تست سامانه هاي مركز آمار و فناوري اطلاعات قوه قضاييه,مركز آمار و فناوري اطلاعات و ارتباطات قوه قضاييه > حوزه قضايي آزمايشي جهت تست سامانه هاي مركز آمار و فناوري اطلاعات قوه قضاييه > شوراي حل اختلاف آزمايشي جهت تست سامانه هاي مركز آمار و فناوري اطلاعات قوه قضاييه,3
55551,مجتمع دادسراي عمومي و انقلاب آزمايشي جهت تست سامانه هاي مركز آمار و فناوري اطلاعات قوه قضاييه,مركز آمار و فناوري اطلاعات و ارتباطات قوه قضاييه > حوزه قضايي آزمايشي جهت تست سامانه هاي مركز آمار و فناوري اطلاعات قوه قضاييه > مجتمع دادسراي عمومي و انقلاب آزمايشي جهت تست سامانه هاي مركز آمار و فناوري اطلاعات قوه قضاييه,3
55572,مجتمع دادگاه عمومي و انقلاب آزمايشي جهت تست سامانه هاي مركز آمار و فناوري اطلاعات قوه قضاييه,مركز آمار و فناوري اطلاعات و ارتباطات قوه قضاييه > حوزه قضايي آزمايشي جهت تست سامانه هاي مركز آمار و فناوري اطلاعات قوه قضاييه > مجتمع دادگاه عمومي و انقلاب آزمايشي جهت تست سامانه هاي مركز آمار و فناوري اطلاعات قوه قضاييه,3
